Data balancer,Classifier description,Matthews correlation coefficient,Brier Score,Balanced Accuracy,AUC Score,H-measure,Average true positive rate,Average true negative rate,Average false positive rate,Average false negative rate,Standard Deviation of MCC,Standard Deviation of BS,Standard Deviation of BACC,Standard Deviation of AUC,Standard Deviation of H-measure,Standard Deviation of TPR,Standard Deviation of TNR,initialisation_values
None,AdaBoost,0.27622327354474735,-9999.0,0.5947876673190431,-9999.0,-9999.0,0.2190883190883191,0.970487015549767,0.02951298445023285,0.780911680911681,0.09101716251433757,0.0,0.03381277140283972,0.0,0.0,0.06774039751033588,0.01223845393547731,"[723190298, 723150417, 4133121801L]"
ClusterCentroids,AdaBoost,0.31962208748421411,-9999.0,0.7039620614196351,-9999.0,-9999.0,0.5742640075973409,0.8336601152419292,0.1663398847580709,0.42573599240265914,0.08455017668436593,0.0,0.05263532193914716,0.0,0.0,0.09230192768434153,0.02739393776610799,
EditedNearestNeighbours,AdaBoost,0.32464116291304229,-9999.0,0.6782304091981256,-9999.0,-9999.0,0.4624881291547958,0.8939726892414556,0.10602731075854449,0.5375118708452041,0.08496449431512015,0.0,0.043696208232212506,0.0,0.0,0.07212661463528862,0.024802324761896213,
InstanceHardnessThreshold,AdaBoost,0.23140363472361908,0.23559714742784443,0.6743849232451331,0.74207442668568246,0.31153664350291504,0.708641975308642,0.6401278711816245,0.35987212881837555,0.291358024691358,0.07807411088239202,0.004949893644782921,0.055533843797979314,0.06076236029424492,0.0906289233778786,0.09189063550437679,0.07584196106000618,
NearMiss,AdaBoost,0.26608581159926309,0.19624514559622097,0.6732446519635721,0.74168141766057949,0.2866492814571279,0.5319088319088319,0.8145804720183124,0.1854195279816876,0.4680911680911681,0.07257702592480673,0.0022265079042732795,0.04949790270107749,0.0491526623302472,0.07709717199081023,0.10430333928829393,0.0344382427323932,
NeighbourhoodCleaningRule,AdaBoost,0.3404303099433319,-9999.0,0.680581395374986,-9999.0,-9999.0,0.45489078822412155,0.9062720025258507,0.09372799747414948,0.5451092117758785,0.11571810727311332,0.0,0.06134466888561234,0.0,0.0,0.11274598566123796,0.026820882360427616,
OneSidedSelection,AdaBoost,0.26573293008489546,0.14788312048006214,0.6305315170237421,0.66867277260441671,0.20144549672318493,0.34083570750237413,0.9202273265451101,0.07977267345488988,0.6591642924976259,0.0767228882938513,0.00451776891297857,0.041183180481074326,0.051903620727766976,0.07516814392060739,0.08179246313418033,0.013298602888941496,
RandomUnderSampler,AdaBoost,0.28278813647186518,-9999.0,0.7007377700778916,-9999.0,-9999.0,0.6585944919278252,0.742881048227958,0.25711895177204197,0.34140550807217473,0.07257039655980997,0.0,0.049732769323505954,0.0,0.0,0.0953283713692304,0.0556673775042111,
TomekLinks,AdaBoost,0.28121408729170816,0.14657064207990703,0.6377250816819845,0.6738479618801666,0.21576197642993983,0.35327635327635326,0.9221738100876155,0.07782618991238457,0.6467236467236467,0.08206318619819801,0.00417614123200663,0.04370184943553744,0.04063866041869724,0.0700292314758174,0.08795378300445535,0.017516282947807944,
ADASYN,AdaBoost,0.3165515048916403,-9999.0,0.7167105789554284,-9999.0,-9999.0,0.6415954415954417,0.7918257163154157,0.20817428368458443,0.35840455840455837,0.06785401139651283,0.0,0.046737477662404985,0.0,0.0,0.0886703793920185,0.020343356194636057,
RandomOverSampler,AdaBoost,0.30910447251862094,0.24324636392994722,0.7118805037938356,0.78172549411163339,0.35395858162123345,0.634188034188034,0.7895729733996368,0.2104270266003631,0.3658119658119658,0.05378302940210514,0.000600540861586171,0.03768714127744827,0.05512990984016087,0.09377858919552112,0.07388060057385944,0.020113932699264543,
SMOTE,AdaBoost,0.30358780745280617,0.22643579609291078,0.7061184680554795,0.75173577336968278,0.32762778481528537,0.6239316239316239,0.7883053121793354,0.2116946878206646,0.3760683760683761,0.08635864732443972,0.0019107008847460516,0.05328042433048814,0.049958561253230636,0.08395550039043735,0.09019092898382781,0.0396494851307682,
SMOTEENN,AdaBoost,0.32146984811999058,-9999.0,0.7046710019004596,-9999.0,-9999.0,0.5743589743589744,0.8349830294419449,0.16501697055805511,0.4256410256410256,0.07972159796597927,0.0,0.05083025768568688,0.0,0.0,0.09412092456459768,0.03101700489522444,
SMOTETomek,AdaBoost,0.30358780745280617,0.22643579609291078,0.7061184680554795,0.75173577336968278,0.32762778481528537,0.6239316239316239,0.7883053121793354,0.2116946878206646,0.3760683760683761,0.08635864732443972,0.0019107008847460516,0.05328042433048814,0.049958561253230636,0.08395550039043735,0.09019092898382781,0.0396494851307682,
None,Artificial neural network,0.24278902259481855,0.11039977201420134,0.6027918428881409,0.71557577000548045,0.2444917061995608,0.26362773029439696,0.9419559554818852,0.05804404451811508,0.7363722697056032,0.0935340532049296,0.01649873105870754,0.04376148435787838,0.0618601881033407,0.07166979869017044,0.0910663408137027,0.024662059417161035,
ClusterCentroids,Artificial neural network,0.29884511246196854,0.1850181343387845,0.7018599317849457,0.76645724505539803,0.3319202131363111,0.6141500474833809,0.7895698160865103,0.21043018391348964,0.3858499525166192,0.0809800016498609,0.01180809520594895,0.051256617165575946,0.06187595357040162,0.10309768733728257,0.08834032564358149,0.04766873742594827,
EditedNearestNeighbours,Artificial neural network,0.35528683213778151,0.098720821930442557,0.670861161652858,0.77190955152435925,0.3476552563455056,0.40788224121557454,0.9338400820901415,0.0661599179098587,0.5921177587844254,0.08468870010350443,0.011909360231232041,0.045730467824903955,0.05317750354388984,0.09079399435859356,0.09116166090016907,0.01641417330286983,
InstanceHardnessThreshold,Artificial neural network,0.1909416012509105,0.30213783713846265,0.6471458271631924,0.73770857774962295,0.2936340773230015,0.7836657169990503,0.5106259373273345,0.48937406267266553,0.21633428300094965,0.053889076596039025,0.051128753021721714,0.04126991466663,0.05171992492517587,0.08391356105907308,0.06771176721927886,0.08879933000406384,
NearMiss,Artificial neural network,0.19687916682638595,0.27029619375365849,0.6418958585901519,0.73919374276308525,0.2738524931669632,0.7108262108262108,0.5729655063540925,0.4270344936459074,0.2891737891737891,0.047688020358273436,0.0505552816555336,0.02951221366259872,0.045743011366155745,0.0852574500730474,0.1648593988392804,0.14081665850705147,
NeighbourhoodCleaningRule,Artificial neural network,0.35768659543672049,0.093668949607479401,0.6600793263679049,0.7742784403862627,0.3440970206554469,0.37302943969610636,0.9471292130397032,0.05287078696029678,0.6269705603038936,0.10962131570496453,0.012208004340472974,0.05585552112654861,0.058346864022526916,0.0982285190478086,0.10969939450986575,0.016988030589216368,
OneSidedSelection,Artificial neural network,0.26179849827441548,0.11489930438168243,0.6107455958967523,0.67776573546168606,0.24800148708348457,0.2736942070275404,0.9477969847659643,0.05220301523403583,0.7263057929724596,0.09021944051690262,0.012415284141318058,0.044069526951563624,0.05337673910680416,0.0656531671441155,0.08637204782036094,0.008941555369037997,
RandomUnderSampler,Artificial neural network,0.29528412888181638,0.18449637802579819,0.7063136525232981,0.77348915708060084,0.3385911162027809,0.6434947768281102,0.7691325282184861,0.23086747178151396,0.3565052231718898,0.06713012847463613,0.011856905748419386,0.04703053673088627,0.050118717940848684,0.09240396521317633,0.09049261079244306,0.032773289934808006,
TomekLinks,Artificial neural network,0.28924397799841389,0.099988657887401799,0.6176677620564274,0.73723175150596421,0.2879092335418913,0.28138651471984805,0.9539490093930065,0.046050990606993455,0.718613485280152,0.09534318565577798,0.010017757518173177,0.0426043160405082,0.04633449567225861,0.06605404634481817,0.08127712415637485,0.01420274978461885,
ADASYN,Artificial neural network,0.29038068687580237,0.17107355696596407,0.7017498418532438,0.77802196581421457,0.34741979068722006,0.6265906932573599,0.7769089904491278,0.22309100955087222,0.37340930674264006,0.05808583612864195,0.010362757388944828,0.04247163613436299,0.05084946962924554,0.08960614041113603,0.08706002445449361,0.01930404690300868,
RandomOverSampler,Artificial neural network,0.30732729448157142,0.16831167197106944,0.7100952321198591,0.76893086945971945,0.3385832397420812,0.631908831908832,0.7882816323308864,0.21171836766911362,0.36809116809116815,0.06485662741117304,0.015303348680665265,0.04427055136795194,0.05608206953138215,0.07824669014537247,0.08313329779182041,0.03196732866606782,
SMOTE,Artificial neural network,0.29822141225391624,0.17718393317328254,0.707190915573582,0.77251086225906662,0.3387247624961997,0.6364672364672365,0.7779145946799273,0.22208540532007262,0.36353276353276354,0.0708799007581512,0.009938141215401973,0.05161185184002453,0.058276104220937076,0.10145035033294009,0.10443088502552898,0.024239975175600326,
SMOTEENN,Artificial neural network,0.33007272092421086,0.14411947283272145,0.710840684093506,0.77233564037573832,0.3434070511741931,0.58670465337132,0.8349767148156918,0.16502328518430817,0.41329534662868006,0.06513642473321561,0.013526529744682977,0.043286946872001485,0.06149898769180714,0.0942573977327306,0.08694184984435577,0.029300519214219015,
SMOTETomek,Artificial neural network,0.30094470925255806,0.17716057863485146,0.7069530938857641,0.76626038973027688,0.34253616302995193,0.6265906932573599,0.7873154945141684,0.21268450548583157,0.3734093067426401,0.07449026907601403,0.010117251988098177,0.054279474068177416,0.0616454033467314,0.09340049163799458,0.11030077641041008,0.021450814194310577,
None,Bernoulli Naive Bayes,0.36445234522304787,0.1283485702518567,0.7092385163416816,0.76358310513650307,0.343406781063182,0.5322886989553656,0.8861883337279974,0.11381166627200254,0.4677113010446344,0.07435996154568515,0.01923123072998434,0.042618278549144024,0.04957810271065583,0.08851630368335048,0.08022808659944188,0.022649690194335916,
ClusterCentroids,Bernoulli Naive Bayes,0.28285888572143819,0.18795172318233819,0.6970260066802807,0.75527774348360033,0.32231338124073045,0.6262108262108262,0.7678411871497357,0.23215881285026446,0.37378917378917376,0.07676897622714128,0.021456255043360416,0.05116018666316245,0.050464426761809504,0.09230739357362995,0.08824216237534822,0.03421297028215271,
EditedNearestNeighbours,Bernoulli Naive Bayes,0.34900813048435747,0.15196248373187754,0.7156261475899963,0.76334352263944183,0.34108932000817,0.5768281101614435,0.8544241850185493,0.14557581498145078,0.4231718898385565,0.08068917956833307,0.020716065008323476,0.04917748656738896,0.05078471409649804,0.08942930448450019,0.09010909555073952,0.024679779333389506,
InstanceHardnessThreshold,Bernoulli Naive Bayes,0.24935198713398674,0.26590634675636909,0.6883985833468823,0.75450990696945397,0.3363976989904025,0.7285849952516619,0.6482121714421027,0.3517878285578972,0.2714150047483381,0.0703948664103305,0.04245236339037295,0.05017138501585406,0.05288237735576778,0.09231939917467134,0.07001994069507277,0.0652918966764854,
NearMiss,Bernoulli Naive Bayes,0.19000810580312388,0.36345889978447798,0.6474130383989095,0.74504695828636158,0.28610930866103956,0.7500474833808167,0.5447785934170021,0.4552214065829979,0.2499525166191833,0.04649770310825584,0.0457715565609833,0.03657432922581925,0.04510611482675898,0.0856989526201235,0.11010928129419616,0.06525508043906228,
NeighbourhoodCleaningRule,Bernoulli Naive Bayes,0.35274789503480336,0.14511749769809196,0.714577685756942,0.76341368965096179,0.34395573003334395,0.5669515669515669,0.8622038045623175,0.13779619543768248,0.43304843304843305,0.08223835320368422,0.020920121303049984,0.0490685054928984,0.050762225386397665,0.09089866135541433,0.08986937024388607,0.023259935981799127,
OneSidedSelection,Bernoulli Naive Bayes,0.35257343707324995,0.13117111406779777,0.7062620178604077,0.76506010701132654,0.34624843676143213,0.5347578347578348,0.8777662009629806,0.12223379903701949,0.4652421652421653,0.07185721279925127,0.020374383470825888,0.04235788673978192,0.05203250805553542,0.08880890555159392,0.08258144905230211,0.024539781570302992,
RandomUnderSampler,Bernoulli Naive Bayes,0.26227510565675843,0.21409968171819677,0.6881252328911971,0.76296416831897129,0.3349929349783105,0.6362773029439697,0.7399731628384244,0.2600268371615755,0.3637226970560304,0.05249770215663501,0.019970271430268468,0.037434190805438965,0.0507038351154321,0.09121086327650164,0.07665470872124176,0.031600349149187267,
TomekLinks,Bernoulli Naive Bayes,0.35872608822226559,0.13137653958025589,0.7087934521283643,0.76344637818629457,0.34442907272209394,0.537226970560304,0.8803599336964244,0.11964006630357567,0.4627730294396961,0.07379085439731009,0.019728526835342666,0.04263001729485395,0.05050635382520459,0.08863202450499269,0.08036825566852958,0.023431366270097703,
ADASYN,Bernoulli Naive Bayes,0.26660421774860171,0.20411301640375848,0.6898718994409262,0.76663780108882318,0.3474670294814318,0.6313390313390314,0.748404767542821,0.25159523245717896,0.36866096866096865,0.0690616618286591,0.0184321459006115,0.048972799233405195,0.05087499757176316,0.09085905998015742,0.09046380385342763,0.02792181676345748,
RandomOverSampler,Bernoulli Naive Bayes,0.27797827282004911,0.20230244975773717,0.6963406268615837,0.76455598035359684,0.3417509909038907,0.633903133903134,0.758778119820033,0.2412218801799669,0.3660968660968661,0.07008179189034831,0.02121308064664073,0.049190343867962796,0.048572457739032376,0.08608910001970665,0.08966441585103256,0.024803069815571767,
SMOTE,Bernoulli Naive Bayes,0.28593668623829382,0.18987120293385398,0.694316388861341,0.75604103967352843,0.32812998734032084,0.5990503323836657,0.7895824453390164,0.21041755466098352,0.4009496676163342,0.06865038638215036,0.020700177496689197,0.04545058123399354,0.046343989902705586,0.08767279693066053,0.08117219717945398,0.02821436266941453,
SMOTEENN,Bernoulli Naive Bayes,0.29764057808904282,0.17588961331209099,0.6968040007924766,0.754068434087378,0.3256213778580502,0.584235517568851,0.8093724840161022,0.19062751598389768,0.4157644824311491,0.06649067862012811,0.02241895698459832,0.04243768740167982,0.0483364859822785,0.0853517602187926,0.07634914211615433,0.02897634877014583,
SMOTETomek,Bernoulli Naive Bayes,0.28593668623829382,0.18987120293385398,0.694316388861341,0.75604103967352843,0.32812998734032084,0.5990503323836657,0.7895824453390164,0.21041755466098352,0.4009496676163342,0.06865038638215036,0.020700177496689197,0.04545058123399354,0.046343989902705586,0.08767279693066053,0.08117219717945398,0.02821436266941453,
None,Decision Tree,0.25240332014323585,0.20102704669809299,0.6682368857378724,0.70235034751807979,0.19358276975129607,0.5462488129154796,0.7902249585602651,0.20977504143973483,0.4537511870845203,0.0660691808697932,0.01273780991335132,0.04761565165463528,0.05403563650045588,0.1014233599315606,0.11901294281929667,0.06687620422946039,
ClusterCentroids,Decision Tree,0.21444177573445417,0.23431239338873469,0.6335753985039643,0.6434040040757224,0.16235192173703109,0.4967711301044634,0.7703796669034652,0.22962033309653482,0.5032288698955366,0.11410985312720168,0.018685337413501188,0.07087059153851645,0.06646732053618888,0.0904722561085295,0.17536799901375474,0.14507807758723285,
EditedNearestNeighbours,Decision Tree,0.24796592138451648,0.20994498765526975,0.671236740240608,0.70068625685012131,0.20296894342756258,0.5762583095916429,0.7662151708895729,0.23378482911042706,0.423741690408357,0.07705042481851776,0.012023918386200197,0.05507247080519972,0.051840698266220765,0.08335687099539796,0.12120586618217588,0.054705088282715315,
InstanceHardnessThreshold,Decision Tree,0.16909256314099705,0.28231490074503202,0.6163194184427115,0.65187570935538408,0.15658704697809736,0.648528015194682,0.5841108216907412,0.41588917830925887,0.3514719848053181,0.10473621429753437,0.04717292880352154,0.07119010081346391,0.08408339699233769,0.09832767254118997,0.15616197526569287,0.20631393531031916,
NearMiss,Decision Tree,0.15568380389056738,0.39424494038904873,0.6175357755735055,0.61114030051594181,0.09395956100195967,0.802469135802469,0.4326024153445418,0.5673975846554582,0.19753086419753085,0.060226275721147186,0.050983305497579956,0.047050036764605487,0.059071123601312885,0.04047202178679835,0.12473261436591807,0.09270638316548538,
NeighbourhoodCleaningRule,Decision Tree,0.26878331912389136,0.20019279352456462,0.6776590951869191,0.70448966553394676,0.21979939642978494,0.5589743589743589,0.796343831399479,0.20365616860052096,0.441025641025641,0.07467391267515022,0.01413389400653825,0.04888402448126544,0.05428229624975485,0.10011375987735642,0.10822811482110967,0.06254678570923866,
OneSidedSelection,Decision Tree,0.25416981213190454,0.19747291832651373,0.6702767506390523,0.71172966788169256,0.21876496340497203,0.5512820512820512,0.7892714499960534,0.2107285500039466,0.4487179487179488,0.06980157824304524,0.015515243255073053,0.05145627354894387,0.06004046681856179,0.10211584153636515,0.12586123737560997,0.062122125281176804,
RandomUnderSampler,Decision Tree,0.24856280012429843,0.22133539218318385,0.6656362446953654,0.68603789135559601,0.1993332168335694,0.5391263057929725,0.7921461835977583,0.20785381640224168,0.46087369420702745,0.07734557392237232,0.01865402014093935,0.049465133342234874,0.05358311624564788,0.08355443459391437,0.09793813052538552,0.047910643070918635,
TomekLinks,Decision Tree,0.23234219046142893,0.20300586842655025,0.6603869552594787,0.69818369490640386,0.20734105272489872,0.5565052231718899,0.7642686873470675,0.2357313126529324,0.44349477682811006,0.09265770303022858,0.008646189206935507,0.065304102316189,0.05708290369812966,0.06690179324278864,0.11566819018166843,0.04609525443608792,
ADASYN,Decision Tree,0.27979178507286867,0.17365481671376765,0.6645556475314152,0.66930212135911094,0.19007850104013754,0.4773029439696106,0.85180835109322,0.14819164890678033,0.5226970560303894,0.11116632563362452,0.014590968593494937,0.06630121523478409,0.07201440156578144,0.11423152570266688,0.13648524393784806,0.06295840051930954,
RandomOverSampler,Decision Tree,0.26086157099838825,0.20179537536506276,0.6792206114078401,0.69933039325414403,0.2049837299044642,0.5864197530864198,0.7720214697292603,0.2279785302707396,0.4135802469135802,0.07718242683346413,0.013708152418197504,0.050887177413802,0.04900982507789913,0.08305401475276257,0.11208290862660465,0.051776281037490414,
SMOTE,Decision Tree,0.27974876118908898,0.18432830771545083,0.6672147528379274,0.68335124726236884,0.18671580942384705,0.4790123456790123,0.8554171599968429,0.14458284000315733,0.5209876543209877,0.08625229176755211,0.017698139686909763,0.055717481319705,0.06409505807013653,0.09772747847291893,0.13099885975432857,0.054686384032726874,
SMOTEENN,Decision Tree,0.20764402441123939,0.19329304386260854,0.6364077512487014,0.66340476641842172,0.17114156511981182,0.4890788224121558,0.7837366800852476,0.2162633199147526,0.5109211775878442,0.09097478274843131,0.010891224131641999,0.061016141034205766,0.06329561036270497,0.05134766664090441,0.12301586834028697,0.07420135844866085,
SMOTETomek,Decision Tree,0.25466202820049416,0.19628379149445091,0.6665284127822608,0.68987202537364356,0.18989911326167122,0.5538461538461539,0.7792106717183676,0.2207893282816323,0.4461538461538462,0.09334644860867346,0.014520677705107569,0.05041956569046709,0.062456292719856664,0.08238160870362488,0.11218730282244917,0.0869422794217552,
None,Extreme Learning Machine,0.25549745225061249,0.098229397239568195,0.5916081945318665,0.70466731162208307,0.26387003983770424,0.21661918328584998,0.966597205777883,0.03340279422211698,0.78338081671415,0.06741253958970998,0.007779542009602793,0.029857137513467653,0.060601390375209695,0.08295713430392716,0.0632077819891847,0.009383643237011038,
ClusterCentroids,Extreme Learning Machine,0.26259252260097343,0.19322105232141903,0.6855715939866228,0.72987640828196521,0.28336314421636,0.6191832858499525,0.7519599021232931,0.24804009787670692,0.3808167141500475,0.06524204656956921,0.016075260363203798,0.044380702403794346,0.053402848604797534,0.09169950463374203,0.07549170652095079,0.03458809849200961,
EditedNearestNeighbours,Extreme Learning Machine,0.29796281289632925,0.11005466660899929,0.64524208203662,0.72811199196549259,0.2905143716752395,0.3679962013295347,0.9224879627437051,0.0775120372562949,0.6320037986704654,0.10740582063680755,0.011434109563789263,0.049465520105393755,0.04512283038199641,0.0759085010736837,0.09185352887571595,0.02147286719139351,
InstanceHardnessThreshold,Extreme Learning Machine,0.15220314644834379,0.29443803721747919,0.6177484894258121,0.69299911239922296,0.22374276115207525,0.726400759734093,0.5090962191175309,0.490903780882469,0.27359924026590693,0.048736781275437194,0.031667917569059845,0.03767861839326958,0.04842063958096521,0.07087904049774449,0.05981654702658711,0.08237918620311462,
NearMiss,Extreme Learning Machine,0.16633063789549768,0.34265034024787611,0.6285417710952481,0.6740214454422363,0.1552812898047675,0.7882241215574549,0.46885942063304137,0.5311405793669587,0.2117758784425451,0.040762660727729126,0.036206161924384875,0.03139438583163921,0.052262938059683274,0.07143433766485632,0.07724015173749771,0.04811162998565852,
NeighbourhoodCleaningRule,Extreme Learning Machine,0.32296355889206507,0.10336863145197316,0.6484647992193971,0.75590885754513515,0.3215550778217863,0.3582146248812915,0.9387149735575026,0.06128502644249743,0.6417853751187084,0.08456060501813666,0.011104775464025027,0.04503919335565055,0.04898221044795018,0.07984614316807799,0.09080808947154544,0.015754361658854365,
OneSidedSelection,Extreme Learning Machine,0.27474678751553239,0.10151171389299327,0.6063295020552893,0.70568091707802827,0.2671959225257813,0.2538461538461538,0.9588128502644248,0.041187149735575024,0.7461538461538463,0.09329181415826777,0.009681121304901667,0.04434133943508342,0.044197445072557295,0.07068398261445215,0.08916392786254679,0.016450567947085177,
RandomUnderSampler,Extreme Learning Machine,0.3071090041869779,0.1843714135855353,0.7126339862270085,0.76606044230718617,0.33551935819023826,0.6460588793922127,0.7792090930618044,0.2207909069381956,0.35394112060778726,0.06970043435892778,0.013605490114683223,0.04806591264538612,0.04992672226125631,0.09743329744838482,0.0922872702408131,0.029823336608218606,
TomekLinks,Extreme Learning Machine,0.27820902661858693,0.099359482695046075,0.6066509475649896,0.7031741476322737,0.2709245373851324,0.2515669515669516,0.9617349435630281,0.03826505643697213,0.7484330484330484,0.07530721739094294,0.008768536464417057,0.03728105539088012,0.06624881984445069,0.08479936568830077,0.07774837774732735,0.009554253848158957,
ADASYN,Extreme Learning Machine,0.30199264882401172,0.16450918544934309,0.6999997481345654,0.76344408216300219,0.3082858952540121,0.5919278252611585,0.8080716710079724,0.19192832899202777,0.40807217473884144,0.06337486508087259,0.010729673527527635,0.04033119841657337,0.03700954493549051,0.06812365505668772,0.0741723846603888,0.032193003614546474,
RandomOverSampler,Extreme Learning Machine,0.28727863784527286,0.18187363736791365,0.698537889668997,0.74986047329562999,0.3132454721051846,0.6191832858499525,0.7778924934880417,0.22210750651195835,0.38081671415004753,0.06156650811000632,0.009757817195450465,0.04213323604468411,0.04971060646763736,0.07690391745181253,0.07743780979176125,0.02784608792964467,
SMOTE,Extreme Learning Machine,0.19283033936100163,0.2112806263289411,0.6445169209720476,0.69420215889155812,0.21766553290146856,0.6239316239316239,0.6651022180124715,0.3348977819875286,0.3760683760683761,0.04359005079625008,0.012279930058965216,0.03234778348322808,0.05317304961390213,0.07856213691847434,0.08412200559217489,0.05051328262947746,
SMOTEENN,Extreme Learning Machine,0.2204552948009898,0.17334354294284776,0.6507848644165637,0.70254297510197738,0.2300071790839243,0.5268755935422603,0.7746941352908675,0.22530586470913253,0.47312440645773973,0.055426996850595794,0.01452806710155036,0.04073394105266784,0.05850304635313448,0.09548763160365224,0.10227201559117778,0.04356082572617327,
SMOTETomek,Extreme Learning Machine,0.19283033936100163,0.2112806263289411,0.6445169209720476,0.69420215889155812,0.21766553290146856,0.6239316239316239,0.6651022180124715,0.3348977819875286,0.3760683760683761,0.04359005079625008,0.012279930058965216,0.03234778348322808,0.05317304961390213,0.07856213691847434,0.08412200559217489,0.05051328262947746,
None,Gaussian Naive Bayes,0.1211579123434572,0.61070339161272191,0.5819052608167771,0.752324252460017,0.3266297018955731,0.9053181386514721,0.2584923829820822,0.7415076170179178,0.09468186134852802,0.045334244338530436,0.06433818290330856,0.03235408048056941,0.048211282899324956,0.08827323534786545,0.04754184435050056,0.07020253070250379,
ClusterCentroids,Gaussian Naive Bayes,0.085018781232998941,0.71417651275989713,0.5463394349983661,0.73018097880754762,0.2792661758141183,0.9451092117758786,0.14756965822085405,0.8524303417791459,0.054890788224121544,0.035998559250512784,0.042311012565152066,0.02044723496562794,0.03903407135133702,0.0728721504003095,0.030467314555259695,0.03200196250686995,
EditedNearestNeighbours,Gaussian Naive Bayes,0.14247071921348603,0.56242413779044287,0.6021155954402462,0.75073662768824179,0.31985400895434896,0.8928774928774931,0.31135369800299945,0.6886463019970005,0.10712250712250712,0.05306223723467246,0.07650472475153851,0.03982463234576866,0.04863641195055439,0.09015587532737238,0.05335120762806776,0.0786447863971537,
InstanceHardnessThreshold,Gaussian Naive Bayes,0.18982659207723043,0.41266029437051899,0.6269272686835241,0.73001336910722037,0.27705342065048844,0.7000949667616333,0.5537595706054148,0.44624042939458525,0.29990503323836654,0.09255856386479869,0.22561915598858667,0.06647120139991859,0.04112139157944039,0.07620285507702325,0.18053918225625046,0.2913472529211798,
NearMiss,Gaussian Naive Bayes,0.082986208575574857,0.30924576584561497,0.5571362135495057,0.64772732148531331,0.12412397951702554,0.38537511870845204,0.7288973083905598,0.2711026916094404,0.6146248812915479,0.07177376543681531,0.06301949267992772,0.04716776272514884,0.04967172835852523,0.0502431035257919,0.11921964008945775,0.07932231021425466,
NeighbourhoodCleaningRule,Gaussian Naive Bayes,0.13672927618659261,0.57576668452012814,0.5968745141189691,0.75236369863491193,0.3227319111795438,0.8953466286799622,0.2984023995579762,0.7015976004420238,0.10465337132003799,0.05238215179500707,0.07316651388444877,0.0393953278139765,0.04780348203291583,0.08904902616966312,0.052240869439322796,0.07887936110048815,
OneSidedSelection,Gaussian Naive Bayes,0.12190905746148913,0.60509854212960268,0.5827766207709376,0.75177448868505781,0.3216038105367747,0.902849002849003,0.2627042386928723,0.7372957613071276,0.09715099715099715,0.0424639313411511,0.06663188923528084,0.03020630040150945,0.0482272216970854,0.08505190382923218,0.04539729075322249,0.07041631903976313,
RandomUnderSampler,Gaussian Naive Bayes,0.16211007566831803,0.53856525332207583,0.5943327421242015,0.75203241013407562,0.309643032637133,0.8255460588793923,0.36311942536901104,0.6368805746309891,0.17445394112060778,0.12129818864764974,0.254746157242346,0.08156819469683807,0.05093514347713377,0.09261757403779214,0.2088488587824783,0.3351073521674371,
TomekLinks,Gaussian Naive Bayes,0.12424776649741291,0.60028197676472062,0.5848857059394592,0.75151121284675626,0.32246162923378985,0.902849002849003,0.26692240902991554,0.7330775909700845,0.09715099715099715,0.043921123280584916,0.0671799230926258,0.03150506316590317,0.048597697672683675,0.08861516632093869,0.04539729075322249,0.07030364590821588,
ADASYN,Gaussian Naive Bayes,0.22742654874332532,0.34643009058016222,0.6582391345363956,0.7477926490824115,0.3004096952912739,0.7207027540360873,0.5957755150367038,0.4042244849632963,0.2792972459639127,0.10098703205698203,0.1929916771269899,0.07271322478329924,0.05020168734304099,0.08889331017284334,0.14365159684188733,0.2651406769471011,
RandomOverSampler,Gaussian Naive Bayes,0.090046680608213109,0.70962060374293523,0.5482054655249067,0.75167994694634521,0.32616092963601323,0.9475783475783478,0.1488325834714658,0.8511674165285341,0.05242165242165242,0.034475576259303566,0.03763405777438171,0.019161746332243407,0.04772358287232809,0.09149340197422923,0.04115206857041091,0.03491283724976659,
SMOTE,Gaussian Naive Bayes,0.09330779180227379,0.7052785751139049,0.5547964376332835,0.73364841474321296,0.2966725899497799,0.9227920227920227,0.18680085247454417,0.8131991475254557,0.0772079772079772,0.03215860910830527,0.03775697769672155,0.01893330476418825,0.03753697036058763,0.07025385232918568,0.050113844037340455,0.040820628208792085,
SMOTEENN,Gaussian Naive Bayes,0.10496294033178501,0.62942115910972585,0.5697989821488124,0.74024987299910339,0.3074762111211091,0.8905033238366572,0.2490946404609677,0.7509053595390323,0.10949667616334283,0.0400337171110039,0.06617995747497034,0.029569429381936675,0.04693555443027956,0.08080186661865665,0.048421502077867606,0.06950244370836123,
SMOTETomek,Gaussian Naive Bayes,0.09330779180227379,0.7052785751139049,0.5547964376332835,0.73364841474321296,0.2966725899497799,0.9227920227920227,0.18680085247454417,0.8131991475254557,0.0772079772079772,0.03215860910830527,0.03775697769672155,0.01893330476418825,0.03753697036058763,0.07025385232918568,0.050113844037340455,0.040820628208792085,
None,K-nearest neighbours,0.15813926349746657,0.11361029117246628,0.5471092054792426,0.64658985220671228,0.15310424207798828,0.11918328584995254,0.9750351251085326,0.02496487489146736,0.8808167141500474,0.08031728790918657,0.009073832083744541,0.023669145927596117,0.0378021248894723,0.05113633638691974,0.049350745732751215,0.009191391326771513,
ClusterCentroids,K-nearest neighbours,0.26461378903772648,0.20962820790700187,0.6817921192654793,0.72316393583817995,0.27346284915936875,0.5863247863247864,0.7772594522061725,0.2227405477938275,0.41367521367521365,0.07113181878779808,0.0036745952255079675,0.04695612515112412,0.04882683183806102,0.08536931917515746,0.08707235098032572,0.03083590151935759,
EditedNearestNeighbours,K-nearest neighbours,0.2437101967965927,0.11237729031365262,0.6057322009283491,0.68211088645613871,0.17972161742849613,0.2734093067426401,0.9380550951140579,0.06194490488594207,0.7265906932573599,0.0817209835899075,0.0110074513826381,0.03693361000539019,0.052545418972234366,0.06842240696319572,0.06921076991147242,0.02183546284731786,
InstanceHardnessThreshold,K-nearest neighbours,0.29970967472593718,0.18242248842944817,0.67989974406424,0.71153513781424427,0.2704109713852389,0.4969610636277303,0.8628384245007499,0.13716157549925015,0.5030389363722698,0.09118443524969978,0.010942122364543918,0.059656106412504656,0.0649166566873822,0.0938109015367469,0.12571483110934287,0.02674773723949483,
NearMiss,K-nearest neighbours,0.24128262337535952,0.18467068112265334,0.66130047793715,0.71440179148285554,0.24315236356057485,0.5294396961063629,0.7931612597679375,0.2068387402320625,0.4705603038936372,0.07342811900499902,0.012641242599512001,0.04924033556592471,0.043391263945784575,0.07078879228492324,0.09496723646604939,0.0346048106903365,
NeighbourhoodCleaningRule,K-nearest neighbours,0.18414520995413325,0.16059550884176355,0.5961791271468436,0.66263383105991047,0.16218785404178557,0.2983855650522317,0.8939726892414556,0.10602731075854448,0.7016144349477683,0.09229492990590067,0.02023234410513764,0.049874522905498646,0.050385703900130197,0.0664474434994821,0.09565590411847939,0.022117850357384033,
OneSidedSelection,K-nearest neighbours,0.20814047204563157,0.11456755324578216,0.5699801363626449,0.64470184866980196,0.16235855378464337,0.1714150047483381,0.9685452679769514,0.03145473202304839,0.828584995251662,0.08326423387890959,0.010081863958242454,0.029714066634187332,0.0504314535924437,0.060086639169063816,0.05883418906306972,0.009544295686979998,
RandomUnderSampler,K-nearest neighbours,0.26534711489304585,0.2103416211631407,0.6822588011790001,0.71163901431562648,0.23691380931028572,0.5840455840455839,0.7804720183124161,0.21952798168758392,0.415954415954416,0.07894734112075344,0.016045445891392472,0.054515819467533,0.05468267874058353,0.09984352249958002,0.09828027527441788,0.02138962784494111,
TomekLinks,K-nearest neighbours,0.19165802325870104,0.1120731245192903,0.5588816612504354,0.65625288324080655,0.16640041950188636,0.14434947768281103,0.9734138448180597,0.02658615518194017,0.8556505223171892,0.07773458233365274,0.010924648831535263,0.027819872448682084,0.04592468005774629,0.05888997326382571,0.05441935189909606,0.009534701947670943,
ADASYN,K-nearest neighbours,0.33038964315506386,0.1345760739268487,0.6684826546796709,0.72875920742445333,0.2851675173214494,0.4173789173789173,0.9195863919804247,0.08041360801957534,0.5826210826210827,0.08408951054995295,0.005480722243451839,0.0495042991509508,0.047740982809153315,0.08772664368657815,0.09965131591801951,0.012268705572009955,
RandomOverSampler,K-nearest neighbours,0.31053879273084278,0.15423564006309423,0.6916595570901357,0.74001386609169395,0.3112422531933254,0.5318138651471984,0.8515052490330728,0.14849475096692713,0.4681861348528015,0.07960554820142839,0.006854426820492998,0.051539463281189656,0.054976095225921985,0.09659867332163258,0.10264277170063585,0.021677508943293296,
SMOTE,K-nearest neighbours,0.23207781957459078,0.1989746258543062,0.6692819721243431,0.72118296247272473,0.22501744665692236,0.6238366571699905,0.7147272870786961,0.28527271292130396,0.3761633428300095,0.0593459104446249,0.01277077477923116,0.04504822385420482,0.044275933383828306,0.06804065393646391,0.10331379832248963,0.04380961693558757,
SMOTEENN,K-nearest neighbours,0.29430992521836141,0.15691590509104625,0.6852873683412796,0.73822047175745176,0.30192101324993526,0.5342830009496676,0.8362917357328914,0.16370826426710872,0.4657169990503324,0.08685787766113895,0.013597357190305031,0.05623043802492097,0.05480580574163924,0.09859393538742241,0.10839506339243503,0.03436580928078555,
SMOTETomek,K-nearest neighbours,0.23207781957459078,0.1989746258543062,0.6692819721243431,0.72118296247272473,0.22501744665692236,0.6238366571699905,0.7147272870786961,0.28527271292130396,0.3761633428300095,0.0593459104446249,0.01277077477923116,0.04504822385420482,0.044275933383828306,0.06804065393646391,0.10331379832248963,0.04380961693558757,
None,Logistic regression,0.29791140339349309,0.17410810737233318,0.7069021451064231,0.77756781645486361,0.3418568757731006,0.6365622032288699,0.7772420869839767,0.2227579130160234,0.36343779677113014,0.053868476381775915,0.009612217611704924,0.03789735141483698,0.04974537511380702,0.08879034500138944,0.0734244777429936,0.021028465344831,
ClusterCentroids,Logistic regression,0.26981299332064151,0.22466645104614044,0.6865280867064748,0.75488422623003082,0.3251241474283809,0.5990503323836657,0.774005841029284,0.225994158970716,0.40094966761633427,0.06907544749816964,0.002336842684838552,0.047049971494564156,0.05475062693740166,0.1012304484718031,0.08662228545008145,0.030817480945417062,
EditedNearestNeighbours,Logistic regression,0.26726809317141031,0.20221870593314256,0.68967208244815,0.76592351971150607,0.3431443232560856,0.6264007597340931,0.7529434051622068,0.24705659483779308,0.3735992402659069,0.06019947648759287,0.005296814859810568,0.04316265822579394,0.054866731573403715,0.0920330084719956,0.08405035907478847,0.025380522434515704,
InstanceHardnessThreshold,Logistic regression,0.22796616949926124,0.23741191395419162,0.6727518030304359,0.74521073153640827,0.3175446034764982,0.7086419753086418,0.63686163075223,0.36313836924777015,0.2913580246913581,0.06841998749987502,0.0056300637098519405,0.049556932205450245,0.05936690637886605,0.08858918787103759,0.09703474881112312,0.06887896456945972,
NearMiss,Logistic regression,0.21047287992540473,0.23604822498722375,0.6619782500704436,0.7423137573173092,0.28692185588018637,0.7056030389363723,0.618353461204515,0.381646538795485,0.2943969610636277,0.04640642167736116,0.004321531910278314,0.03633371177242039,0.047962420105432536,0.07289972399741203,0.0939374416777781,0.044738069279378935,
NeighbourhoodCleaningRule,Logistic regression,0.26451738901855448,0.20237719559342154,0.6882126144554118,0.76886484023748203,0.34742260921115004,0.626400759734093,0.7500244691767307,0.24997553082326943,0.3735992402659069,0.06074460216032438,0.005303917861488297,0.04381992468253695,0.055712405147144387,0.09417158115349138,0.08725342231450879,0.02645392425072236,
OneSidedSelection,Logistic regression,0.28975970264121659,0.17691333554576028,0.7034829571430723,0.77625634414173361,0.3373947840108308,0.6391263057929725,0.7678396084931723,0.23216039150682774,0.3608736942070276,0.05129204220974966,0.009981841411845402,0.037870490802389495,0.048551546894946895,0.09112433062406632,0.07823382342979938,0.01822966105271522,
RandomUnderSampler,Logistic regression,0.29850540606263898,0.18923584462007736,0.7132151567221422,0.77443688398380961,0.33859514102752447,0.6735042735042734,0.7529260399400111,0.247073960059989,0.3264957264957265,0.05815121495089089,0.015268059862831019,0.04237415055095405,0.052435181305917844,0.09584497751009101,0.08470726383634748,0.020227696471980375,
TomekLinks,Logistic regression,0.28684248827332015,0.17682474007295765,0.701552867341801,0.77458907142386502,0.3389061652919686,0.6365622032288698,0.766543531454732,0.23345646854526797,0.36343779677113014,0.05062140531219126,0.009888776959301945,0.037298888852395316,0.04754807993183306,0.0915874369726779,0.07707042738187264,0.019756949392101014,
ADASYN,Logistic regression,0.30074913912002471,0.17210453653144364,0.7079361066865999,0.77574541711726974,0.3408843022944063,0.6340930674264008,0.7817791459467993,0.2182208540532008,0.3659069325735993,0.06110149734219247,0.009758802505751615,0.043229034253124646,0.05063045909106057,0.08951431909693378,0.08485193793931738,0.020424890568608797,
RandomOverSampler,Logistic regression,0.29579976427815535,0.17419765496202361,0.7060246594250856,0.77628476895506637,0.3348234220183528,0.6367521367521367,0.7752971820980346,0.22470281790196547,0.36324786324786323,0.052705153910157995,0.009532287402204753,0.038019802461563904,0.04942898030940968,0.08603716322676301,0.07619329528287919,0.01955030850979845,
SMOTE,Logistic regression,0.28829025686955595,0.19088762684915084,0.7004236466561825,0.76910076169054797,0.347162480038878,0.6264957264957265,0.774351566816639,0.22564843318336097,0.37350427350427345,0.07061605876454974,0.006569130244763474,0.05032720590932048,0.05691462894522004,0.09575245650817288,0.09977097878070453,0.028584869396496047,
SMOTEENN,Logistic regression,0.30556110734398156,0.16483805295743245,0.7091086842077449,0.76981091877137331,0.3260809585901221,0.6289648622981956,0.7892525061172944,0.21074749388270583,0.37103513770180435,0.055122741707875414,0.011968520754514324,0.039685998620551464,0.04844033413260724,0.08552285004353363,0.08238967276144783,0.0264445861740021,
SMOTETomek,Logistic regression,0.28921506401820518,0.18889082668587104,0.6996388789379554,0.76825001422365058,0.3455696026535631,0.6190883190883192,0.7801894387875917,0.21981056121240825,0.3809116809116809,0.07162341818338086,0.006604157308590859,0.05087225397844026,0.0563859543368279,0.09644199772636335,0.10153914367677006,0.028499232687216183,
None,Random forest,0.31313833272628011,0.15390474270813131,0.682693001446652,0.76198851358690334,0.3297915587349301,0.4895536562203228,0.8758323466729813,0.1241676533270187,0.5104463437796771,0.08772028058301559,0.006242018134451814,0.056542818366691845,0.05846023481568044,0.1031931637615376,0.1164003533528136,0.024981315796887026,
ClusterCentroids,Random forest,0.11035193713640726,0.33160525572473232,0.5810231561032728,0.67635336405641866,0.2099694728231264,0.8104463437796772,0.3515999684268687,0.6484000315731312,0.1895536562203229,0.07671293852703644,0.04450495467371796,0.058269099464618765,0.05585841968693565,0.05585398936126293,0.11673667253753935,0.1394109597609249,
EditedNearestNeighbours,Random forest,0.3107308111390234,0.1658161809267607,0.6933071843041059,0.7614690366304544,0.3239919481261731,0.5393162393162393,0.8472981292919726,0.15270187070802746,0.4606837606837607,0.08188738300446,0.0076291322831299755,0.052582244165043764,0.05766400658608548,0.10036853204792381,0.10461027407876633,0.02313430431050266,
InstanceHardnessThreshold,Random forest,0.20758771162115602,0.2531117755960921,0.6599889471552586,0.72648441279035636,0.2869387154609972,0.7460588793922127,0.5739190149183045,0.42608098508169545,0.25394112060778723,0.05560275308788314,0.020051874443410878,0.04080887287848072,0.05561466617982034,0.08722985587372037,0.07127152647730216,0.07303398156543373,
NearMiss,Random forest,0.16912665779396269,0.35208598330999163,0.6273161983881061,0.6975492931014281,0.19768915928778522,0.8502374169040834,0.40439497987212886,0.5956050201278712,0.14976258309591642,0.04608208785454292,0.03579727313692908,0.036317768409953856,0.054551025611277,0.08696884614909002,0.078007318921409,0.06296317652551259,
NeighbourhoodCleaningRule,Random forest,0.31859285888623901,0.15976423232957832,0.6941094499236421,0.76506635867122097,0.3267098701873422,0.5292497625830959,0.8589691372641882,0.14103086273581183,0.4707502374169041,0.08123426677099271,0.007928588854936282,0.052914588914435866,0.05407730273905461,0.09407509234993523,0.10734210315406649,0.0217596436214225,
OneSidedSelection,Random forest,0.3159610520180331,0.15564738092476829,0.6860582654702159,0.76500940110222604,0.32700887979220095,0.49952516619183285,0.8725913647485989,0.1274086352514011,0.5004748338081672,0.07541773900493035,0.006051979750849738,0.05142581045648282,0.05430884473329503,0.09726236701199788,0.11124698472240227,0.024939360170717715,
RandomUnderSampler,Random forest,0.27652265413031618,0.19225297077786951,0.6938886741286298,0.74717324001718988,0.30059443247792766,0.626400759734093,0.7613765885231668,0.23862341147683322,0.3735992402659069,0.05818028610857537,0.011811015333510406,0.04080954342506585,0.05342059799293518,0.08761979418469168,0.08379405545301323,0.038406321273817635,
TomekLinks,Random forest,0.31285602502174731,0.15349558199913141,0.6837734614338923,0.75978317984159005,0.31748949145345456,0.4943019943019943,0.8732449285657906,0.1267550714342095,0.5056980056980057,0.0772055900138203,0.006245841677844668,0.05054651099857955,0.05418201534856222,0.08967983305594697,0.10519085422912913,0.021612186348971985,
ADASYN,Random forest,0.33400275543626223,0.16170345116314361,0.6804132617046027,0.72447859245001878,0.2997051190547081,0.4597340930674264,0.9010924303417792,0.09890756965822085,0.5402659069325736,0.07958545879402174,0.005880419122345905,0.04267109285215959,0.06293981708947516,0.1041063470071063,0.08722240821087741,0.026709357341369633,
RandomOverSampler,Random forest,0.27379311632252284,0.17317752896589839,0.6761572800691908,0.73354671957639839,0.28267086185119444,0.5270655270655271,0.8252490330728549,0.174750966927145,0.47293447293447294,0.07922449938981144,0.006965075282764148,0.053098806441414105,0.05484962535311121,0.08157883343010404,0.10418550612502929,0.02227436603028061,
SMOTE,Random forest,0.34153990597651401,0.13322776274059867,0.6838783476458116,0.76574114215127709,0.32921406453638474,0.462108262108262,0.905648433183361,0.09435156681663903,0.5378917378917379,0.09836588562539936,0.007441846944123783,0.06226826177754735,0.05603650539899168,0.10071763496310776,0.12987807922358335,0.025890971893912266,
SMOTEENN,Random forest,0.32938548066850726,0.12677334645781224,0.6798415406608634,0.76795044277718516,0.33177588086761844,0.4595441595441595,0.9001389217775674,0.0998610782224327,0.5404558404558405,0.08849796051639165,0.007805772925244596,0.05545108614596956,0.05857697576048663,0.10076790836229572,0.11541075759332814,0.023853528148522516,
SMOTETomek,Random forest,0.33476168911100479,0.13344822676036194,0.6812543146010666,0.76457469935250344,0.32494650823018456,0.45944919278252605,0.9030594364196067,0.09694056358039307,0.5405508072174741,0.0946366780353624,0.007780886284023849,0.05876932790529957,0.058540638931568884,0.0965731918386938,0.12362272434023966,0.025538979038197768,
None,SVM (RBF),0.31662115811220243,0.099750180427093105,0.6516753863829404,0.75286746773367641,0.32362589621857013,0.4566951566951566,0.8466556160707238,0.15334438392927618,0.5433048433048433,0.10002432900545115,0.0012898407549886172,0.033386457321585586,0.054089225700634944,0.0965465033660289,0.2225973894988575,0.20118540467344595,
ClusterCentroids,SVM (RBF),0.278611401277292,0.25230619070497673,0.6884274016999566,0.40044387459889863,0.2565401201973408,0.5840455840455839,0.7928092193543296,0.20719078064567056,0.41595441595441596,0.0742011866972038,0.007895281311239151,0.04884974464539882,0.206733997567522,0.11115524084385245,0.08647869586487106,0.024813857975482818,
EditedNearestNeighbours,SVM (RBF),0.34198517272663387,0.093118176033532701,0.7142717187274769,0.77022505975619859,0.35008959428002734,0.5792972459639125,0.8492461914910412,0.15075380850895886,0.42070275403608737,0.06593979491712364,0.011149056063912945,0.045456202973738126,0.058467343397638954,0.09679825318917877,0.09299811361605771,0.017842124258208955,
InstanceHardnessThreshold,SVM (RBF),0.2938497564485219,0.2448790269894042,0.6845342749502508,0.64787712295013578,0.23701893965991505,0.5542260208926877,0.8148425290078144,0.18515747099218566,0.4457739791073125,0.07751045848732795,0.007191018546829655,0.06111718560689214,0.14466754429538578,0.13509213638396192,0.1622335286658039,0.0716631440925021,
NearMiss,SVM (RBF),0.24190226608206053,0.22318852056969496,0.6683250971087422,0.74208779804170133,0.2864440276581559,0.5739791073124407,0.7626710869050438,0.23732891309495624,0.4260208926875594,0.06371816985673658,0.0177317866015659,0.044435169211924704,0.04932985963756297,0.07722251457784877,0.08912487647356465,0.038562099956585015,
NeighbourhoodCleaningRule,SVM (RBF),0.29603354627774725,0.090167182445491115,0.6964732722424728,0.75681833013666622,0.3286543043942757,0.584235517568851,0.8087110269160943,0.1912889730839056,0.4157644824311491,0.06890293577728285,0.006902114239545284,0.045964285978412345,0.05360855817868315,0.09519372321130105,0.0864597133747976,0.02441679359311618,
OneSidedSelection,SVM (RBF),0.32059599844660985,0.087007677154565297,0.7074999994378004,0.77501744055694621,0.3464553213087532,0.586514719848053,0.8284852790275476,0.17151472097245243,0.4134852801519468,0.06647550692855747,0.0061276960493152075,0.04498278240190964,0.048553595102804284,0.08379620441501938,0.08944608682448021,0.022161881424575935,
RandomUnderSampler,SVM (RBF),0.29758842640638694,0.19467860587974287,0.7051442413104738,0.76009509269435072,0.3266816144285434,0.6310541310541311,0.7792343515668168,0.2207656484331834,0.36894586894586895,0.049748712215157954,0.011247560061725007,0.03869651591257234,0.05092747367808841,0.0888994792145669,0.10688001690695632,0.04734203038295019,
TomekLinks,SVM (RBF),0.22731125690587103,0.099582788573265704,0.6344156598233479,0.75309508662259461,0.3234060402375228,0.6425451092117759,0.6262862104349198,0.3737137895650802,0.3574548907882241,0.09387965797817056,0.0011857184526483484,0.03792817224713625,0.05351955903980208,0.0968876146644309,0.2608015170890374,0.2634604771121115,
ADASYN,SVM (RBF),0.35014642937679014,0.17778872539830051,0.7152645182994856,0.77181164783185463,0.35130864264767275,0.5718898385565052,0.8586391980424659,0.14136080195753414,0.42811016144349473,0.0756447104955767,0.01061117108798193,0.04775844080658903,0.05537265637406351,0.09382231523896316,0.09012470766081092,0.017244641957715825,
RandomOverSampler,SVM (RBF),0.28863492151415343,0.23095237525284676,0.6951948527700363,0.7549590437568966,0.32130642008285976,0.5965811965811966,0.793808508958876,0.20619149104112405,0.40341880341880343,0.06668250249713716,0.0220486709233626,0.04450631496395113,0.05192671669529462,0.093442076699493,0.08189119922517304,0.028111556617982553,
SMOTE,SVM (RBF),0.26912156846119362,0.25098143070028128,0.6874865066466614,0.35837033393983425,0.17908512967716705,0.6064577397910731,0.7685152735022495,0.23148472649775045,0.3935422602089268,0.06442148390443474,0.006592135801260483,0.04429203119501809,0.12250419085228335,0.15244395829759277,0.08521403029315974,0.028287123786638058,
SMOTEENN,SVM (RBF),0.28260159992088718,0.15560180740740445,0.6920193266242678,0.75137576771170578,0.321772043655176,0.5941120607787275,0.7899265924698082,0.21007340753019182,0.40588793922127253,0.060599038581869914,0.014346209958600052,0.0407404197443238,0.05271645335859234,0.09295712231686475,0.07797193321694383,0.027479147197349976,
SMOTETomek,SVM (RBF),0.28047681550641496,0.18535077623437909,0.689932167241347,0.75088177863771832,0.31891282584115915,0.58670465337132,0.7931596811113741,0.20684031888862578,0.41329534662867995,0.05856114986166713,0.013731488143210098,0.04032104571397546,0.05226311903443937,0.09487377641820391,0.08065054677874442,0.024298741411058814,
