C,cache_size,class_weight,decision_function_shape,kernel,Data balancer,Average true rate,Average true positive rate,Average true negative rate,Average false positive rate,Average false negative rate,Average true positive with cutoff,Average true negative rate with cutoff,Average false positive rate with cutoff,Average false negative rate with cutoff,Average unclassified from cutoff
0.01,2048,,ovr,linear,None,0.8637073580301892,0.9282919090428345,0.7991228070175439,0.20087719298245613,0.07170809095716552,0.0,0.0,0.0,0.0,0.0
0.01,2048,balanced,ovr,linear,None,0.8637073580301892,0.9282919090428345,0.7991228070175439,0.20087719298245613,0.07170809095716552,0.0,0.0,0.0,0.0,0.0
0.5357894736842106,2048,,ovr,linear,None,0.8611965168437656,0.9250132205182444,0.7973798131692869,0.20262018683071314,0.07498677948175568,0.0,0.0,0.0,0.0,0.0
0.5357894736842106,2048,balanced,ovr,linear,None,0.8633751190870788,0.9337563899171514,0.7929938482570061,0.20700615174299383,0.06624361008284858,0.0,0.0,0.0,0.0,0.0
0.01,2048,balanced,ovr,linear,ClusterCentroids,0.8637073580301892,0.9282919090428345,0.7991228070175439,0.20087719298245613,0.07170809095716552,0.0,0.0,0.0,0.0,0.0
0.01,2048,,ovr,linear,ClusterCentroids,0.8637073580301892,0.9282919090428345,0.7991228070175439,0.20087719298245613,0.07170809095716552,0.0,0.0,0.0,0.0,0.0
0.5357894736842106,2048,balanced,ovr,linear,ClusterCentroids,0.8625139298898657,0.9294024325753569,0.7956254272043747,0.20437457279562543,0.07059756742464306,0.0,0.0,0.0,0.0,0.0
0.5357894736842106,2048,,ovr,linear,ClusterCentroids,0.8625139298898657,0.9294024325753569,0.7956254272043747,0.20437457279562543,0.07059756742464306,0.0,0.0,0.0,0.0,0.0
0.01,2048,balanced,ovr,linear,EditedNearestNeighbours,0.8637073580301892,0.9282919090428345,0.7991228070175439,0.20087719298245613,0.07170809095716552,0.0,0.0,0.0,0.0,0.0
0.01,2048,,ovr,linear,EditedNearestNeighbours,0.8637073580301892,0.9282919090428345,0.7991228070175439,0.20087719298245613,0.07170809095716552,0.0,0.0,0.0,0.0,0.0
0.5357894736842106,2048,balanced,ovr,linear,EditedNearestNeighbours,0.8645639355588143,0.9369998237264235,0.7921280473912055,0.20787195260879468,0.06300017627357658,0.0,0.0,0.0,0.0,0.0
0.5357894736842106,2048,,ovr,linear,EditedNearestNeighbours,0.8651015699674165,0.9380750925436278,0.7921280473912055,0.20787195260879468,0.06192490745637228,0.0,0.0,0.0,0.0,0.0
0.01,2048,balanced,ovr,linear,InstanceHardnessThreshold,0.8620680137678941,0.9250132205182444,0.7991228070175439,0.20087719298245613,0.0749867794817557,0.0,0.0,0.0,0.0,0.0
0.01,2048,,ovr,linear,InstanceHardnessThreshold,0.8620680137678941,0.9250132205182444,0.7991228070175439,0.20087719298245613,0.0749867794817557,0.0,0.0,0.0,0.0,0.0
0.5357894736842106,2048,balanced,ovr,linear,InstanceHardnessThreshold,0.8618508165274008,0.9271990128679711,0.7965026201868307,0.2034973798131693,0.07280098713202891,0.0,0.0,0.0,0.0,0.0
0.5357894736842106,2048,,ovr,linear,InstanceHardnessThreshold,0.8618508165274008,0.9271990128679711,0.7965026201868307,0.2034973798131693,0.07280098713202891,0.0,0.0,0.0,0.0,0.0
0.01,2048,balanced,ovr,linear,NearMiss,0.8637073580301892,0.9282919090428345,0.7991228070175439,0.20087719298245613,0.07170809095716552,0.0,0.0,0.0,0.0,0.0
0.01,2048,,ovr,linear,NearMiss,0.8637073580301892,0.9282919090428345,0.7991228070175439,0.20087719298245613,0.07170809095716552,0.0,0.0,0.0,0.0,0.0
0.5357894736842106,2048,balanced,ovr,linear,NearMiss,0.8623972646148325,0.9282919090428345,0.7965026201868307,0.2034973798131693,0.07170809095716552,0.0,0.0,0.0,0.0,0.0
0.5357894736842106,2048,,ovr,linear,NearMiss,0.8623972646148325,0.9282919090428345,0.7965026201868307,0.2034973798131693,0.07170809095716552,0.0,0.0,0.0,0.0,0.0
0.01,2048,balanced,ovr,linear,NeighbourhoodCleaningRule,0.8637073580301892,0.9282919090428345,0.7991228070175439,0.20087719298245613,0.07170809095716552,0.0,0.0,0.0,0.0,0.0
0.01,2048,,ovr,linear,NeighbourhoodCleaningRule,0.8637073580301892,0.9282919090428345,0.7991228070175439,0.20087719298245613,0.07170809095716552,0.0,0.0,0.0,0.0,0.0
0.5357894736842106,2048,balanced,ovr,linear,NeighbourhoodCleaningRule,0.8655344704003168,0.9380750925436278,0.7929938482570064,0.20700615174299383,0.06192490745637228,0.0,0.0,0.0,0.0,0.0
0.5357894736842106,2048,,ovr,linear,NeighbourhoodCleaningRule,0.8656480180548481,0.939167988718491,0.7921280473912055,0.20787195260879468,0.06083201128150891,0.0,0.0,0.0,0.0,0.0
0.01,2048,balanced,ovr,linear,OneSidedSelection,0.8637073580301892,0.9282919090428345,0.7991228070175439,0.20087719298245613,0.07170809095716552,0.0,0.0,0.0,0.0,0.0
0.01,2048,balanced,ovr,linear,RandomUnderSampler,0.8636026240544874,0.9272166402256302,0.7999886078833448,0.20001139211665528,0.07278335977436982,0.0,0.0,0.0,0.0,0.0
0.01,2048,,ovr,linear,OneSidedSelection,0.8637073580301892,0.9282919090428345,0.7991228070175439,0.20087719298245613,0.07170809095716552,0.0,0.0,0.0,0.0,0.0
0.01,2048,,ovr,linear,RandomUnderSampler,0.8636026240544874,0.9272166402256302,0.7999886078833448,0.20001139211665528,0.07278335977436982,0.0,0.0,0.0,0.0,0.0
0.5357894736842106,2048,balanced,ovr,linear,OneSidedSelection,0.8645551218799848,0.9369821963687643,0.7921280473912052,0.20787195260879468,0.06301780363123567,0.0,0.0,0.0,0.0,0.0
0.5357894736842106,2048,balanced,ovr,linear,RandomUnderSampler,0.8659210854644904,0.9283447911158117,0.8034973798131694,0.1965026201868307,0.07165520888418826,0.0,0.0,0.0,0.0,0.0
0.5357894736842106,2048,,ovr,linear,OneSidedSelection,0.8640174874713825,0.9359069275515601,0.7921280473912052,0.20787195260879468,0.06409307244843998,0.0,0.0,0.0,0.0,0.0
0.5357894736842106,2048,,ovr,linear,RandomUnderSampler,0.8659210854644904,0.9283447911158117,0.8034973798131694,0.1965026201868307,0.07165520888418826,0.0,0.0,0.0,0.0,0.0
0.01,2048,balanced,ovr,linear,TomekLinks,0.8637073580301892,0.9282919090428345,0.7991228070175439,0.20087719298245613,0.07170809095716552,0.0,0.0,0.0,0.0,0.0
0.01,2048,balanced,ovr,linear,ADASYN,0.8637073580301892,0.9282919090428345,0.7991228070175439,0.20087719298245613,0.07170809095716552,0.0,0.0,0.0,0.0,0.0
0.01,2048,balanced,ovr,linear,RandomOverSampler,0.8637073580301892,0.9282919090428345,0.7991228070175439,0.20087719298245613,0.07170809095716552,0.0,0.0,0.0,0.0,0.0
0.01,2048,,ovr,linear,TomekLinks,0.8637073580301892,0.9282919090428345,0.7991228070175439,0.20087719298245613,0.07170809095716552,0.0,0.0,0.0,0.0,0.0
0.01,2048,,ovr,linear,ADASYN,0.8637073580301892,0.9282919090428345,0.7991228070175439,0.20087719298245613,0.07170809095716552,0.0,0.0,0.0,0.0,0.0
0.5357894736842106,2048,balanced,ovr,linear,TomekLinks,0.8656480180548481,0.939167988718491,0.7921280473912052,0.20787195260879468,0.0608320112815089,0.0,0.0,0.0,0.0,0.0
0.01,2048,,ovr,linear,RandomOverSampler,0.8637073580301892,0.9282919090428345,0.7991228070175439,0.20087719298245613,0.07170809095716552,0.0,0.0,0.0,0.0,0.0
0.5357894736842106,2048,,ovr,linear,TomekLinks,0.8640174874713825,0.9359069275515601,0.7921280473912052,0.20787195260879468,0.06409307244843998,0.0,0.0,0.0,0.0,0.0
0.5357894736842106,2048,balanced,ovr,linear,ADASYN,0.8651015699674165,0.9380750925436278,0.7921280473912055,0.20787195260879468,0.06192490745637228,0.0,0.0,0.0,0.0,0.0
0.5357894736842106,2048,,ovr,linear,ADASYN,0.8651015699674165,0.9380750925436278,0.7921280473912055,0.20787195260879468,0.06192490745637228,0.0,0.0,0.0,0.0,0.0
0.5357894736842106,2048,balanced,ovr,linear,RandomOverSampler,0.8618508165274008,0.9271990128679711,0.7965026201868307,0.2034973798131693,0.07280098713202891,0.0,0.0,0.0,0.0,0.0
0.01,2048,balanced,ovr,linear,SMOTE,0.8637073580301892,0.9282919090428345,0.7991228070175439,0.20087719298245613,0.07170809095716552,0.0,0.0,0.0,0.0,0.0
0.5357894736842106,2048,,ovr,linear,RandomOverSampler,0.8618508165274008,0.9271990128679711,0.7965026201868307,0.2034973798131693,0.07280098713202891,0.0,0.0,0.0,0.0,0.0
0.01,2048,,ovr,linear,SMOTE,0.8637073580301892,0.9282919090428345,0.7991228070175439,0.20087719298245613,0.07170809095716552,0.0,0.0,0.0,0.0,0.0
0.5357894736842106,2048,balanced,ovr,linear,SMOTE,0.8619586681236046,0.9282919090428345,0.7956254272043747,0.20437457279562543,0.07170809095716553,0.0,0.0,0.0,0.0,0.0
0.5357894736842106,2048,,ovr,linear,SMOTE,0.8619586681236046,0.9282919090428345,0.7956254272043747,0.20437457279562543,0.07170809095716553,0.0,0.0,0.0,0.0,0.0
0.01,2048,balanced,ovr,linear,SMOTEENN,0.8617311721927771,0.891256830601093,0.8322055137844612,0.16779448621553883,0.1087431693989071,0.0,0.0,0.0,0.0,0.0
0.01,2048,,ovr,linear,SMOTEENN,0.8439199954118265,0.7739643927375287,0.9138755980861245,0.08612440191387559,0.22603560726247138,0.0,0.0,0.0,0.0,0.0
0.5357894736842106,2048,balanced,ovr,linear,SMOTEENN,0.8361029099116716,0.7687995769434162,0.9034062428799269,0.0965937571200729,0.23120042305658384,0.0,0.0,0.0,0.0,0.0
0.5357894736842106,2048,,ovr,linear,SMOTEENN,0.830563527828272,0.735096069099242,0.9260309865573023,0.07396901344269764,0.264903930900758,0.0,0.0,0.0,0.0,0.0
0.01,2048,balanced,ovr,linear,SMOTETomek,0.8637073580301892,0.9282919090428345,0.7991228070175439,0.20087719298245613,0.07170809095716552,0.0,0.0,0.0,0.0,0.0
1.0615789473684212,2048,,ovr,linear,None,0.8605515700216361,0.9228803102414949,0.7982228298017772,0.20177717019822283,0.07711968975850521,0.0,0.0,0.0,0.0,0.0
0.01,2048,,ovr,linear,SMOTETomek,0.8637073580301892,0.9282919090428345,0.7991228070175439,0.20087719298245613,0.07170809095716552,0.0,0.0,0.0,0.0,0.0
1.0615789473684212,2048,balanced,ovr,linear,None,0.862729633082273,0.9315882249250839,0.7938710412394624,0.20612895876053772,0.06841177507491626,0.0,0.0,0.0,0.0,0.0
0.5357894736842106,2048,balanced,ovr,linear,SMOTETomek,0.8634916548377819,0.9261061166931078,0.8008771929824562,0.19912280701754384,0.0738938833068923,0.0,0.0,0.0,0.0,0.0
0.5357894736842106,2048,,ovr,linear,SMOTETomek,0.8638223997328064,0.9250132205182443,0.8026315789473686,0.19736842105263155,0.0749867794817557,0.0,0.0,0.0,0.0,0.0
1.5873684210526318,2048,,ovr,linear,None,0.8596789887077677,0.9185263528997004,0.8008316245158351,0.19916837548416497,0.08147364710029967,0.0,0.0,0.0,0.0,0.0
1.5873684210526318,2048,balanced,ovr,linear,None,0.8633720014665768,0.9337387625594924,0.7930052403736615,0.20699475962633854,0.06626123744050767,0.0,0.0,0.0,0.0,0.0
1.0615789473684212,2048,,ovr,linear,ClusterCentroids,0.8627208194034436,0.9315705975674247,0.7938710412394624,0.2061289587605377,0.06842940243257535,0.0,0.0,0.0,0.0,0.0
1.0615789473684212,2048,,ovr,linear,EditedNearestNeighbours,0.8641253390675862,0.9369998237264235,0.7912508544087493,0.20874914559125082,0.06300017627357658,0.0,0.0,0.0,0.0,0.0
1.0615789473684212,2048,balanced,ovr,linear,ClusterCentroids,0.8627208194034436,0.9315705975674247,0.7938710412394624,0.2061289587605377,0.06842940243257535,0.0,0.0,0.0,0.0,0.0
1.5873684210526318,2048,,ovr,linear,ClusterCentroids,0.8621743713160118,0.9304777013925613,0.7938710412394624,0.2061289587605377,0.06952229860743873,0.0,0.0,0.0,0.0,0.0
1.5873684210526318,2048,balanced,ovr,linear,ClusterCentroids,0.8621743713160118,0.9304777013925613,0.7938710412394624,0.2061289587605377,0.06952229860743873,0.0,0.0,0.0,0.0,0.0
1.0615789473684212,2048,balanced,ovr,linear,EditedNearestNeighbours,0.8638194116366344,0.9337563899171514,0.7938824333561176,0.20611756664388245,0.06624361008284858,0.0,0.0,0.0,0.0,0.0
1.5873684210526318,2048,balanced,ovr,linear,EditedNearestNeighbours,0.8629479147125059,0.9337563899171514,0.7921394395078606,0.20786056049213944,0.06624361008284858,0.0,0.0,0.0,0.0,0.0
1.5873684210526318,2048,,ovr,linear,EditedNearestNeighbours,0.8620593296133947,0.9337563899171514,0.7903622693096377,0.20963773069036226,0.06624361008284858,0.0,0.0,0.0,0.0,0.0
1.0615789473684212,2048,,ovr,linear,InstanceHardnessThreshold,0.8633751190870788,0.9337563899171514,0.7929938482570061,0.20700615174299383,0.06624361008284858,0.0,0.0,0.0,0.0,0.0
1.0615789473684212,2048,,ovr,linear,NearMiss,0.8626160854277417,0.9304953287502203,0.7947368421052632,0.20526315789473684,0.06950467124977966,0.0,0.0,0.0,0.0,0.0
1.0615789473684212,2048,balanced,ovr,linear,InstanceHardnessThreshold,0.8633751190870788,0.9337563899171514,0.7929938482570061,0.20700615174299383,0.06624361008284858,0.0,0.0,0.0,0.0,0.0
1.5873684210526318,2048,balanced,ovr,linear,InstanceHardnessThreshold,0.8633751190870788,0.9337563899171514,0.7929938482570061,0.20700615174299383,0.06624361008284858,0.0,0.0,0.0,0.0,0.0
1.5873684210526318,2048,,ovr,linear,InstanceHardnessThreshold,0.8633751190870788,0.9337563899171514,0.7929938482570061,0.20700615174299383,0.06624361008284858,0.0,0.0,0.0,0.0,0.0
1.0615789473684212,2048,balanced,ovr,linear,NearMiss,0.8626160854277417,0.9304953287502203,0.7947368421052632,0.20526315789473684,0.06950467124977966,0.0,0.0,0.0,0.0,0.0
1.5873684210526318,2048,,ovr,linear,NearMiss,0.8630489858606422,0.9304953287502203,0.7956026429710641,0.204397357028936,0.06950467124977966,0.0,0.0,0.0,0.0,0.0
1.5873684210526318,2048,balanced,ovr,linear,NearMiss,0.8630489858606422,0.9304953287502203,0.7956026429710641,0.204397357028936,0.06950467124977966,0.0,0.0,0.0,0.0,0.0
1.0615789473684212,2048,,ovr,linear,NeighbourhoodCleaningRule,0.8636867425763581,0.9369998237264235,0.7903736614262931,0.20962633857370697,0.06300017627357658,0.0,0.0,0.0,0.0,0.0
1.0615789473684212,2048,balanced,ovr,linear,NeighbourhoodCleaningRule,0.8650025320500424,0.9369998237264235,0.7930052403736615,0.20699475962633854,0.06300017627357658,0.0,0.0,0.0,0.0,0.0
1.5873684210526318,2048,balanced,ovr,linear,NeighbourhoodCleaningRule,0.86304695262988,0.9348316587343558,0.7912622465254046,0.20873775347459556,0.06516834126564428,0.0,0.0,0.0,0.0,0.0
1.5873684210526318,2048,,ovr,linear,NeighbourhoodCleaningRule,0.8627016979976982,0.9359069275515601,0.7894964684438369,0.2105035315561631,0.06409307244843998,0.0,0.0,0.0,0.0,0.0
1.0615789473684212,2048,,ovr,linear,OneSidedSelection,0.8633720014665768,0.9337387625594923,0.7930052403736615,0.20699475962633854,0.06626123744050767,0.0,0.0,0.0,0.0,0.0
1.0615789473684212,2048,,ovr,linear,RandomUnderSampler,0.8660263586228684,0.9294553146483341,0.8025974025974026,0.19740259740259739,0.07054468535166579,0.0,0.0,0.0,0.0,0.0
1.0615789473684212,2048,balanced,ovr,linear,OneSidedSelection,0.8656480180548481,0.939167988718491,0.7921280473912055,0.20787195260879468,0.06083201128150891,0.0,0.0,0.0,0.0,0.0
1.0615789473684212,2048,,ovr,linear,TomekLinks,0.8633720014665768,0.9337387625594923,0.7930052403736615,0.20699475962633854,0.06626123744050767,0.0,0.0,0.0,0.0,0.0
1.5873684210526318,2048,,ovr,linear,OneSidedSelection,0.8627208194034436,0.9315705975674247,0.7938710412394624,0.2061289587605377,0.06842940243257535,0.0,0.0,0.0,0.0,0.0
1.0615789473684212,2048,balanced,ovr,linear,RandomUnderSampler,0.8660263586228684,0.9294553146483341,0.8025974025974026,0.19740259740259739,0.07054468535166579,0.0,0.0,0.0,0.0,0.0
1.5873684210526318,2048,balanced,ovr,linear,OneSidedSelection,0.8651015699674165,0.9380750925436278,0.7921280473912055,0.20787195260879468,0.06192490745637228,0.0,0.0,0.0,0.0,0.0
1.5873684210526318,2048,balanced,ovr,linear,RandomUnderSampler,0.8628005521712555,0.9230037017451084,0.8025974025974026,0.19740259740259739,0.07699629825489158,0.0,0.0,0.0,0.0,0.0
1.5873684210526318,2048,,ovr,linear,RandomUnderSampler,0.8628005521712555,0.9230037017451084,0.8025974025974026,0.19740259740259739,0.07699629825489158,0.0,0.0,0.0,0.0,0.0
1.0615789473684212,2048,,ovr,linear,ADASYN,0.8585614106175492,0.9337211352018331,0.783401686033265,0.216598313966735,0.06627886479816675,0.0,0.0,0.0,0.0,0.0
1.0615789473684212,2048,,ovr,linear,RandomOverSampler,0.8615154599637886,0.9326458663846289,0.7903850535429484,0.20961494645705173,0.06735413361537106,0.0,0.0,0.0,0.0,0.0
1.0615789473684212,2048,balanced,ovr,linear,TomekLinks,0.8663023177384835,0.9413537810682179,0.7912508544087492,0.20874914559125082,0.058646218931782124,0.0,0.0,0.0,0.0,0.0
1.5873684210526318,2048,,ovr,linear,TomekLinks,0.8627208194034436,0.9315705975674247,0.7938710412394624,0.2061289587605377,0.06842940243257535,0.0,0.0,0.0,0.0,0.0
1.5873684210526318,2048,balanced,ovr,linear,TomekLinks,0.8663023177384835,0.9413537810682179,0.7912508544087492,0.20874914559125082,0.058646218931782124,0.0,0.0,0.0,0.0,0.0
1.0615789473684212,2048,balanced,ovr,linear,ADASYN,0.8585614106175492,0.9337211352018331,0.783401686033265,0.216598313966735,0.06627886479816675,0.0,0.0,0.0,0.0,0.0
1.5873684210526318,2048,,ovr,linear,ADASYN,0.8585614106175492,0.9337211352018331,0.783401686033265,0.216598313966735,0.06627886479816675,0.0,0.0,0.0,0.0,0.0
1.0615789473684212,2048,balanced,ovr,linear,RandomOverSampler,0.8615154599637886,0.9326458663846289,0.7903850535429484,0.20961494645705173,0.06735413361537106,0.0,0.0,0.0,0.0,0.0
1.0615789473684212,2048,,ovr,linear,SMOTE,0.8628167397003157,0.93262823902697,0.7930052403736615,0.20699475962633854,0.06737176097303015,0.0,0.0,0.0,0.0,0.0
1.5873684210526318,2048,balanced,ovr,linear,ADASYN,0.8585614106175492,0.9337211352018331,0.783401686033265,0.216598313966735,0.06627886479816675,0.0,0.0,0.0,0.0,0.0
1.5873684210526318,2048,,ovr,linear,RandomOverSampler,0.8615154599637886,0.9326458663846289,0.7903850535429484,0.20961494645705173,0.06735413361537106,0.0,0.0,0.0,0.0,0.0
1.5873684210526318,2048,balanced,ovr,linear,RandomOverSampler,0.8615154599637886,0.9326458663846289,0.7903850535429484,0.20961494645705173,0.06735413361537106,0.0,0.0,0.0,0.0,0.0
1.0615789473684212,2048,balanced,ovr,linear,SMOTE,0.8628167397003157,0.93262823902697,0.7930052403736615,0.20699475962633854,0.06737176097303015,0.0,0.0,0.0,0.0,0.0
1.5873684210526318,2048,,ovr,linear,SMOTE,0.8608642779006551,0.9304777013925613,0.7912508544087492,0.20874914559125082,0.06952229860743875,0.0,0.0,0.0,0.0,0.0
1.5873684210526318,2048,balanced,ovr,linear,SMOTE,0.8608642779006551,0.9304777013925613,0.7912508544087492,0.20874914559125082,0.06952229860743875,0.0,0.0,0.0,0.0,0.0
1.0615789473684212,2048,,ovr,linear,SMOTEENN,0.826793312544377,0.7274986779481756,0.9260879471405787,0.07391205285942128,0.2725013220518245,0.0,0.0,0.0,0.0,0.0
1.0615789473684212,2048,balanced,ovr,linear,SMOTEENN,0.8329403474794385,0.7633174687114401,0.9025632262474367,0.09743677375256321,0.23668253128855987,0.0,0.0,0.0,0.0,0.0
1.5873684210526318,2048,,ovr,linear,SMOTEENN,0.8224657962390713,0.718843645337564,0.9260879471405787,0.07391205285942128,0.2811563546624361,0.0,0.0,0.0,0.0,0.0
1.5873684210526318,2048,balanced,ovr,linear,SMOTEENN,0.8292375722007774,0.7567777190199189,0.901697425381636,0.09830257461836407,0.2432222809800811,0.0,0.0,0.0,0.0,0.0
1.0615789473684212,2048,,ovr,linear,SMOTETomek,0.8597971480308869,0.9152652917327693,0.8043290043290043,0.19567099567099566,0.08473470826723074,0.0,0.0,0.0,0.0,0.0
2.113157894736842,2048,,ovr,linear,None,0.8582599593064678,0.9130794993830426,0.8034404192298931,0.19655958077010713,0.08692050061695751,0.0,0.0,0.0,0.0,0.0
1.0615789473684212,2048,balanced,ovr,linear,SMOTETomek,0.8618673594953202,0.9228803102414949,0.8008544087491455,0.1991455912508544,0.07711968975850521,0.0,0.0,0.0,0.0,0.0
1.5873684210526318,2048,,ovr,linear,SMOTETomek,0.8592817526485316,0.9098713202890888,0.8086921850079745,0.19130781499202554,0.09012867971091133,0.0,0.0,0.0,0.0,0.0
1.5873684210526318,2048,balanced,ovr,linear,SMOTETomek,0.8618725103465842,0.9185616076150186,0.8051834130781499,0.19481658692185008,0.0814383923849815,0.0,0.0,0.0,0.0,0.0
2.113157894736842,2048,balanced,ovr,linear,None,0.8623869568879172,0.9326458663846289,0.7921280473912055,0.20787195260879468,0.06735413361537106,0.0,0.0,0.0,0.0,0.0
2.6389473684210527,2048,,ovr,linear,None,0.856954477559699,0.908725542041248,0.8051834130781499,0.1948165869218501,0.091274457958752,0.0,0.0,0.0,0.0,0.0
2.6389473684210527,2048,balanced,ovr,linear,None,0.8623869568879172,0.9326458663846289,0.7921280473912055,0.20787195260879468,0.06735413361537106,0.0,0.0,0.0,0.0,0.0
2.113157894736842,2048,,ovr,linear,ClusterCentroids,0.8618394244107456,0.927199012867971,0.7964798359535203,0.2035201640464798,0.07280098713202891,0.0,0.0,0.0,0.0,0.0
2.113157894736842,2048,,ovr,linear,EditedNearestNeighbours,0.8610799810930624,0.9326634937422881,0.7894964684438369,0.21050353155616316,0.06733650625771197,0.0,0.0,0.0,0.0,0.0
2.113157894736842,2048,balanced,ovr,linear,ClusterCentroids,0.8618394244107456,0.927199012867971,0.7964798359535203,0.2035201640464798,0.07280098713202891,0.0,0.0,0.0,0.0,0.0
2.113157894736842,2048,balanced,ovr,linear,EditedNearestNeighbours,0.8620707217300497,0.9337563899171514,0.7903850535429484,0.20961494645705173,0.06624361008284858,0.0,0.0,0.0,0.0,0.0
2.6389473684210527,2048,balanced,ovr,linear,ClusterCentroids,0.8632537065947403,0.9239555790586991,0.8025518341307815,0.1974481658692185,0.07604442094130091,0.0,0.0,0.0,0.0,0.0
2.6389473684210527,2048,,ovr,linear,ClusterCentroids,0.8632537065947403,0.9239555790586991,0.8025518341307815,0.1974481658692185,0.07604442094130091,0.0,0.0,0.0,0.0,0.0
2.113157894736842,2048,,ovr,linear,InstanceHardnessThreshold,0.8617357748247837,0.9304777013925613,0.7929938482570061,0.20700615174299383,0.06952229860743875,0.0,0.0,0.0,0.0,0.0
2.6389473684210527,2048,balanced,ovr,linear,EditedNearestNeighbours,0.862509318221278,0.9337563899171514,0.7912622465254046,0.20873775347459558,0.06624361008284858,0.0,0.0,0.0,0.0,0.0
2.6389473684210527,2048,,ovr,linear,EditedNearestNeighbours,0.8601006325727303,0.9315705975674247,0.7886306675780362,0.211369332421964,0.06842940243257535,0.0,0.0,0.0,0.0,0.0
2.113157894736842,2048,balanced,ovr,linear,InstanceHardnessThreshold,0.8617357748247837,0.9304777013925613,0.7929938482570061,0.20700615174299383,0.06952229860743875,0.0,0.0,0.0,0.0,0.0
2.113157894736842,2048,,ovr,linear,NearMiss,0.8614096415983471,0.9272166402256302,0.7956026429710641,0.204397357028936,0.07278335977436982,0.0,0.0,0.0,0.0,0.0
2.6389473684210527,2048,balanced,ovr,linear,InstanceHardnessThreshold,0.8617357748247837,0.9304777013925613,0.7929938482570061,0.20700615174299383,0.06952229860743875,0.0,0.0,0.0,0.0,0.0
2.6389473684210527,2048,,ovr,linear,InstanceHardnessThreshold,0.8617357748247837,0.9304777013925613,0.7929938482570061,0.20700615174299383,0.06952229860743875,0.0,0.0,0.0,0.0,0.0
2.113157894736842,2048,balanced,ovr,linear,NearMiss,0.8614096415983471,0.9272166402256302,0.7956026429710641,0.204397357028936,0.07278335977436982,0.0,0.0,0.0,0.0,0.0
2.6389473684210527,2048,balanced,ovr,linear,NearMiss,0.8594452484993552,0.9250308478759034,0.793859649122807,0.20614035087719298,0.0749691521240966,0.0,0.0,0.0,0.0,0.0
2.6389473684210527,2048,,ovr,linear,NearMiss,0.8594452484993552,0.9250308478759034,0.793859649122807,0.20614035087719298,0.0749691521240966,0.0,0.0,0.0,0.0,0.0
2.113157894736842,2048,,ovr,linear,NeighbourhoodCleaningRule,0.8616088018228351,0.9337211352018332,0.7894964684438369,0.2105035315561631,0.06627886479816676,0.0,0.0,0.0,0.0,0.0
2.113157894736842,2048,balanced,ovr,linear,NeighbourhoodCleaningRule,0.8619571740755184,0.9326634937422881,0.7912508544087493,0.20874914559125082,0.06733650625771197,0.0,0.0,0.0,0.0,0.0
2.6389473684210527,2048,balanced,ovr,linear,NeighbourhoodCleaningRule,0.8611935287475937,0.9337563899171514,0.788630667578036,0.211369332421964,0.06624361008284858,0.0,0.0,0.0,0.0,0.0
2.6389473684210527,2048,,ovr,linear,NeighbourhoodCleaningRule,0.8605335330056306,0.9315705975674247,0.7894964684438369,0.2105035315561631,0.06842940243257535,0.0,0.0,0.0,0.0,0.0
2.113157894736842,2048,,ovr,linear,OneSidedSelection,0.8616279232285802,0.929384805217698,0.7938710412394624,0.2061289587605377,0.07061519478230213,0.0,0.0,0.0,0.0,0.0
2.113157894736842,2048,,ovr,linear,RandomUnderSampler,0.8630260178835146,0.9165168341265645,0.8095352016404648,0.1904647983595352,0.08348316587343557,0.0,0.0,0.0,0.0,0.0
2.113157894736842,2048,balanced,ovr,linear,OneSidedSelection,0.8628079260214859,0.9326106116693107,0.7930052403736615,0.20699475962633854,0.06738938833068923,0.0,0.0,0.0,0.0,0.0
2.113157894736842,2048,balanced,ovr,linear,RandomUnderSampler,0.8630260178835146,0.9165168341265645,0.8095352016404648,0.1904647983595352,0.08348316587343557,0.0,0.0,0.0,0.0,0.0
2.113157894736842,2048,,ovr,linear,TomekLinks,0.8610814751411485,0.9282919090428345,0.7938710412394624,0.2061289587605377,0.07170809095716553,0.0,0.0,0.0,0.0,0.0
2.113157894736842,2048,,ovr,linear,ADASYN,0.8580237762089471,0.9326458663846289,0.783401686033265,0.216598313966735,0.06735413361537106,0.0,0.0,0.0,0.0,0.0
2.113157894736842,2048,,ovr,linear,RandomOverSampler,0.8604225637889252,0.9304600740349022,0.7903850535429484,0.20961494645705173,0.06953992596509784,0.0,0.0,0.0,0.0,0.0
2.6389473684210527,2048,,ovr,linear,OneSidedSelection,0.8611893267373519,0.929384805217698,0.7929938482570064,0.20700615174299383,0.07061519478230213,0.0,0.0,0.0,0.0,0.0
2.6389473684210527,2048,balanced,ovr,linear,OneSidedSelection,0.8613899810099258,0.9315177154944473,0.7912622465254046,0.20873775347459556,0.06848228450555262,0.0,0.0,0.0,0.0,0.0
2.6389473684210527,2048,,ovr,linear,RandomUnderSampler,0.8625843037717846,0.9164992067689054,0.8086694007746639,0.19133059922533605,0.08350079323109466,0.0,0.0,0.0,0.0,0.0
2.6389473684210527,2048,balanced,ovr,linear,RandomUnderSampler,0.8625843037717846,0.9164992067689054,0.8086694007746639,0.19133059922533605,0.08350079323109466,0.0,0.0,0.0,0.0,0.0
2.113157894736842,2048,balanced,ovr,linear,TomekLinks,0.8634622257051214,0.9347964040190374,0.7921280473912055,0.20787195260879468,0.06520359598096245,0.0,0.0,0.0,0.0,0.0
2.113157894736842,2048,balanced,ovr,linear,ADASYN,0.8580237762089471,0.9326458663846289,0.783401686033265,0.216598313966735,0.06735413361537106,0.0,0.0,0.0,0.0,0.0
2.113157894736842,2048,balanced,ovr,linear,RandomOverSampler,0.8604225637889252,0.9304600740349022,0.7903850535429484,0.20961494645705173,0.06953992596509784,0.0,0.0,0.0,0.0,0.0
2.113157894736842,2048,,ovr,linear,SMOTE,0.8593384812928914,0.9282919090428344,0.7903850535429484,0.2096149464570517,0.07170809095716552,0.0,0.0,0.0,0.0,0.0
2.6389473684210527,2048,,ovr,linear,TomekLinks,0.8615200716323764,0.9282919090428345,0.7947482342219185,0.20525176577808155,0.07170809095716553,0.0,0.0,0.0,0.0,0.0
2.6389473684210527,2048,balanced,ovr,linear,TomekLinks,0.8628079260214859,0.9326106116693107,0.7930052403736615,0.20699475962633854,0.06738938833068923,0.0,0.0,0.0,0.0,0.0
2.6389473684210527,2048,,ovr,linear,ADASYN,0.8580237762089471,0.9326458663846289,0.783401686033265,0.216598313966735,0.06735413361537106,0.0,0.0,0.0,0.0,0.0
2.6389473684210527,2048,balanced,ovr,linear,ADASYN,0.8575908757760465,0.9326458663846289,0.7825358851674641,0.2174641148325359,0.06735413361537106,0.0,0.0,0.0,0.0,0.0
2.6389473684210527,2048,,ovr,linear,RandomOverSampler,0.8604225637889252,0.9304600740349022,0.7903850535429484,0.20961494645705173,0.06953992596509784,0.0,0.0,0.0,0.0,0.0
2.6389473684210527,2048,balanced,ovr,linear,RandomOverSampler,0.8604225637889252,0.9304600740349022,0.7903850535429484,0.20961494645705173,0.06953992596509784,0.0,0.0,0.0,0.0,0.0
2.113157894736842,2048,balanced,ovr,linear,SMOTE,0.8593384812928914,0.9282919090428344,0.7903850535429484,0.2096149464570517,0.07170809095716552,0.0,0.0,0.0,0.0,0.0
2.113157894736842,2048,,ovr,linear,SMOTEENN,0.8236577303313087,0.7221047065044951,0.9252107541581226,0.07478924584187742,0.277895293495505,0.0,0.0,0.0,0.0,0.0
2.6389473684210527,2048,,ovr,linear,SMOTE,0.8597713817257918,0.9282919090428344,0.7912508544087492,0.20874914559125082,0.07170809095716552,0.0,0.0,0.0,0.0,0.0
2.6389473684210527,2048,balanced,ovr,linear,SMOTE,0.8597713817257918,0.9282919090428344,0.7912508544087492,0.20874914559125082,0.07170809095716552,0.0,0.0,0.0,0.0,0.0
2.113157894736842,2048,balanced,ovr,linear,SMOTEENN,0.8279320904540087,0.7524237616781244,0.9034404192298928,0.09655958077010707,0.24757623832187556,0.0,0.0,0.0,0.0,0.0
2.113157894736842,2048,,ovr,linear,SMOTETomek,0.8582007877729997,0.90772078265468,0.8086807928913192,0.1913192071086808,0.09227921734531992,0.0,0.0,0.0,0.0,0.0
2.6389473684210527,2048,,ovr,linear,SMOTEENN,0.8258435226810356,0.7264762912039485,0.9252107541581225,0.07478924584187742,0.2735237087960515,0.0,0.0,0.0,0.0,0.0
2.6389473684210527,2048,balanced,ovr,linear,SMOTEENN,0.8273944560454064,0.7513484928609201,0.9034404192298929,0.09655958077010708,0.24865150713907988,0.0,0.0,0.0,0.0,0.0
3.1647368421052633,2048,,ovr,linear,None,0.8557480337303044,0.9054468535166578,0.8060492139439507,0.1939507860560492,0.09455314648334216,0.0,0.0,0.0,0.0,0.0
2.113157894736842,2048,balanced,ovr,linear,SMOTETomek,0.8601398242252426,0.9142076502732239,0.8060719981772614,0.19392800182273864,0.08579234972677596,0.0,0.0,0.0,0.0,0.0
3.1647368421052633,2048,balanced,ovr,linear,None,0.8623869568879172,0.9326458663846289,0.7921280473912055,0.20787195260879468,0.06735413361537106,0.0,0.0,0.0,0.0,0.0
2.6389473684210527,2048,balanced,ovr,linear,SMOTETomek,0.8593839081864076,0.9109642164639521,0.8078035999088632,0.19219640009113692,0.08903578353604795,0.0,0.0,0.0,0.0,0.0
2.6389473684210527,2048,,ovr,linear,SMOTETomek,0.8564421997978457,0.9033491979552265,0.8095352016404648,0.1904647983595352,0.0966508020447735,0.0,0.0,0.0,0.0,0.0
3.690526315789474,2048,,ovr,linear,None,0.8560673865086735,0.9043539573417944,0.8077808156755525,0.19221918432444748,0.09564604265820553,0.0,0.0,0.0,0.0,0.0
3.690526315789474,2048,balanced,ovr,linear,None,0.8623869568879172,0.9326458663846289,0.7921280473912055,0.20787195260879468,0.06735413361537106,0.0,0.0,0.0,0.0,0.0
3.1647368421052633,2048,,ovr,linear,ClusterCentroids,0.8611814618995447,0.920676890534109,0.8016860332649807,0.19831396673501936,0.07932310946589106,0.0,0.0,0.0,0.0,0.0
3.1647368421052633,2048,,ovr,linear,EditedNearestNeighbours,0.8606382669813325,0.9326458663846289,0.7886306675780362,0.211369332421964,0.06735413361537106,0.0,0.0,0.0,0.0,0.0
3.1647368421052633,2048,balanced,ovr,linear,ClusterCentroids,0.8611814618995447,0.920676890534109,0.8016860332649807,0.19831396673501936,0.07932310946589106,0.0,0.0,0.0,0.0,0.0
3.1647368421052633,2048,,ovr,linear,InstanceHardnessThreshold,0.8613028743918832,0.9304777013925613,0.7921280473912052,0.20787195260879474,0.06952229860743875,0.0,0.0,0.0,0.0,0.0
3.1647368421052633,2048,balanced,ovr,linear,EditedNearestNeighbours,0.862608356138652,0.9348316587343558,0.7903850535429484,0.20961494645705173,0.06516834126564429,0.0,0.0,0.0,0.0,0.0
3.690526315789474,2048,,ovr,linear,ClusterCentroids,0.8611814618995447,0.920676890534109,0.8016860332649807,0.19831396673501936,0.07932310946589106,0.0,0.0,0.0,0.0,0.0
3.690526315789474,2048,balanced,ovr,linear,ClusterCentroids,0.8611814618995447,0.920676890534109,0.8016860332649807,0.19831396673501936,0.07932310946589106,0.0,0.0,0.0,0.0,0.0
3.1647368421052633,2048,,ovr,linear,NearMiss,0.8588988004119235,0.9239379517010401,0.793859649122807,0.20614035087719298,0.07606204829895999,0.0,0.0,0.0,0.0,0.0
3.690526315789474,2048,,ovr,linear,EditedNearestNeighbours,0.8601996704901044,0.9326458663846289,0.78775347459558,0.21224652540442013,0.06735413361537106,0.0,0.0,0.0,0.0,0.0
3.690526315789474,2048,balanced,ovr,linear,EditedNearestNeighbours,0.8615242736426181,0.9326634937422881,0.7903850535429484,0.20961494645705173,0.06733650625771197,0.0,0.0,0.0,0.0,0.0
3.1647368421052633,2048,balanced,ovr,linear,InstanceHardnessThreshold,0.8613028743918832,0.9304777013925613,0.7921280473912052,0.20787195260879474,0.06952229860743875,0.0,0.0,0.0,0.0,0.0
3.1647368421052633,2048,balanced,ovr,linear,NearMiss,0.8588988004119235,0.9239379517010401,0.793859649122807,0.20614035087719298,0.07606204829895999,0.0,0.0,0.0,0.0,0.0
3.690526315789474,2048,,ovr,linear,InstanceHardnessThreshold,0.8608642779006552,0.9304777013925613,0.7912508544087492,0.20874914559125082,0.06952229860743875,0.0,0.0,0.0,0.0,0.0
3.1647368421052633,2048,,ovr,linear,NeighbourhoodCleaningRule,0.8605335330056306,0.9315705975674247,0.7894964684438369,0.2105035315561631,0.06842940243257535,0.0,0.0,0.0,0.0,0.0
3.690526315789474,2048,balanced,ovr,linear,InstanceHardnessThreshold,0.8608642779006552,0.9304777013925613,0.7912508544087492,0.20874914559125082,0.06952229860743875,0.0,0.0,0.0,0.0,0.0
3.690526315789474,2048,,ovr,linear,NearMiss,0.8588988004119235,0.9239379517010401,0.793859649122807,0.20614035087719298,0.07606204829895999,0.0,0.0,0.0,0.0,0.0
3.690526315789474,2048,balanced,ovr,linear,NearMiss,0.8588988004119235,0.9239379517010401,0.793859649122807,0.20614035087719298,0.07606204829895999,0.0,0.0,0.0,0.0,0.0
3.1647368421052633,2048,balanced,ovr,linear,NeighbourhoodCleaningRule,0.8616321252388218,0.9337563899171514,0.7895078605604923,0.21049213943950787,0.06624361008284858,0.0,0.0,0.0,0.0,0.0
3.1647368421052633,2048,,ovr,linear,OneSidedSelection,0.8606428786499203,0.9282919090428344,0.7929938482570064,0.20700615174299383,0.07170809095716553,0.0,0.0,0.0,0.0,0.0
3.1647368421052633,2048,,ovr,linear,RandomUnderSampler,0.8624650600589256,0.915406310594042,0.8095238095238096,0.19047619047619047,0.08459368940595806,0.0,0.0,0.0,0.0,0.0
3.690526315789474,2048,,ovr,linear,NeighbourhoodCleaningRule,0.8605335330056306,0.9315705975674247,0.7894964684438369,0.2105035315561631,0.06842940243257535,0.0,0.0,0.0,0.0,0.0
3.690526315789474,2048,balanced,ovr,linear,NeighbourhoodCleaningRule,0.8620707217300497,0.9337563899171514,0.7903850535429484,0.20961494645705173,0.06624361008284858,0.0,0.0,0.0,0.0,0.0
3.1647368421052633,2048,,ovr,linear,TomekLinks,0.8603193238613095,0.9250132205182443,0.7956254272043747,0.20437457279562543,0.07498677948175568,0.0,0.0,0.0,0.0,0.0
3.1647368421052633,2048,,ovr,linear,ADASYN,0.8580237762089471,0.9326458663846289,0.783401686033265,0.216598313966735,0.06735413361537106,0.0,0.0,0.0,0.0,0.0
3.1647368421052633,2048,balanced,ovr,linear,OneSidedSelection,0.8603147121927216,0.9293671778600388,0.7912622465254046,0.20873775347459556,0.07063282213996122,0.0,0.0,0.0,0.0,0.0
3.1647368421052633,2048,balanced,ovr,linear,RandomUnderSampler,0.8624650600589256,0.915406310594042,0.8095238095238096,0.19047619047619047,0.08459368940595806,0.0,0.0,0.0,0.0,0.0
3.1647368421052633,2048,,ovr,linear,RandomOverSampler,0.8604225637889252,0.9304600740349022,0.7903850535429484,0.20961494645705173,0.06953992596509784,0.0,0.0,0.0,0.0,0.0
3.1647368421052633,2048,balanced,ovr,linear,TomekLinks,0.8617326572042817,0.9304600740349022,0.7930052403736615,0.20699475962633854,0.06953992596509782,0.0,0.0,0.0,0.0,0.0
3.690526315789474,2048,,ovr,linear,OneSidedSelection,0.8600964305624886,0.927199012867971,0.7929938482570064,0.20700615174299383,0.07280098713202891,0.0,0.0,0.0,0.0,0.0
3.1647368421052633,2048,,ovr,linear,SMOTE,0.8597713817257918,0.9282919090428344,0.7912508544087492,0.20874914559125082,0.07170809095716552,0.0,0.0,0.0,0.0,0.0
3.690526315789474,2048,balanced,ovr,linear,OneSidedSelection,0.8603147121927216,0.9293671778600388,0.7912622465254046,0.20873775347459556,0.07063282213996122,0.0,0.0,0.0,0.0,0.0
3.690526315789474,2048,,ovr,linear,RandomUnderSampler,0.8609480771299914,0.9132381456019742,0.8086580086580087,0.19134199134199137,0.08676185439802575,0.0,0.0,0.0,0.0,0.0
3.690526315789474,2048,balanced,ovr,linear,RandomUnderSampler,0.8609480771299914,0.9132381456019742,0.8086580086580087,0.19134199134199137,0.08676185439802575,0.0,0.0,0.0,0.0,0.0
3.1647368421052633,2048,balanced,ovr,linear,ADASYN,0.8575908757760465,0.9326458663846289,0.7825358851674641,0.2174641148325359,0.06735413361537106,0.0,0.0,0.0,0.0,0.0
3.1647368421052633,2048,balanced,ovr,linear,RandomOverSampler,0.8604225637889252,0.9304600740349022,0.7903850535429484,0.20961494645705173,0.06953992596509784,0.0,0.0,0.0,0.0,0.0
3.690526315789474,2048,,ovr,linear,TomekLinks,0.8603193238613095,0.9250132205182443,0.7956254272043747,0.20437457279562543,0.07498677948175568,0.0,0.0,0.0,0.0,0.0
3.690526315789474,2048,balanced,ovr,linear,TomekLinks,0.8611862091168501,0.9293671778600388,0.7930052403736615,0.20699475962633854,0.07063282213996122,0.0,0.0,0.0,0.0,0.0
3.690526315789474,2048,,ovr,linear,ADASYN,0.8575908757760465,0.9326458663846289,0.7825358851674641,0.2174641148325359,0.06735413361537106,0.0,0.0,0.0,0.0,0.0
3.1647368421052633,2048,balanced,ovr,linear,SMOTE,0.8597713817257918,0.9282919090428344,0.7912508544087492,0.20874914559125082,0.07170809095716552,0.0,0.0,0.0,0.0,0.0
3.690526315789474,2048,balanced,ovr,linear,ADASYN,0.8575908757760465,0.9326458663846289,0.7825358851674641,0.2174641148325359,0.06735413361537106,0.0,0.0,0.0,0.0,0.0
3.1647368421052633,2048,,ovr,linear,SMOTEENN,0.8242218057763996,0.7232328573946766,0.9252107541581225,0.07478924584187742,0.2767671426053235,0.0,0.0,0.0,0.0,0.0
3.690526315789474,2048,,ovr,linear,RandomOverSampler,0.8598761157014936,0.9293671778600388,0.7903850535429484,0.20961494645705173,0.07063282213996123,0.0,0.0,0.0,0.0,0.0
3.690526315789474,2048,balanced,ovr,linear,RandomOverSampler,0.8598761157014936,0.9293671778600388,0.7903850535429484,0.20961494645705173,0.07063282213996123,0.0,0.0,0.0,0.0,0.0
3.690526315789474,2048,,ovr,linear,SMOTE,0.8596666477500902,0.9272166402256302,0.7921166552745501,0.20788334472544998,0.07278335977436982,0.0,0.0,0.0,0.0,0.0
3.690526315789474,2048,balanced,ovr,linear,SMOTE,0.8596666477500902,0.9272166402256302,0.7921166552745501,0.20788334472544998,0.07278335977436982,0.0,0.0,0.0,0.0,0.0
3.1647368421052633,2048,balanced,ovr,linear,SMOTEENN,0.8247757632627793,0.7469769081614664,0.902574618364092,0.09742538163590793,0.2530230918385334,0.0,0.0,0.0,0.0,0.0
3.1647368421052633,2048,,ovr,linear,SMOTETomek,0.8567760623133719,0.9022739291380222,0.8112781954887218,0.18872180451127818,0.09772607086197778,0.0,0.0,0.0,0.0,0.0
4.2163157894736845,2048,,ovr,linear,None,0.8560673865086735,0.9043539573417944,0.8077808156755525,0.19221918432444748,0.09564604265820553,0.0,0.0,0.0,0.0,0.0
3.690526315789474,2048,,ovr,linear,SMOTEENN,0.8245499722335983,0.7221575885774723,0.9269423558897243,0.07305764411027568,0.2778424114225278,0.0,0.0,0.0,0.0,0.0
3.690526315789474,2048,balanced,ovr,linear,SMOTEENN,0.8242236191170199,0.7458840119866031,0.9025632262474367,0.09743677375256321,0.2541159880133968,0.0,0.0,0.0,0.0,0.0
3.1647368421052633,2048,balanced,ovr,linear,SMOTETomek,0.8592791742107059,0.9098889476467477,0.8086694007746639,0.1913305992253361,0.09011105235325227,0.0,0.0,0.0,0.0,0.0
4.2163157894736845,2048,balanced,ovr,linear,None,0.8606439630396601,0.9326458663846289,0.7886420596946914,0.21135794030530874,0.06735413361537106,0.0,0.0,0.0,0.0,0.0
3.690526315789474,2048,,ovr,linear,SMOTETomek,0.8545990836424747,0.8979199717962277,0.8112781954887218,0.18872180451127818,0.10208002820377227,0.0,0.0,0.0,0.0,0.0
3.690526315789474,2048,balanced,ovr,linear,SMOTETomek,0.8592879878895355,0.9099065750044067,0.8086694007746639,0.1913305992253361,0.09009342499559318,0.0,0.0,0.0,0.0,0.0
4.742105263157895,2048,,ovr,linear,None,0.8555209384212418,0.9032610611669311,0.8077808156755525,0.19221918432444748,0.0967389388330689,0.0,0.0,0.0,0.0,0.0
4.742105263157895,2048,balanced,ovr,linear,None,0.8600975149522284,0.9315529702097655,0.7886420596946914,0.21135794030530874,0.06844702979023444,0.0,0.0,0.0,0.0,0.0
4.2163157894736845,2048,,ovr,linear,ClusterCentroids,0.8611814618995447,0.920676890534109,0.8016860332649807,0.19831396673501936,0.07932310946589106,0.0,0.0,0.0,0.0,0.0
4.2163157894736845,2048,,ovr,linear,EditedNearestNeighbours,0.8606382669813325,0.9326458663846289,0.7886306675780362,0.211369332421964,0.06735413361537106,0.0,0.0,0.0,0.0,0.0
4.2163157894736845,2048,balanced,ovr,linear,ClusterCentroids,0.8611814618995447,0.920676890534109,0.8016860332649807,0.19831396673501936,0.07932310946589106,0.0,0.0,0.0,0.0,0.0
4.2163157894736845,2048,,ovr,linear,InstanceHardnessThreshold,0.8608642779006552,0.9304777013925613,0.7912508544087492,0.20874914559125082,0.06952229860743875,0.0,0.0,0.0,0.0,0.0
4.2163157894736845,2048,balanced,ovr,linear,EditedNearestNeighbours,0.8610913732097177,0.9326634937422881,0.7895192526771474,0.2104807473228526,0.06733650625771197,0.0,0.0,0.0,0.0,0.0
4.2163157894736845,2048,,ovr,linear,NearMiss,0.8588988004119235,0.9239379517010401,0.793859649122807,0.20614035087719298,0.07606204829895999,0.0,0.0,0.0,0.0,0.0
4.742105263157895,2048,balanced,ovr,linear,ClusterCentroids,0.860635013812113,0.9195839943592455,0.8016860332649807,0.19831396673501936,0.08041600564075446,0.0,0.0,0.0,0.0,0.0
4.742105263157895,2048,,ovr,linear,ClusterCentroids,0.860635013812113,0.9195839943592455,0.8016860332649807,0.19831396673501936,0.08041600564075446,0.0,0.0,0.0,0.0,0.0
4.2163157894736845,2048,balanced,ovr,linear,InstanceHardnessThreshold,0.8608642779006552,0.9304777013925613,0.7912508544087492,0.20874914559125082,0.06952229860743875,0.0,0.0,0.0,0.0,0.0
4.2163157894736845,2048,,ovr,linear,NeighbourhoodCleaningRule,0.8601006325727303,0.9315705975674247,0.788630667578036,0.211369332421964,0.06842940243257535,0.0,0.0,0.0,0.0,0.0
4.742105263157895,2048,balanced,ovr,linear,EditedNearestNeighbours,0.8619571740755186,0.9326634937422881,0.7912508544087492,0.20874914559125082,0.06733650625771197,0.0,0.0,0.0,0.0,0.0
4.742105263157895,2048,,ovr,linear,EditedNearestNeighbours,0.8606382669813325,0.9326458663846289,0.7886306675780362,0.211369332421964,0.06735413361537106,0.0,0.0,0.0,0.0,0.0
4.2163157894736845,2048,balanced,ovr,linear,NearMiss,0.8588988004119235,0.9239379517010401,0.793859649122807,0.20614035087719298,0.07606204829895999,0.0,0.0,0.0,0.0,0.0
4.742105263157895,2048,balanced,ovr,linear,InstanceHardnessThreshold,0.8608642779006552,0.9304777013925613,0.7912508544087492,0.20874914559125082,0.06952229860743875,0.0,0.0,0.0,0.0,0.0
4.742105263157895,2048,,ovr,linear,InstanceHardnessThreshold,0.8608642779006552,0.9304777013925613,0.7912508544087492,0.20874914559125082,0.06952229860743875,0.0,0.0,0.0,0.0,0.0
4.2163157894736845,2048,,ovr,linear,OneSidedSelection,0.8600964305624886,0.927199012867971,0.7929938482570064,0.20700615174299383,0.07280098713202891,0.0,0.0,0.0,0.0,0.0
4.2163157894736845,2048,,ovr,linear,RandomUnderSampler,0.8602937774463562,0.9110523532522475,0.809535201640465,0.1904647983595352,0.0889476467477525,0.0,0.0,0.0,0.0,0.0
4.742105263157895,2048,balanced,ovr,linear,NearMiss,0.8588988004119235,0.9239379517010401,0.793859649122807,0.20614035087719298,0.07606204829895999,0.0,0.0,0.0,0.0,0.0
4.2163157894736845,2048,balanced,ovr,linear,NeighbourhoodCleaningRule,0.862509318221278,0.9337563899171514,0.7912622465254046,0.20873775347459558,0.06624361008284858,0.0,0.0,0.0,0.0,0.0
4.742105263157895,2048,,ovr,linear,NearMiss,0.8588988004119235,0.9239379517010401,0.793859649122807,0.20614035087719298,0.07606204829895999,0.0,0.0,0.0,0.0,0.0
4.2163157894736845,2048,,ovr,linear,TomekLinks,0.8603193238613095,0.9250132205182443,0.7956254272043747,0.20437457279562543,0.07498677948175568,0.0,0.0,0.0,0.0,0.0
4.2163157894736845,2048,,ovr,linear,ADASYN,0.8575908757760465,0.9326458663846289,0.7825358851674641,0.2174641148325359,0.06735413361537106,0.0,0.0,0.0,0.0,0.0
4.2163157894736845,2048,,ovr,linear,RandomOverSampler,0.8598761157014936,0.9293671778600388,0.7903850535429484,0.20961494645705173,0.07063282213996123,0.0,0.0,0.0,0.0,0.0
4.742105263157895,2048,balanced,ovr,linear,NeighbourhoodCleaningRule,0.862509318221278,0.9337563899171514,0.7912622465254046,0.20873775347459558,0.06624361008284858,0.0,0.0,0.0,0.0,0.0
4.2163157894736845,2048,balanced,ovr,linear,OneSidedSelection,0.8603147121927216,0.9293671778600388,0.7912622465254046,0.20873775347459556,0.07063282213996122,0.0,0.0,0.0,0.0,0.0
4.742105263157895,2048,,ovr,linear,NeighbourhoodCleaningRule,0.8601006325727303,0.9315705975674247,0.788630667578036,0.211369332421964,0.06842940243257535,0.0,0.0,0.0,0.0,0.0
4.2163157894736845,2048,balanced,ovr,linear,RandomUnderSampler,0.8602937774463562,0.9110523532522475,0.809535201640465,0.1904647983595352,0.0889476467477525,0.0,0.0,0.0,0.0,0.0
4.2163157894736845,2048,,ovr,linear,SMOTE,0.8602042821586923,0.9282919090428345,0.7921166552745501,0.20788334472544998,0.07170809095716552,0.0,0.0,0.0,0.0,0.0
4.2163157894736845,2048,balanced,ovr,linear,TomekLinks,0.8611862091168501,0.9293671778600388,0.7930052403736615,0.20699475962633854,0.07063282213996122,0.0,0.0,0.0,0.0,0.0
4.2163157894736845,2048,balanced,ovr,linear,ADASYN,0.8575908757760465,0.9326458663846289,0.7825358851674641,0.2174641148325359,0.06735413361537106,0.0,0.0,0.0,0.0,0.0
4.742105263157895,2048,balanced,ovr,linear,OneSidedSelection,0.8596635301295881,0.927199012867971,0.7921280473912052,0.20787195260879474,0.0728009871320289,0.0,0.0,0.0,0.0,0.0
4.742105263157895,2048,balanced,ovr,linear,RandomUnderSampler,0.8598608770134556,0.9110523532522475,0.8086694007746639,0.1913305992253361,0.0889476467477525,0.0,0.0,0.0,0.0,0.0
4.2163157894736845,2048,balanced,ovr,linear,RandomOverSampler,0.8598761157014936,0.9293671778600388,0.7903850535429484,0.20961494645705173,0.07063282213996123,0.0,0.0,0.0,0.0,0.0
4.742105263157895,2048,,ovr,linear,OneSidedSelection,0.8600964305624886,0.927199012867971,0.7929938482570064,0.20700615174299383,0.07280098713202891,0.0,0.0,0.0,0.0,0.0
4.742105263157895,2048,,ovr,linear,RandomUnderSampler,0.8598608770134556,0.9110523532522475,0.8086694007746639,0.1913305992253361,0.0889476467477525,0.0,0.0,0.0,0.0,0.0
4.2163157894736845,2048,,ovr,linear,SMOTEENN,0.8236639655723126,0.7221399612198133,0.9251879699248121,0.07481203007518797,0.2778600387801869,0.0,0.0,0.0,0.0,0.0
4.742105263157895,2048,balanced,ovr,linear,TomekLinks,0.8610814751411485,0.9282919090428344,0.7938710412394624,0.2061289587605377,0.07170809095716553,0.0,0.0,0.0,0.0,0.0
4.2163157894736845,2048,balanced,ovr,linear,SMOTE,0.8602042821586923,0.9282919090428345,0.7921166552745501,0.20788334472544998,0.07170809095716552,0.0,0.0,0.0,0.0,0.0
4.742105263157895,2048,,ovr,linear,TomekLinks,0.8603193238613095,0.9250132205182443,0.7956254272043747,0.20437457279562543,0.07498677948175568,0.0,0.0,0.0,0.0,0.0
4.742105263157895,2048,balanced,ovr,linear,ADASYN,0.8575908757760465,0.9326458663846289,0.7825358851674641,0.2174641148325359,0.06735413361537106,0.0,0.0,0.0,0.0,0.0
4.742105263157895,2048,,ovr,linear,ADASYN,0.8575908757760465,0.9326458663846289,0.7825358851674641,0.2174641148325359,0.06735413361537106,0.0,0.0,0.0,0.0,0.0
4.742105263157895,2048,balanced,ovr,linear,RandomOverSampler,0.8598761157014936,0.9293671778600388,0.7903850535429484,0.20961494645705173,0.07063282213996123,0.0,0.0,0.0,0.0,0.0
4.742105263157895,2048,,ovr,linear,RandomOverSampler,0.8598761157014936,0.9293671778600388,0.7903850535429484,0.20961494645705173,0.07063282213996123,0.0,0.0,0.0,0.0,0.0
4.2163157894736845,2048,,ovr,linear,SMOTETomek,0.8534014534919097,0.8946589106292967,0.8121439963545227,0.18785600364547736,0.10534108937070334,0.0,0.0,0.0,0.0,0.0
5.267894736842106,2048,,ovr,linear,None,0.8556287900174455,0.9043539573417944,0.8069036226930963,0.19309637730690363,0.09564604265820553,0.0,0.0,0.0,0.0,0.0
4.2163157894736845,2048,balanced,ovr,linear,SMOTEENN,0.8215090060375205,0.7404547858276045,0.9025632262474369,0.09743677375256321,0.25954521417239557,0.0,0.0,0.0,0.0,0.0
4.742105263157895,2048,balanced,ovr,linear,SMOTE,0.8602042821586923,0.9282919090428345,0.7921166552745501,0.20788334472544998,0.07170809095716552,0.0,0.0,0.0,0.0,0.0
4.742105263157895,2048,,ovr,linear,SMOTE,0.8602042821586923,0.9282919090428345,0.7921166552745501,0.20788334472544998,0.07170809095716552,0.0,0.0,0.0,0.0,0.0
4.2163157894736845,2048,balanced,ovr,linear,SMOTETomek,0.8576486436272405,0.9066278864798166,0.8086694007746639,0.1913305992253361,0.09337211352018332,0.0,0.0,0.0,0.0,0.0
4.742105263157895,2048,balanced,ovr,linear,SMOTEENN,0.8198929851912121,0.7372113520183324,0.902574618364092,0.09742538163590793,0.26278864798166757,0.0,0.0,0.0,0.0,0.0
4.742105263157895,2048,,ovr,linear,SMOTEENN,0.8246490101509725,0.7232328573946766,0.9260651629072681,0.07393483709273183,0.2767671426053235,0.0,0.0,0.0,0.0,0.0
5.267894736842106,2048,balanced,ovr,linear,None,0.8600975149522284,0.9315529702097655,0.7886420596946914,0.21135794030530874,0.06844702979023444,0.0,0.0,0.0,0.0,0.0
4.742105263157895,2048,balanced,ovr,linear,SMOTETomek,0.8568751002307461,0.9033491979552265,0.8104010025062657,0.18959899749373435,0.09665080204477348,0.0,0.0,0.0,0.0,0.0
4.742105263157895,2048,,ovr,linear,SMOTETomek,0.8520902756868134,0.8903049532875021,0.8138755980861244,0.1861244019138756,0.1096950467124978,0.0,0.0,0.0,0.0,0.0
5.267894736842106,2048,,ovr,linear,ClusterCentroids,0.8600885657246814,0.9184910981843822,0.8016860332649807,0.19831396673501936,0.08150890181561785,0.0,0.0,0.0,0.0,0.0
5.793684210526316,2048,balanced,ovr,linear,None,0.8600975149522284,0.9315529702097655,0.7886420596946914,0.21135794030530874,0.06844702979023444,0.0,0.0,0.0,0.0,0.0
5.793684210526316,2048,,ovr,linear,None,0.8556287900174455,0.9043539573417944,0.8069036226930963,0.19309637730690363,0.09564604265820553,0.0,0.0,0.0,0.0,0.0
5.267894736842106,2048,,ovr,linear,EditedNearestNeighbours,0.8606382669813325,0.9326458663846289,0.7886306675780362,0.211369332421964,0.06735413361537106,0.0,0.0,0.0,0.0,0.0
5.267894736842106,2048,,ovr,linear,InstanceHardnessThreshold,0.8608642779006552,0.9304777013925613,0.7912508544087492,0.20874914559125082,0.06952229860743875,0.0,0.0,0.0,0.0,0.0
5.267894736842106,2048,,ovr,linear,NearMiss,0.8583523523244918,0.9228450555261767,0.793859649122807,0.20614035087719298,0.07715494447382337,0.0,0.0,0.0,0.0,0.0
5.267894736842106,2048,balanced,ovr,linear,ClusterCentroids,0.8600885657246814,0.9184910981843822,0.8016860332649807,0.19831396673501936,0.08150890181561785,0.0,0.0,0.0,0.0,0.0
5.267894736842106,2048,balanced,ovr,linear,EditedNearestNeighbours,0.8608642779006552,0.9304777013925613,0.7912508544087492,0.20874914559125082,0.06952229860743873,0.0,0.0,0.0,0.0,0.0
5.267894736842106,2048,,ovr,linear,NeighbourhoodCleaningRule,0.8606470806601619,0.9326634937422881,0.788630667578036,0.211369332421964,0.06733650625771197,0.0,0.0,0.0,0.0,0.0
5.793684210526316,2048,balanced,ovr,linear,ClusterCentroids,0.8595421176372496,0.9173982020095188,0.8016860332649807,0.19831396673501936,0.08260179799048123,0.0,0.0,0.0,0.0,0.0
5.793684210526316,2048,,ovr,linear,ClusterCentroids,0.8595421176372496,0.9173982020095188,0.8016860332649807,0.19831396673501936,0.08260179799048123,0.0,0.0,0.0,0.0,0.0
5.793684210526316,2048,balanced,ovr,linear,EditedNearestNeighbours,0.8597656856674641,0.9282919090428345,0.7912394622920939,0.20876053770790612,0.07170809095716553,0.0,0.0,0.0,0.0,0.0
5.267894736842106,2048,balanced,ovr,linear,InstanceHardnessThreshold,0.8608642779006552,0.9304777013925613,0.7912508544087492,0.20874914559125082,0.06952229860743875,0.0,0.0,0.0,0.0,0.0
5.267894736842106,2048,,ovr,linear,OneSidedSelection,0.8595499824750569,0.9261061166931076,0.7929938482570064,0.20700615174299383,0.0738938833068923,0.0,0.0,0.0,0.0,0.0
5.793684210526316,2048,,ovr,linear,EditedNearestNeighbours,0.8606382669813325,0.9326458663846289,0.7886306675780362,0.211369332421964,0.06735413361537106,0.0,0.0,0.0,0.0,0.0
5.267894736842106,2048,,ovr,linear,RandomUnderSampler,0.8587679808385923,0.9088665609025207,0.8086694007746639,0.1913305992253361,0.09113343909747929,0.0,0.0,0.0,0.0,0.0
5.267894736842106,2048,balanced,ovr,linear,NearMiss,0.8583523523244918,0.9228450555261767,0.793859649122807,0.20614035087719298,0.07715494447382337,0.0,0.0,0.0,0.0,0.0
5.793684210526316,2048,balanced,ovr,linear,InstanceHardnessThreshold,0.8608642779006552,0.9304777013925613,0.7912508544087492,0.20874914559125082,0.06952229860743875,0.0,0.0,0.0,0.0,0.0
5.267894736842106,2048,,ovr,linear,TomekLinks,0.8597728757738778,0.9239203243433809,0.7956254272043747,0.20437457279562543,0.07607967565661908,0.0,0.0,0.0,0.0,0.0
5.793684210526316,2048,,ovr,linear,InstanceHardnessThreshold,0.8608642779006552,0.9304777013925613,0.7912508544087492,0.20874914559125082,0.06952229860743875,0.0,0.0,0.0,0.0,0.0
5.793684210526316,2048,balanced,ovr,linear,NearMiss,0.8583523523244918,0.9228450555261767,0.793859649122807,0.20614035087719298,0.07715494447382337,0.0,0.0,0.0,0.0,0.0
5.267894736842106,2048,,ovr,linear,ADASYN,0.8567250749102456,0.9326458663846289,0.7808042834358625,0.2191957165641376,0.06735413361537106,0.0,0.0,0.0,0.0,0.0
5.267894736842106,2048,,ovr,linear,RandomOverSampler,0.8598761157014936,0.9293671778600388,0.7903850535429484,0.20961494645705173,0.07063282213996123,0.0,0.0,0.0,0.0,0.0
5.267894736842106,2048,balanced,ovr,linear,NeighbourhoodCleaningRule,0.862509318221278,0.9337563899171514,0.7912622465254046,0.20873775347459558,0.06624361008284858,0.0,0.0,0.0,0.0,0.0
5.793684210526316,2048,,ovr,linear,NearMiss,0.8583523523244918,0.9228450555261767,0.793859649122807,0.20614035087719298,0.07715494447382337,0.0,0.0,0.0,0.0,0.0
5.267894736842106,2048,,ovr,linear,SMOTE,0.8602042821586923,0.9282919090428345,0.7921166552745501,0.20788334472544998,0.07170809095716552,0.0,0.0,0.0,0.0,0.0
5.793684210526316,2048,balanced,ovr,linear,NeighbourhoodCleaningRule,0.8629422186541783,0.9337563899171514,0.7921280473912052,0.20787195260879474,0.06624361008284858,0.0,0.0,0.0,0.0,0.0
5.267894736842106,2048,balanced,ovr,linear,OneSidedSelection,0.8596635301295881,0.927199012867971,0.7921280473912052,0.20787195260879474,0.0728009871320289,0.0,0.0,0.0,0.0,0.0
5.793684210526316,2048,,ovr,linear,NeighbourhoodCleaningRule,0.8606470806601619,0.9326634937422881,0.788630667578036,0.211369332421964,0.06733650625771197,0.0,0.0,0.0,0.0,0.0
5.267894736842106,2048,balanced,ovr,linear,RandomUnderSampler,0.8587679808385923,0.9088665609025207,0.8086694007746639,0.1913305992253361,0.09113343909747929,0.0,0.0,0.0,0.0,0.0
5.267894736842106,2048,,ovr,linear,SMOTEENN,0.826058141483703,0.724308126211881,0.9278081567555251,0.07219184324447482,0.27569187378811916,0.0,0.0,0.0,0.0,0.0
5.267894736842106,2048,balanced,ovr,linear,TomekLinks,0.8610814751411485,0.9282919090428344,0.7938710412394624,0.2061289587605377,0.07170809095716553,0.0,0.0,0.0,0.0,0.0
5.793684210526316,2048,balanced,ovr,linear,OneSidedSelection,0.8591170820421564,0.9261061166931076,0.7921280473912052,0.20787195260879474,0.0738938833068923,0.0,0.0,0.0,0.0,0.0
5.793684210526316,2048,balanced,ovr,linear,RandomUnderSampler,0.8593056152471945,0.9099418297197249,0.8086694007746639,0.1913305992253361,0.090058170280275,0.0,0.0,0.0,0.0,0.0
5.267894736842106,2048,balanced,ovr,linear,ADASYN,0.8567250749102456,0.9326458663846289,0.7808042834358625,0.2191957165641376,0.06735413361537106,0.0,0.0,0.0,0.0,0.0
5.267894736842106,2048,balanced,ovr,linear,RandomOverSampler,0.8598761157014936,0.9293671778600388,0.7903850535429484,0.20961494645705173,0.07063282213996123,0.0,0.0,0.0,0.0,0.0
5.793684210526316,2048,,ovr,linear,OneSidedSelection,0.8584570863001936,0.9239203243433809,0.7929938482570064,0.20700615174299383,0.07607967565661908,0.0,0.0,0.0,0.0,0.0
5.793684210526316,2048,,ovr,linear,RandomUnderSampler,0.8593056152471945,0.9099418297197249,0.8086694007746639,0.1913305992253361,0.090058170280275,0.0,0.0,0.0,0.0,0.0
5.793684210526316,2048,balanced,ovr,linear,TomekLinks,0.8605350270537168,0.927199012867971,0.7938710412394624,0.2061289587605377,0.07280098713202891,0.0,0.0,0.0,0.0,0.0
5.267894736842106,2048,,ovr,linear,SMOTETomek,0.8525288721780414,0.8903049532875021,0.8147527910685805,0.18524720893141944,0.1096950467124978,0.0,0.0,0.0,0.0,0.0
6.319473684210527,2048,,ovr,linear,None,0.8546494414971134,0.9032610611669311,0.8060378218272954,0.19396217817270447,0.09673893883306893,0.0,0.0,0.0,0.0,0.0
5.793684210526316,2048,balanced,ovr,linear,ADASYN,0.8567250749102456,0.9326458663846289,0.7808042834358625,0.2191957165641376,0.06735413361537106,0.0,0.0,0.0,0.0,0.0
5.267894736842106,2048,balanced,ovr,linear,SMOTE,0.8602042821586923,0.9282919090428345,0.7921166552745501,0.20788334472544998,0.07170809095716552,0.0,0.0,0.0,0.0,0.0
5.793684210526316,2048,,ovr,linear,TomekLinks,0.8586799795990144,0.9217345319936542,0.7956254272043747,0.20437457279562543,0.07826546800634586,0.0,0.0,0.0,0.0,0.0
5.793684210526316,2048,balanced,ovr,linear,RandomOverSampler,0.8598761157014936,0.9293671778600388,0.7903850535429484,0.20961494645705173,0.07063282213996123,0.0,0.0,0.0,0.0,0.0
5.793684210526316,2048,,ovr,linear,ADASYN,0.8567250749102456,0.9326458663846289,0.7808042834358625,0.2191957165641376,0.06735413361537106,0.0,0.0,0.0,0.0,0.0
5.793684210526316,2048,,ovr,linear,RandomOverSampler,0.8598761157014936,0.9293671778600388,0.7903850535429484,0.20961494645705173,0.07063282213996123,0.0,0.0,0.0,0.0,0.0
5.793684210526316,2048,balanced,ovr,linear,SMOTE,0.8600964305624886,0.9271990128679711,0.7929938482570061,0.20700615174299383,0.0728009871320289,0.0,0.0,0.0,0.0,0.0
5.267894736842106,2048,balanced,ovr,linear,SMOTEENN,0.8220611501832797,0.7415476820024679,0.902574618364092,0.09742538163590793,0.2584523179975322,0.0,0.0,0.0,0.0,0.0
5.793684210526316,2048,,ovr,linear,SMOTE,0.8600964305624886,0.9271990128679711,0.7929938482570061,0.20700615174299383,0.0728009871320289,0.0,0.0,0.0,0.0,0.0
5.793684210526316,2048,balanced,ovr,linear,SMOTEENN,0.8226075982707116,0.7426405781773312,0.9025746183640919,0.09742538163590796,0.2573594218226688,0.0,0.0,0.0,0.0,0.0
5.267894736842106,2048,balanced,ovr,linear,SMOTETomek,0.8557910177347123,0.901181032963159,0.8104010025062657,0.18959899749373435,0.09881896703684118,0.0,0.0,0.0,0.0,0.0
6.319473684210527,2048,,ovr,linear,ClusterCentroids,0.8595421176372496,0.9173982020095188,0.8016860332649807,0.19831396673501936,0.08260179799048123,0.0,0.0,0.0,0.0,0.0
5.793684210526316,2048,,ovr,linear,SMOTEENN,0.8261628754594046,0.7253833950290852,0.9269423558897243,0.0730576441102757,0.2746166049709149,0.0,0.0,0.0,0.0,0.0
6.319473684210527,2048,balanced,ovr,linear,None,0.8600975149522284,0.9315529702097655,0.7886420596946914,0.21135794030530874,0.06844702979023444,0.0,0.0,0.0,0.0,0.0
6.319473684210527,2048,,ovr,linear,EditedNearestNeighbours,0.8592203219697723,0.9315529702097655,0.7868876737297791,0.213112326270221,0.06844702979023444,0.0,0.0,0.0,0.0,0.0
5.793684210526316,2048,balanced,ovr,linear,SMOTETomek,0.8557910177347123,0.901181032963159,0.8104010025062657,0.18959899749373435,0.09881896703684118,0.0,0.0,0.0,0.0,0.0
6.845263157894737,2048,,ovr,linear,None,0.8555209384212418,0.9032610611669311,0.8077808156755525,0.19221918432444748,0.09673893883306893,0.0,0.0,0.0,0.0,0.0
5.793684210526316,2048,,ovr,linear,SMOTETomek,0.8524241382023398,0.8892296844702979,0.8156185919343816,0.18438140806561862,0.11077031552970211,0.0,0.0,0.0,0.0,0.0
6.845263157894737,2048,balanced,ovr,linear,None,0.8600975149522284,0.9315529702097655,0.7886420596946914,0.21135794030530874,0.06844702979023444,0.0,0.0,0.0,0.0,0.0
6.319473684210527,2048,,ovr,linear,InstanceHardnessThreshold,0.8608642779006552,0.9304777013925613,0.7912508544087492,0.20874914559125082,0.06952229860743875,0.0,0.0,0.0,0.0,0.0
6.319473684210527,2048,,ovr,linear,NearMiss,0.8588988004119235,0.9239379517010401,0.793859649122807,0.20614035087719298,0.07606204829895999,0.0,0.0,0.0,0.0,0.0
6.319473684210527,2048,,ovr,linear,NeighbourhoodCleaningRule,0.8606470806601619,0.9326634937422881,0.788630667578036,0.211369332421964,0.06733650625771197,0.0,0.0,0.0,0.0,0.0
6.319473684210527,2048,,ovr,linear,OneSidedSelection,0.8584570863001936,0.9239203243433809,0.7929938482570064,0.20700615174299383,0.07607967565661908,0.0,0.0,0.0,0.0,0.0
6.319473684210527,2048,,ovr,linear,RandomUnderSampler,0.8593056152471945,0.9099418297197249,0.8086694007746639,0.1913305992253361,0.090058170280275,0.0,0.0,0.0,0.0,0.0
6.319473684210527,2048,balanced,ovr,linear,ClusterCentroids,0.8595421176372496,0.9173982020095188,0.8016860332649807,0.19831396673501936,0.08260179799048123,0.0,0.0,0.0,0.0,0.0
6.319473684210527,2048,,ovr,linear,TomekLinks,0.8581335315115828,0.9206416358187908,0.7956254272043747,0.20437457279562543,0.07935836418120924,0.0,0.0,0.0,0.0,0.0
6.319473684210527,2048,balanced,ovr,linear,EditedNearestNeighbours,0.8593327852345638,0.9282919090428345,0.7903736614262931,0.20962633857370702,0.07170809095716553,0.0,0.0,0.0,0.0,0.0
6.319473684210527,2048,,ovr,linear,ADASYN,0.8571579753431462,0.9326458663846289,0.7816700843016634,0.21832991569833674,0.06735413361537106,0.0,0.0,0.0,0.0,0.0
6.319473684210527,2048,,ovr,linear,RandomOverSampler,0.8594375192102656,0.9293671778600388,0.7895078605604923,0.21049213943950787,0.07063282213996123,0.0,0.0,0.0,0.0,0.0
6.845263157894737,2048,balanced,ovr,linear,ClusterCentroids,0.8594285699827185,0.9163053058346554,0.8025518341307815,0.1974481658692185,0.0836946941653446,0.0,0.0,0.0,0.0,0.0
6.319473684210527,2048,,ovr,linear,SMOTE,0.8600964305624886,0.9271990128679711,0.7929938482570061,0.20700615174299383,0.0728009871320289,0.0,0.0,0.0,0.0,0.0
6.319473684210527,2048,balanced,ovr,linear,InstanceHardnessThreshold,0.8608642779006552,0.9304777013925613,0.7912508544087492,0.20874914559125082,0.06952229860743875,0.0,0.0,0.0,0.0,0.0
6.845263157894737,2048,,ovr,linear,ClusterCentroids,0.8594285699827185,0.9163053058346554,0.8025518341307815,0.1974481658692185,0.0836946941653446,0.0,0.0,0.0,0.0,0.0
6.845263157894737,2048,balanced,ovr,linear,EditedNearestNeighbours,0.8600850384458333,0.9271990128679711,0.7929710640236957,0.20702893597630437,0.07280098713202891,0.0,0.0,0.0,0.0,0.0
6.845263157894737,2048,,ovr,linear,EditedNearestNeighbours,0.8585748359649665,0.929384805217698,0.7877648667122351,0.2122351332877649,0.07061519478230213,0.0,0.0,0.0,0.0,0.0
6.319473684210527,2048,balanced,ovr,linear,NearMiss,0.8588988004119235,0.9239379517010401,0.793859649122807,0.20614035087719298,0.07606204829895999,0.0,0.0,0.0,0.0,0.0
6.319473684210527,2048,,ovr,linear,SMOTEENN,0.8245235311971095,0.7221047065044951,0.9269423558897243,0.0730576441102757,0.277895293495505,0.0,0.0,0.0,0.0,0.0
6.845263157894737,2048,balanced,ovr,linear,InstanceHardnessThreshold,0.8608642779006552,0.9304777013925613,0.7912508544087492,0.20874914559125082,0.06952229860743875,0.0,0.0,0.0,0.0,0.0
6.845263157894737,2048,,ovr,linear,InstanceHardnessThreshold,0.8608642779006552,0.9304777013925613,0.7912508544087492,0.20874914559125082,0.06952229860743875,0.0,0.0,0.0,0.0,0.0
6.319473684210527,2048,balanced,ovr,linear,NeighbourhoodCleaningRule,0.8629422186541783,0.9337563899171514,0.7921280473912052,0.20787195260879474,0.06624361008284858,0.0,0.0,0.0,0.0,0.0
6.845263157894737,2048,balanced,ovr,linear,NearMiss,0.8583523523244918,0.9228450555261767,0.793859649122807,0.20614035087719298,0.07715494447382337,0.0,0.0,0.0,0.0,0.0
6.845263157894737,2048,,ovr,linear,NearMiss,0.8583523523244918,0.9228450555261767,0.793859649122807,0.20614035087719298,0.07715494447382337,0.0,0.0,0.0,0.0,0.0
6.319473684210527,2048,,ovr,linear,SMOTETomek,0.8524241382023398,0.8892296844702979,0.8156185919343816,0.18438140806561862,0.11077031552970211,0.0,0.0,0.0,0.0,0.0
7.371052631578948,2048,,ovr,linear,None,0.8555209384212418,0.9032610611669311,0.8077808156755525,0.19221918432444748,0.09673893883306893,0.0,0.0,0.0,0.0,0.0
6.319473684210527,2048,balanced,ovr,linear,OneSidedSelection,0.8591170820421564,0.9261061166931076,0.7921280473912052,0.20787195260879474,0.0738938833068923,0.0,0.0,0.0,0.0,0.0
6.845263157894737,2048,balanced,ovr,linear,NeighbourhoodCleaningRule,0.8629422186541783,0.9337563899171514,0.7921280473912052,0.20787195260879474,0.06624361008284858,0.0,0.0,0.0,0.0,0.0
6.319473684210527,2048,balanced,ovr,linear,RandomUnderSampler,0.8593056152471945,0.9099418297197249,0.8086694007746639,0.1913305992253361,0.090058170280275,0.0,0.0,0.0,0.0,0.0
6.845263157894737,2048,,ovr,linear,NeighbourhoodCleaningRule,0.8606470806601619,0.9326634937422881,0.788630667578036,0.211369332421964,0.06733650625771197,0.0,0.0,0.0,0.0,0.0
6.319473684210527,2048,balanced,ovr,linear,TomekLinks,0.8609736235449447,0.927199012867971,0.7947482342219185,0.20525176577808155,0.07280098713202891,0.0,0.0,0.0,0.0,0.0
6.319473684210527,2048,balanced,ovr,linear,ADASYN,0.8567250749102456,0.9326458663846289,0.7808042834358625,0.2191957165641376,0.06735413361537106,0.0,0.0,0.0,0.0,0.0
6.845263157894737,2048,balanced,ovr,linear,OneSidedSelection,0.8596635301295881,0.927199012867971,0.7921280473912052,0.20787195260879474,0.07280098713202891,0.0,0.0,0.0,0.0,0.0
6.319473684210527,2048,balanced,ovr,linear,RandomOverSampler,0.8594375192102656,0.9293671778600388,0.7895078605604923,0.21049213943950787,0.07063282213996123,0.0,0.0,0.0,0.0,0.0
6.845263157894737,2048,balanced,ovr,linear,RandomUnderSampler,0.8593056152471945,0.9099418297197249,0.8086694007746639,0.1913305992253361,0.090058170280275,0.0,0.0,0.0,0.0,0.0
6.845263157894737,2048,,ovr,linear,OneSidedSelection,0.8590035343876252,0.9250132205182443,0.7929938482570064,0.20700615174299383,0.0749867794817557,0.0,0.0,0.0,0.0,0.0
6.845263157894737,2048,,ovr,linear,RandomUnderSampler,0.8593056152471945,0.9099418297197249,0.8086694007746639,0.1913305992253361,0.090058170280275,0.0,0.0,0.0,0.0,0.0
6.845263157894737,2048,balanced,ovr,linear,TomekLinks,0.8597770777841195,0.9282919090428345,0.7912622465254046,0.20873775347459556,0.07170809095716553,0.0,0.0,0.0,0.0,0.0
6.319473684210527,2048,balanced,ovr,linear,SMOTE,0.8600964305624886,0.9271990128679711,0.7929938482570061,0.20700615174299383,0.0728009871320289,0.0,0.0,0.0,0.0,0.0
7.371052631578948,2048,,ovr,linear,ClusterCentroids,0.8583444874866846,0.9141371408425876,0.8025518341307815,0.1974481658692185,0.0858628591574123,0.0,0.0,0.0,0.0,0.0
6.845263157894737,2048,,ovr,linear,TomekLinks,0.8581335315115828,0.9206416358187908,0.7956254272043747,0.20437457279562543,0.07935836418120924,0.0,0.0,0.0,0.0,0.0
6.845263157894737,2048,balanced,ovr,linear,ADASYN,0.8567250749102456,0.9326458663846289,0.7808042834358625,0.2191957165641376,0.06735413361537106,0.0,0.0,0.0,0.0,0.0
6.845263157894737,2048,,ovr,linear,ADASYN,0.856620340934544,0.9315705975674247,0.7816700843016634,0.21832991569833674,0.06842940243257535,0.0,0.0,0.0,0.0,0.0
6.845263157894737,2048,balanced,ovr,linear,RandomOverSampler,0.8594375192102656,0.9293671778600388,0.7895078605604923,0.21049213943950787,0.07063282213996123,0.0,0.0,0.0,0.0,0.0
7.371052631578948,2048,,ovr,linear,EditedNearestNeighbours,0.8590077363978669,0.929384805217698,0.7886306675780362,0.21136933242196398,0.07061519478230213,0.0,0.0,0.0,0.0,0.0
6.845263157894737,2048,,ovr,linear,RandomOverSampler,0.8594375192102656,0.9293671778600388,0.7895078605604923,0.21049213943950787,0.07063282213996123,0.0,0.0,0.0,0.0,0.0
6.319473684210527,2048,balanced,ovr,linear,SMOTEENN,0.8266032852912533,0.7480345496210118,0.9051720209614946,0.09482797903850536,0.25196545037898815,0.0,0.0,0.0,0.0,0.0
6.845263157894737,2048,balanced,ovr,linear,SMOTE,0.859988578966285,0.9261061166931078,0.7938710412394624,0.2061289587605377,0.0738938833068923,0.0,0.0,0.0,0.0,0.0
6.845263157894737,2048,,ovr,linear,SMOTE,0.859988578966285,0.9261061166931078,0.7938710412394624,0.2061289587605377,0.0738938833068923,0.0,0.0,0.0,0.0,0.0
7.371052631578948,2048,,ovr,linear,InstanceHardnessThreshold,0.8608642779006552,0.9304777013925613,0.7912508544087492,0.20874914559125082,0.06952229860743875,0.0,0.0,0.0,0.0,0.0
7.371052631578948,2048,,ovr,linear,NearMiss,0.8587852527573924,0.9228450555261767,0.794725449988608,0.20527455001139208,0.07715494447382337,0.0,0.0,0.0,0.0,0.0
6.319473684210527,2048,balanced,ovr,linear,SMOTETomek,0.855691979817338,0.9001057641459546,0.8112781954887218,0.18872180451127818,0.09989423585404549,0.0,0.0,0.0,0.0,0.0
6.845263157894737,2048,balanced,ovr,linear,SMOTEENN,0.8265042473738792,0.7469592808038076,0.9060492139439508,0.09395078605604922,0.2530407191961925,0.0,0.0,0.0,0.0,0.0
7.371052631578948,2048,balanced,ovr,linear,None,0.8591269801107259,0.9304777013925613,0.7877762588288905,0.21222374117110956,0.06952229860743875,0.0,0.0,0.0,0.0,0.0
6.845263157894737,2048,,ovr,linear,SMOTEENN,0.8246282651728114,0.7231799753216993,0.9260765550239234,0.07392344497607656,0.27682002467830075,0.0,0.0,0.0,0.0,0.0
7.371052631578948,2048,,ovr,linear,NeighbourhoodCleaningRule,0.8606470806601619,0.9326634937422881,0.788630667578036,0.211369332421964,0.06733650625771197,0.0,0.0,0.0,0.0,0.0
6.845263157894737,2048,balanced,ovr,linear,SMOTETomek,0.8547126312970059,0.899012867971091,0.810412394622921,0.18958760537707908,0.10098713202890885,0.0,0.0,0.0,0.0,0.0
6.845263157894737,2048,,ovr,linear,SMOTETomek,0.8527491870390365,0.8881367882954345,0.8173615857826384,0.1826384142173616,0.1118632117045655,0.0,0.0,0.0,0.0,0.0
7.8968421052631586,2048,,ovr,linear,None,0.8562845837491667,0.9021681649920676,0.8104010025062657,0.18959899749373432,0.0978318350079323,0.0,0.0,0.0,0.0,0.0
7.8968421052631586,2048,balanced,ovr,linear,None,0.8591269801107259,0.9304777013925613,0.7877762588288905,0.21222374117110956,0.06952229860743875,0.0,0.0,0.0,0.0,0.0
7.371052631578948,2048,,ovr,linear,OneSidedSelection,0.8579106382127618,0.9228274281685175,0.7929938482570064,0.20700615174299383,0.07717257183148248,0.0,0.0,0.0,0.0,0.0
7.371052631578948,2048,,ovr,linear,RandomUnderSampler,0.8601714161129953,0.9099418297197249,0.8104010025062657,0.18959899749373432,0.090058170280275,0.0,0.0,0.0,0.0,0.0
7.371052631578948,2048,,ovr,linear,TomekLinks,0.8575958971029806,0.9195663670015864,0.7956254272043747,0.20437457279562543,0.08043363299841354,0.0,0.0,0.0,0.0,0.0
7.371052631578948,2048,balanced,ovr,linear,ClusterCentroids,0.8583444874866846,0.9141371408425876,0.8025518341307815,0.1974481658692185,0.0858628591574123,0.0,0.0,0.0,0.0,0.0
7.371052631578948,2048,,ovr,linear,ADASYN,0.856620340934544,0.9315705975674247,0.7816700843016634,0.21832991569833674,0.06842940243257535,0.0,0.0,0.0,0.0,0.0
7.371052631578948,2048,,ovr,linear,RandomOverSampler,0.8594375192102656,0.9293671778600388,0.7895078605604923,0.21049213943950787,0.07063282213996123,0.0,0.0,0.0,0.0,0.0
7.371052631578948,2048,balanced,ovr,linear,EditedNearestNeighbours,0.8600850384458333,0.9271990128679711,0.7929710640236957,0.20702893597630437,0.07280098713202891,0.0,0.0,0.0,0.0,0.0
7.371052631578948,2048,,ovr,linear,SMOTE,0.859988578966285,0.9261061166931078,0.7938710412394624,0.2061289587605377,0.0738938833068923,0.0,0.0,0.0,0.0,0.0
7.371052631578948,2048,balanced,ovr,linear,InstanceHardnessThreshold,0.8608642779006552,0.9304777013925613,0.7912508544087492,0.20874914559125082,0.06952229860743875,0.0,0.0,0.0,0.0,0.0
7.8968421052631586,2048,balanced,ovr,linear,ClusterCentroids,0.8583444874866846,0.9141371408425876,0.8025518341307815,0.1974481658692185,0.0858628591574123,0.0,0.0,0.0,0.0,0.0
7.371052631578948,2048,,ovr,linear,SMOTEENN,0.8240818170853798,0.7220870791468359,0.9260765550239234,0.07392344497607656,0.2779129208531641,0.0,0.0,0.0,0.0,0.0
7.8968421052631586,2048,,ovr,linear,ClusterCentroids,0.8583444874866846,0.9141371408425876,0.8025518341307815,0.1974481658692185,0.0858628591574123,0.0,0.0,0.0,0.0,0.0
7.371052631578948,2048,balanced,ovr,linear,NearMiss,0.8587852527573924,0.9228450555261767,0.794725449988608,0.20527455001139208,0.07715494447382337,0.0,0.0,0.0,0.0,0.0
7.8968421052631586,2048,balanced,ovr,linear,EditedNearestNeighbours,0.8599803044701316,0.9261237440507668,0.7938368648894963,0.20616313511050355,0.07387625594923321,0.0,0.0,0.0,0.0,0.0
7.8968421052631586,2048,,ovr,linear,EditedNearestNeighbours,0.8590077363978669,0.929384805217698,0.7886306675780362,0.21136933242196398,0.07061519478230213,0.0,0.0,0.0,0.0,0.0
7.371052631578948,2048,,ovr,linear,SMOTETomek,0.853182087471937,0.8881367882954345,0.8182273866484394,0.1817726133515607,0.1118632117045655,0.0,0.0,0.0,0.0,0.0
7.8968421052631586,2048,balanced,ovr,linear,InstanceHardnessThreshold,0.8608642779006552,0.9304777013925613,0.7912508544087492,0.20874914559125082,0.06952229860743875,0.0,0.0,0.0,0.0,0.0
8.42263157894737,2048,,ovr,linear,None,0.8567231802403948,0.9021681649920676,0.8112781954887218,0.18872180451127818,0.0978318350079323,0.0,0.0,0.0,0.0,0.0
7.371052631578948,2048,balanced,ovr,linear,NeighbourhoodCleaningRule,0.8629422186541783,0.9337563899171514,0.7921280473912052,0.20787195260879474,0.06624361008284858,0.0,0.0,0.0,0.0,0.0
7.8968421052631586,2048,,ovr,linear,InstanceHardnessThreshold,0.8608642779006552,0.9304777013925613,0.7912508544087492,0.20874914559125082,0.06952229860743875,0.0,0.0,0.0,0.0,0.0
7.8968421052631586,2048,balanced,ovr,linear,NearMiss,0.8587852527573924,0.9228450555261767,0.794725449988608,0.20527455001139208,0.07715494447382337,0.0,0.0,0.0,0.0,0.0
7.8968421052631586,2048,,ovr,linear,NearMiss,0.8587852527573924,0.9228450555261767,0.794725449988608,0.20527455001139208,0.07715494447382337,0.0,0.0,0.0,0.0,0.0
7.371052631578948,2048,balanced,ovr,linear,OneSidedSelection,0.8596635301295881,0.927199012867971,0.7921280473912052,0.20787195260879474,0.07280098713202891,0.0,0.0,0.0,0.0,0.0
7.371052631578948,2048,balanced,ovr,linear,RandomUnderSampler,0.8601714161129953,0.9099418297197249,0.8104010025062657,0.18959899749373432,0.090058170280275,0.0,0.0,0.0,0.0,0.0
7.8968421052631586,2048,balanced,ovr,linear,NeighbourhoodCleaningRule,0.8629422186541783,0.9337563899171514,0.7921280473912052,0.20787195260879474,0.06624361008284858,0.0,0.0,0.0,0.0,0.0
7.8968421052631586,2048,,ovr,linear,NeighbourhoodCleaningRule,0.8610856771513902,0.9326634937422881,0.7895078605604923,0.21049213943950787,0.06733650625771197,0.0,0.0,0.0,0.0,0.0
8.42263157894737,2048,,ovr,linear,ClusterCentroids,0.8579115870537842,0.9141371408425876,0.8016860332649807,0.19831396673501936,0.0858628591574123,0.0,0.0,0.0,0.0,0.0
7.371052631578948,2048,balanced,ovr,linear,TomekLinks,0.8596692261879157,0.9271990128679711,0.7921394395078606,0.2078605604921394,0.07280098713202891,0.0,0.0,0.0,0.0,0.0
7.371052631578948,2048,balanced,ovr,linear,ADASYN,0.8567250749102456,0.9326458663846289,0.7808042834358625,0.2191957165641376,0.06735413361537106,0.0,0.0,0.0,0.0,0.0
8.42263157894737,2048,,ovr,linear,EditedNearestNeighbours,0.8590077363978669,0.929384805217698,0.7886306675780362,0.21136933242196398,0.07061519478230213,0.0,0.0,0.0,0.0,0.0
7.371052631578948,2048,balanced,ovr,linear,RandomOverSampler,0.8594375192102656,0.9293671778600388,0.7895078605604923,0.21049213943950787,0.07063282213996123,0.0,0.0,0.0,0.0,0.0
7.8968421052631586,2048,balanced,ovr,linear,OneSidedSelection,0.8589055808599909,0.9282919090428345,0.7895192526771475,0.2104807473228526,0.07170809095716553,0.0,0.0,0.0,0.0,0.0
7.8968421052631586,2048,balanced,ovr,linear,RandomUnderSampler,0.8596306640838912,0.9088489335448616,0.810412394622921,0.18958760537707908,0.09115106645513837,0.0,0.0,0.0,0.0,0.0
7.8968421052631586,2048,,ovr,linear,OneSidedSelection,0.8579106382127618,0.9228274281685175,0.7929938482570064,0.20700615174299383,0.07717257183148248,0.0,0.0,0.0,0.0,0.0
7.8968421052631586,2048,,ovr,linear,RandomUnderSampler,0.8596306640838912,0.9088489335448616,0.810412394622921,0.18958760537707908,0.09115106645513837,0.0,0.0,0.0,0.0,0.0
7.371052631578948,2048,balanced,ovr,linear,SMOTE,0.859988578966285,0.9261061166931078,0.7938710412394624,0.2061289587605377,0.0738938833068923,0.0,0.0,0.0,0.0,0.0
8.42263157894737,2048,,ovr,linear,InstanceHardnessThreshold,0.8608642779006552,0.9304777013925613,0.7912508544087492,0.20874914559125082,0.06952229860743875,0.0,0.0,0.0,0.0,0.0
7.8968421052631586,2048,balanced,ovr,linear,TomekLinks,0.8596692261879157,0.9271990128679711,0.7921394395078606,0.2078605604921394,0.07280098713202891,0.0,0.0,0.0,0.0,0.0
7.8968421052631586,2048,,ovr,linear,TomekLinks,0.8575958971029806,0.9195663670015864,0.7956254272043747,0.20437457279562543,0.08043363299841354,0.0,0.0,0.0,0.0,0.0
8.42263157894737,2048,,ovr,linear,NearMiss,0.8587852527573924,0.9228450555261767,0.794725449988608,0.20527455001139208,0.07715494447382337,0.0,0.0,0.0,0.0,0.0
7.8968421052631586,2048,balanced,ovr,linear,ADASYN,0.8567250749102456,0.9326458663846289,0.7808042834358625,0.2191957165641376,0.06735413361537106,0.0,0.0,0.0,0.0,0.0
7.8968421052631586,2048,,ovr,linear,ADASYN,0.856620340934544,0.9315705975674247,0.7816700843016634,0.21832991569833674,0.06842940243257535,0.0,0.0,0.0,0.0,0.0
7.8968421052631586,2048,balanced,ovr,linear,RandomOverSampler,0.8594375192102656,0.9293671778600388,0.7895078605604923,0.21049213943950787,0.07063282213996123,0.0,0.0,0.0,0.0,0.0
7.8968421052631586,2048,,ovr,linear,RandomOverSampler,0.8594375192102656,0.9293671778600388,0.7895078605604923,0.21049213943950787,0.07063282213996123,0.0,0.0,0.0,0.0,0.0
7.371052631578948,2048,balanced,ovr,linear,SMOTEENN,0.8263963957776754,0.7458663846289442,0.906926406926407,0.09307359307359309,0.2541336153710559,0.0,0.0,0.0,0.0,0.0
7.8968421052631586,2048,balanced,ovr,linear,SMOTE,0.8589013788497493,0.923920324343381,0.7938824333561177,0.2061175666438824,0.07607967565661906,0.0,0.0,0.0,0.0,0.0
7.8968421052631586,2048,,ovr,linear,SMOTE,0.8589013788497493,0.923920324343381,0.7938824333561177,0.2061175666438824,0.07607967565661906,0.0,0.0,0.0,0.0,0.0
8.42263157894737,2048,,ovr,linear,NeighbourhoodCleaningRule,0.8610856771513902,0.9326634937422881,0.7895078605604923,0.21049213943950787,0.06733650625771197,0.0,0.0,0.0,0.0,0.0
7.371052631578948,2048,balanced,ovr,linear,SMOTETomek,0.8526403866018105,0.8957341794465009,0.80954659375712,0.1904534062428799,0.10426582055349903,0.0,0.0,0.0,0.0,0.0
8.42263157894737,2048,balanced,ovr,linear,None,0.8590222461350242,0.929402432575357,0.7886420596946913,0.21135794030530872,0.07059756742464306,0.0,0.0,0.0,0.0,0.0
7.8968421052631586,2048,balanced,ovr,linear,SMOTEENN,0.8273669306191781,0.7469416534461484,0.9077922077922077,0.09220779220779222,0.25305834655385157,0.0,0.0,0.0,0.0,0.0
7.8968421052631586,2048,,ovr,linear,SMOTEENN,0.8248496644235462,0.725365767671426,0.9243335611756666,0.07566643882433356,0.274634232328574,0.0,0.0,0.0,0.0,0.0
8.42263157894737,2048,,ovr,linear,OneSidedSelection,0.8579106382127618,0.9228274281685175,0.7929938482570064,0.20700615174299383,0.07717257183148248,0.0,0.0,0.0,0.0,0.0
8.42263157894737,2048,,ovr,linear,RandomUnderSampler,0.8601682984924933,0.909924202362066,0.810412394622921,0.18958760537707908,0.09007579763793407,0.0,0.0,0.0,0.0,0.0
8.42263157894737,2048,,ovr,linear,TomekLinks,0.8580287975358809,0.9195663670015864,0.7964912280701756,0.20350877192982456,0.08043363299841354,0.0,0.0,0.0,0.0,0.0
7.8968421052631586,2048,balanced,ovr,linear,SMOTETomek,0.8516553420231507,0.8946412832716376,0.8086694007746639,0.1913305992253361,0.10535871672836243,0.0,0.0,0.0,0.0,0.0
7.8968421052631586,2048,,ovr,linear,SMOTETomek,0.853182087471937,0.8881367882954345,0.8182273866484394,0.1817726133515607,0.1118632117045655,0.0,0.0,0.0,0.0,0.0
8.948421052631579,2048,,ovr,linear,None,0.8567231802403948,0.9021681649920676,0.8112781954887218,0.18872180451127818,0.0978318350079323,0.0,0.0,0.0,0.0,0.0
8.948421052631579,2048,balanced,ovr,linear,None,0.8591269801107259,0.9304777013925613,0.7877762588288905,0.21222374117110956,0.06952229860743876,0.0,0.0,0.0,0.0,0.0
8.42263157894737,2048,,ovr,linear,ADASYN,0.856620340934544,0.9315705975674247,0.7816700843016634,0.21832991569833674,0.06842940243257535,0.0,0.0,0.0,0.0,0.0
8.42263157894737,2048,,ovr,linear,RandomOverSampler,0.8594375192102656,0.9293671778600388,0.7895078605604923,0.21049213943950787,0.07063282213996123,0.0,0.0,0.0,0.0,0.0
8.42263157894737,2048,balanced,ovr,linear,ClusterCentroids,0.8579115870537842,0.9141371408425876,0.8016860332649807,0.19831396673501936,0.0858628591574123,0.0,0.0,0.0,0.0,0.0
8.42263157894737,2048,balanced,ovr,linear,EditedNearestNeighbours,0.8599803044701316,0.9261237440507668,0.7938368648894963,0.20616313511050355,0.07387625594923321,0.0,0.0,0.0,0.0,0.0
8.42263157894737,2048,,ovr,linear,SMOTE,0.8589013788497493,0.923920324343381,0.7938824333561177,0.2061175666438824,0.07607967565661906,0.0,0.0,0.0,0.0,0.0
8.42263157894737,2048,,ovr,linear,SMOTEENN,0.8247418128273426,0.7242728714965626,0.9252107541581226,0.07478924584187742,0.27572712850343734,0.0,0.0,0.0,0.0,0.0
8.42263157894737,2048,balanced,ovr,linear,InstanceHardnessThreshold,0.8608642779006552,0.9304777013925613,0.7912508544087492,0.20874914559125082,0.06952229860743875,0.0,0.0,0.0,0.0,0.0
8.42263157894737,2048,balanced,ovr,linear,NearMiss,0.8587852527573924,0.9228450555261767,0.794725449988608,0.20527455001139208,0.07715494447382337,0.0,0.0,0.0,0.0,0.0
8.42263157894737,2048,,ovr,linear,SMOTETomek,0.8526356393845053,0.8870438921205711,0.8182273866484394,0.1817726133515607,0.11295610787942889,0.0,0.0,0.0,0.0,0.0
9.47421052631579,2048,,ovr,linear,None,0.8566096325858634,0.9010752688172042,0.8121439963545227,0.1878560036454773,0.0989247311827957,0.0,0.0,0.0,0.0,0.0
8.948421052631579,2048,balanced,ovr,linear,ClusterCentroids,0.8579115870537842,0.9141371408425876,0.8016860332649807,0.19831396673501936,0.0858628591574123,0.0,0.0,0.0,0.0,0.0
8.42263157894737,2048,balanced,ovr,linear,NeighbourhoodCleaningRule,0.8629422186541783,0.9337563899171514,0.7921280473912052,0.20787195260879474,0.06624361008284858,0.0,0.0,0.0,0.0,0.0
8.948421052631579,2048,,ovr,linear,ClusterCentroids,0.8579115870537842,0.9141371408425876,0.8016860332649807,0.19831396673501936,0.0858628591574123,0.0,0.0,0.0,0.0,0.0
8.948421052631579,2048,balanced,ovr,linear,EditedNearestNeighbours,0.8599803044701316,0.9261237440507668,0.7938368648894963,0.20616313511050355,0.07387625594923321,0.0,0.0,0.0,0.0,0.0
8.948421052631579,2048,,ovr,linear,EditedNearestNeighbours,0.8590077363978669,0.929384805217698,0.7886306675780362,0.21136933242196398,0.07061519478230213,0.0,0.0,0.0,0.0,0.0
8.42263157894737,2048,balanced,ovr,linear,OneSidedSelection,0.8584669843687628,0.9282919090428345,0.7886420596946914,0.21135794030530874,0.07170809095716553,0.0,0.0,0.0,0.0,0.0
8.42263157894737,2048,balanced,ovr,linear,RandomUnderSampler,0.8601682984924933,0.909924202362066,0.810412394622921,0.18958760537707908,0.09007579763793407,0.0,0.0,0.0,0.0,0.0
8.948421052631579,2048,balanced,ovr,linear,InstanceHardnessThreshold,0.8608642779006552,0.9304777013925613,0.7912508544087492,0.20874914559125082,0.06952229860743875,0.0,0.0,0.0,0.0,0.0
8.948421052631579,2048,,ovr,linear,InstanceHardnessThreshold,0.8608642779006552,0.9304777013925613,0.7912508544087492,0.20874914559125082,0.06952229860743875,0.0,0.0,0.0,0.0,0.0
8.42263157894737,2048,balanced,ovr,linear,TomekLinks,0.8596692261879157,0.9271990128679711,0.7921394395078606,0.2078605604921394,0.07280098713202891,0.0,0.0,0.0,0.0,0.0
8.948421052631579,2048,balanced,ovr,linear,NearMiss,0.8587852527573924,0.9228450555261767,0.794725449988608,0.20527455001139208,0.07715494447382337,0.0,0.0,0.0,0.0,0.0
8.948421052631579,2048,,ovr,linear,NearMiss,0.8587852527573924,0.9228450555261767,0.794725449988608,0.20527455001139208,0.07715494447382337,0.0,0.0,0.0,0.0,0.0
8.42263157894737,2048,balanced,ovr,linear,ADASYN,0.8567250749102456,0.9326458663846289,0.7808042834358625,0.2191957165641376,0.06735413361537106,0.0,0.0,0.0,0.0,0.0
8.42263157894737,2048,balanced,ovr,linear,RandomOverSampler,0.8594375192102656,0.9293671778600388,0.7895078605604923,0.21049213943950787,0.07063282213996123,0.0,0.0,0.0,0.0,0.0
9.47421052631579,2048,,ovr,linear,ClusterCentroids,0.8579115870537842,0.9141371408425876,0.8016860332649807,0.19831396673501936,0.0858628591574123,0.0,0.0,0.0,0.0,0.0
8.948421052631579,2048,balanced,ovr,linear,NeighbourhoodCleaningRule,0.8629422186541783,0.9337563899171514,0.7921280473912052,0.20787195260879474,0.06624361008284858,0.0,0.0,0.0,0.0,0.0
9.47421052631579,2048,,ovr,linear,EditedNearestNeighbours,0.8580226918192073,0.9282919090428345,0.7877534745955798,0.21224652540442013,0.07170809095716553,0.0,0.0,0.0,0.0,0.0
8.948421052631579,2048,,ovr,linear,NeighbourhoodCleaningRule,0.8610856771513902,0.9326634937422881,0.7895078605604923,0.21049213943950787,0.06733650625771197,0.0,0.0,0.0,0.0,0.0
8.42263157894737,2048,balanced,ovr,linear,SMOTE,0.8589013788497493,0.923920324343381,0.7938824333561177,0.2061175666438824,0.07607967565661906,0.0,0.0,0.0,0.0,0.0
9.47421052631579,2048,,ovr,linear,InstanceHardnessThreshold,0.8608642779006552,0.9304777013925613,0.7912508544087492,0.20874914559125082,0.06952229860743875,0.0,0.0,0.0,0.0,0.0
8.948421052631579,2048,balanced,ovr,linear,OneSidedSelection,0.8584669843687628,0.9282919090428345,0.7886420596946914,0.21135794030530874,0.07170809095716553,0.0,0.0,0.0,0.0,0.0
8.42263157894737,2048,balanced,ovr,linear,SMOTEENN,0.8283607888766674,0.7480521769786709,0.9086694007746638,0.09133059922533608,0.25194782302132906,0.0,0.0,0.0,0.0,0.0
8.948421052631579,2048,,ovr,linear,OneSidedSelection,0.8579106382127618,0.9228274281685175,0.7929938482570064,0.20700615174299383,0.07717257183148248,0.0,0.0,0.0,0.0,0.0
8.948421052631579,2048,balanced,ovr,linear,RandomUnderSampler,0.8598287399186395,0.9109994711792702,0.8086580086580087,0.19134199134199137,0.08900052882072977,0.0,0.0,0.0,0.0,0.0
8.948421052631579,2048,,ovr,linear,RandomUnderSampler,0.8598287399186395,0.9109994711792702,0.8086580086580087,0.19134199134199137,0.08900052882072977,0.0,0.0,0.0,0.0,0.0
9.47421052631579,2048,,ovr,linear,NearMiss,0.8587852527573924,0.9228450555261767,0.794725449988608,0.20527455001139208,0.07715494447382337,0.0,0.0,0.0,0.0,0.0
8.948421052631579,2048,balanced,ovr,linear,TomekLinks,0.8596692261879157,0.9271990128679711,0.7921394395078606,0.2078605604921394,0.07280098713202891,0.0,0.0,0.0,0.0,0.0
8.948421052631579,2048,,ovr,linear,TomekLinks,0.8580287975358809,0.9195663670015864,0.7964912280701756,0.20350877192982456,0.08043363299841354,0.0,0.0,0.0,0.0,0.0
8.42263157894737,2048,balanced,ovr,linear,SMOTETomek,0.8522017901105824,0.8957341794465009,0.8086694007746639,0.1913305992253361,0.10426582055349902,0.0,0.0,0.0,0.0,0.0
8.948421052631579,2048,balanced,ovr,linear,ADASYN,0.8567250749102456,0.9326458663846289,0.7808042834358625,0.2191957165641376,0.06735413361537106,0.0,0.0,0.0,0.0,0.0
8.948421052631579,2048,,ovr,linear,ADASYN,0.856620340934544,0.9315705975674247,0.7816700843016634,0.21832991569833674,0.06842940243257535,0.0,0.0,0.0,0.0,0.0
9.47421052631579,2048,,ovr,linear,NeighbourhoodCleaningRule,0.8610856771513902,0.9326634937422881,0.7895078605604923,0.21049213943950787,0.06733650625771197,0.0,0.0,0.0,0.0,0.0
9.47421052631579,2048,balanced,ovr,linear,None,0.8591269801107259,0.9304777013925613,0.7877762588288905,0.21222374117110956,0.06952229860743876,0.0,0.0,0.0,0.0,0.0
8.948421052631579,2048,balanced,ovr,linear,RandomOverSampler,0.8594375192102656,0.9293671778600388,0.7895078605604923,0.21049213943950787,0.07063282213996123,0.0,0.0,0.0,0.0,0.0
8.948421052631579,2048,,ovr,linear,RandomOverSampler,0.8594375192102656,0.9293671778600388,0.7895078605604923,0.21049213943950787,0.07063282213996123,0.0,0.0,0.0,0.0,0.0
8.948421052631579,2048,balanced,ovr,linear,SMOTE,0.8589013788497493,0.923920324343381,0.7938824333561177,0.2061175666438824,0.07607967565661906,0.0,0.0,0.0,0.0,0.0
8.948421052631579,2048,,ovr,linear,SMOTE,0.8589013788497493,0.923920324343381,0.7938824333561177,0.2061175666438824,0.07607967565661906,0.0,0.0,0.0,0.0,0.0
9.47421052631579,2048,,ovr,linear,OneSidedSelection,0.8579106382127618,0.9228274281685175,0.7929938482570064,0.20700615174299383,0.07717257183148248,0.0,0.0,0.0,0.0,0.0
9.47421052631579,2048,,ovr,linear,RandomUnderSampler,0.8592822918312079,0.9099065750044067,0.8086580086580087,0.19134199134199137,0.09009342499559315,0.0,0.0,0.0,0.0,0.0
8.948421052631579,2048,balanced,ovr,linear,SMOTEENN,0.8289072369640991,0.7491450731535343,0.9086694007746638,0.09133059922533608,0.2508549268464657,0.0,0.0,0.0,0.0,0.0
8.948421052631579,2048,,ovr,linear,SMOTEENN,0.8236577303313087,0.7221047065044951,0.9252107541581226,0.07478924584187742,0.277895293495505,0.0,0.0,0.0,0.0,0.0
9.47421052631579,2048,,ovr,linear,TomekLinks,0.8580287975358809,0.9195663670015864,0.7964912280701756,0.20350877192982456,0.08043363299841354,0.0,0.0,0.0,0.0,0.0
9.47421052631579,2048,,ovr,linear,ADASYN,0.856620340934544,0.9315705975674247,0.7816700843016634,0.21832991569833674,0.06842940243257535,0.0,0.0,0.0,0.0,0.0
9.47421052631579,2048,,ovr,linear,RandomOverSampler,0.8594375192102656,0.9293671778600388,0.7895078605604923,0.21049213943950787,0.07063282213996123,0.0,0.0,0.0,0.0,0.0
8.948421052631579,2048,balanced,ovr,linear,SMOTETomek,0.8519892045386771,0.8935660144544334,0.810412394622921,0.18958760537707908,0.10643398554556671,0.0,0.0,0.0,0.0,0.0
8.948421052631579,2048,,ovr,linear,SMOTETomek,0.853501440250306,0.8870438921205711,0.8199589883800411,0.18004101161995897,0.11295610787942889,0.0,0.0,0.0,0.0,0.0
10.0,2048,,ovr,linear,None,0.8566096325858634,0.9010752688172042,0.8121439963545227,0.1878560036454773,0.0989247311827957,0.0,0.0,0.0,0.0,0.0
10.0,2048,balanced,ovr,linear,None,0.8591269801107259,0.9304777013925613,0.7877762588288905,0.21222374117110956,0.06952229860743876,0.0,0.0,0.0,0.0,0.0
9.47421052631579,2048,,ovr,linear,SMOTE,0.8589013788497493,0.923920324343381,0.7938824333561177,0.2061175666438824,0.07607967565661906,0.0,0.0,0.0,0.0,0.0
9.47421052631579,2048,balanced,ovr,linear,ClusterCentroids,0.8579115870537842,0.9141371408425876,0.8016860332649807,0.19831396673501936,0.0858628591574123,0.0,0.0,0.0,0.0,0.0
9.47421052631579,2048,balanced,ovr,linear,EditedNearestNeighbours,0.8599803044701316,0.9261237440507668,0.7938368648894963,0.20616313511050355,0.07387625594923321,0.0,0.0,0.0,0.0,0.0
9.47421052631579,2048,,ovr,linear,SMOTEENN,0.8251690172019154,0.7242728714965626,0.9260651629072681,0.07393483709273183,0.27572712850343734,0.0,0.0,0.0,0.0,0.0
9.47421052631579,2048,,ovr,linear,SMOTETomek,0.8540478883377377,0.8881367882954345,0.8199589883800411,0.18004101161995897,0.1118632117045655,0.0,0.0,0.0,0.0,0.0
9.47421052631579,2048,balanced,ovr,linear,InstanceHardnessThreshold,0.8608642779006552,0.9304777013925613,0.7912508544087492,0.20874914559125082,0.06952229860743875,0.0,0.0,0.0,0.0,0.0
1,2048,,ovr,linear,None,0.8601186695887355,0.9228803102414949,0.7973570289359765,0.2026429710640237,0.07711968975850521,0.0,0.0,0.0,0.0,0.0
9.47421052631579,2048,balanced,ovr,linear,NearMiss,0.8587852527573924,0.9228450555261767,0.794725449988608,0.20527455001139208,0.07715494447382337,0.0,0.0,0.0,0.0,0.0
9.47421052631579,2048,balanced,ovr,linear,NeighbourhoodCleaningRule,0.8629422186541783,0.9337563899171514,0.7921280473912052,0.20787195260879474,0.06624361008284858,0.0,0.0,0.0,0.0,0.0
10.0,2048,balanced,ovr,linear,ClusterCentroids,0.8579115870537842,0.9141371408425876,0.8016860332649807,0.19831396673501936,0.0858628591574123,0.0,0.0,0.0,0.0,0.0
10.0,2048,balanced,ovr,linear,EditedNearestNeighbours,0.8604189009613598,0.9261237440507668,0.7947140578719528,0.2052859421280474,0.07387625594923321,0.0,0.0,0.0,0.0,0.0
10.0,2048,,ovr,linear,ClusterCentroids,0.8579115870537842,0.9141371408425876,0.8016860332649807,0.19831396673501936,0.0858628591574123,0.0,0.0,0.0,0.0,0.0
9.47421052631579,2048,balanced,ovr,linear,OneSidedSelection,0.8584669843687628,0.9282919090428345,0.7886420596946914,0.21135794030530874,0.07170809095716553,0.0,0.0,0.0,0.0,0.0
9.47421052631579,2048,balanced,ovr,linear,RandomUnderSampler,0.8592822918312079,0.9099065750044067,0.8086580086580087,0.19134199134199137,0.09009342499559315,0.0,0.0,0.0,0.0,0.0
10.0,2048,,ovr,linear,EditedNearestNeighbours,0.8580226918192073,0.9282919090428345,0.7877534745955798,0.21224652540442013,0.07170809095716553,0.0,0.0,0.0,0.0,0.0
10.0,2048,balanced,ovr,linear,InstanceHardnessThreshold,0.8608642779006552,0.9304777013925613,0.7912508544087492,0.20874914559125082,0.06952229860743875,0.0,0.0,0.0,0.0,0.0
9.47421052631579,2048,balanced,ovr,linear,TomekLinks,0.8596692261879157,0.9271990128679711,0.7921394395078606,0.2078605604921394,0.07280098713202891,0.0,0.0,0.0,0.0,0.0
10.0,2048,balanced,ovr,linear,NearMiss,0.8582388046699606,0.9217521593513132,0.794725449988608,0.20527455001139208,0.07824784064868677,0.0,0.0,0.0,0.0,0.0
10.0,2048,,ovr,linear,InstanceHardnessThreshold,0.8608642779006552,0.9304777013925613,0.7912508544087492,0.20874914559125082,0.06952229860743875,0.0,0.0,0.0,0.0,0.0
9.47421052631579,2048,balanced,ovr,linear,ADASYN,0.8567250749102456,0.9326458663846289,0.7808042834358625,0.2191957165641376,0.06735413361537106,0.0,0.0,0.0,0.0,0.0
1,2048,,ovr,linear,ClusterCentroids,0.8622879189705431,0.9315705975674247,0.7930052403736615,0.20699475962633854,0.06842940243257535,0.0,0.0,0.0,0.0,0.0
9.47421052631579,2048,balanced,ovr,linear,RandomOverSampler,0.8594375192102656,0.9293671778600388,0.7895078605604923,0.21049213943950787,0.07063282213996123,0.0,0.0,0.0,0.0,0.0
10.0,2048,,ovr,linear,NearMiss,0.8582388046699606,0.9217521593513132,0.794725449988608,0.20527455001139208,0.07824784064868677,0.0,0.0,0.0,0.0,0.0
1,2048,,ovr,linear,EditedNearestNeighbours,0.8645639355588143,0.9369998237264235,0.7921280473912055,0.20787195260879468,0.06300017627357658,0.0,0.0,0.0,0.0,0.0
9.47421052631579,2048,balanced,ovr,linear,SMOTE,0.8589013788497493,0.923920324343381,0.7938824333561177,0.2061175666438824,0.07607967565661906,0.0,0.0,0.0,0.0,0.0
10.0,2048,balanced,ovr,linear,NeighbourhoodCleaningRule,0.8629422186541783,0.9337563899171514,0.7921280473912052,0.20787195260879474,0.06624361008284858,0.0,0.0,0.0,0.0,0.0
1,2048,,ovr,linear,InstanceHardnessThreshold,0.8633751190870788,0.9337563899171514,0.7929938482570061,0.20700615174299383,0.06624361008284858,0.0,0.0,0.0,0.0,0.0
10.0,2048,,ovr,linear,NeighbourhoodCleaningRule,0.8610856771513902,0.9326634937422881,0.7895078605604923,0.21049213943950787,0.06733650625771197,0.0,0.0,0.0,0.0,0.0
9.47421052631579,2048,balanced,ovr,linear,SMOTEENN,0.8284686404728708,0.7491450731535343,0.9077922077922077,0.0922077922077922,0.2508549268464657,0.0,0.0,0.0,0.0,0.0
1,2048,,ovr,linear,NearMiss,0.8631594158946715,0.9315705975674247,0.7947482342219185,0.20525176577808157,0.06842940243257535,0.0,0.0,0.0,0.0,0.0
10.0,2048,balanced,ovr,linear,OneSidedSelection,0.8584669843687628,0.9282919090428345,0.7886420596946914,0.21135794030530874,0.07170809095716553,0.0,0.0,0.0,0.0,0.0
10.0,2048,balanced,ovr,linear,RandomUnderSampler,0.8587446574226055,0.9088313061872024,0.8086580086580087,0.19134199134199137,0.09116869381279746,0.0,0.0,0.0,0.0,0.0
10.0,2048,,ovr,linear,OneSidedSelection,0.8579106382127618,0.9228274281685175,0.7929938482570064,0.20700615174299383,0.07717257183148248,0.0,0.0,0.0,0.0,0.0
10.0,2048,,ovr,linear,RandomUnderSampler,0.8587446574226055,0.9088313061872024,0.8086580086580087,0.19134199134199137,0.09116869381279746,0.0,0.0,0.0,0.0,0.0
10.0,2048,balanced,ovr,linear,TomekLinks,0.8596692261879157,0.9271990128679711,0.7921394395078606,0.2078605604921394,0.07280098713202891,0.0,0.0,0.0,0.0,0.0
1,2048,,ovr,linear,NeighbourhoodCleaningRule,0.8636867425763581,0.9369998237264235,0.7903736614262931,0.20962633857370697,0.06300017627357658,0.0,0.0,0.0,0.0,0.0
9.47421052631579,2048,balanced,ovr,linear,SMOTETomek,0.8523230670542036,0.892490745637229,0.812155388471178,0.18784461152882206,0.10750925436277103,0.0,0.0,0.0,0.0,0.0
1,2048,balanced,ovr,linear,None,0.8627120057246138,0.9315529702097655,0.7938710412394624,0.20612895876053772,0.06844702979023444,0.0,0.0,0.0,0.0,0.0
10.0,2048,balanced,ovr,linear,ADASYN,0.8567250749102456,0.9326458663846289,0.7808042834358625,0.2191957165641376,0.06735413361537106,0.0,0.0,0.0,0.0,0.0
10.0,2048,balanced,ovr,linear,RandomOverSampler,0.8594375192102656,0.9293671778600388,0.7895078605604923,0.21049213943950787,0.07063282213996123,0.0,0.0,0.0,0.0,0.0
10.0,2048,,ovr,linear,TomekLinks,0.8580287975358809,0.9195663670015864,0.7964912280701756,0.20350877192982456,0.08043363299841354,0.0,0.0,0.0,0.0,0.0
1,2048,,ovr,linear,OneSidedSelection,0.8633720014665768,0.9337387625594923,0.7930052403736615,0.20699475962633854,0.06626123744050767,0.0,0.0,0.0,0.0,0.0
1,2048,,ovr,linear,RandomUnderSampler,0.8655934581899679,0.9294553146483341,0.8017316017316017,0.19826839826839826,0.07054468535166579,0.0,0.0,0.0,0.0,0.0
10.0,2048,,ovr,linear,ADASYN,0.856620340934544,0.9315705975674247,0.7816700843016634,0.21832991569833674,0.06842940243257535,0.0,0.0,0.0,0.0,0.0
10.0,2048,,ovr,linear,RandomOverSampler,0.8594375192102656,0.9293671778600388,0.7895078605604923,0.21049213943950787,0.07063282213996123,0.0,0.0,0.0,0.0,0.0
10.0,2048,balanced,ovr,linear,SMOTE,0.8589013788497493,0.923920324343381,0.7938824333561177,0.2061175666438824,0.07607967565661906,0.0,0.0,0.0,0.0,0.0
1,2048,,ovr,linear,TomekLinks,0.8633720014665768,0.9337387625594923,0.7930052403736615,0.20699475962633854,0.06626123744050767,0.0,0.0,0.0,0.0,0.0
1,2048,,ovr,linear,ADASYN,0.8595319454590516,0.9347964040190374,0.7842674868990658,0.21573251310093414,0.06520359598096245,0.0,0.0,0.0,0.0,0.0
1,2048,,ovr,linear,RandomOverSampler,0.8615154599637886,0.9326458663846289,0.7903850535429484,0.20961494645705173,0.06735413361537106,0.0,0.0,0.0,0.0,0.0
10.0,2048,,ovr,linear,SMOTE,0.8589013788497493,0.923920324343381,0.7938824333561177,0.2061175666438824,0.07607967565661906,0.0,0.0,0.0,0.0,0.0
10.0,2048,balanced,ovr,linear,SMOTEENN,0.8295615366477344,0.751330865503261,0.9077922077922077,0.0922077922077922,0.24866913449673897,0.0,0.0,0.0,0.0,0.0
1,2048,,ovr,linear,SMOTE,0.862270291612884,0.9315353428521066,0.7930052403736615,0.20699475962633854,0.06846465714789353,0.0,0.0,0.0,0.0,0.0
1,2048,balanced,ovr,linear,ClusterCentroids,0.8622879189705431,0.9315705975674247,0.7930052403736615,0.20699475962633854,0.06842940243257535,0.0,0.0,0.0,0.0,0.0
10.0,2048,,ovr,linear,SMOTEENN,0.8257066516105175,0.725348140313767,0.9260651629072681,0.07393483709273183,0.27465185968623307,0.0,0.0,0.0,0.0,0.0
1,2048,balanced,ovr,linear,EditedNearestNeighbours,0.8638194116366344,0.9337563899171514,0.7938824333561176,0.20611756664388245,0.06624361008284858,0.0,0.0,0.0,0.0,0.0
10.0,2048,balanced,ovr,linear,SMOTETomek,0.851451570130075,0.892490745637229,0.8104123946229209,0.18958760537707905,0.10750925436277103,0.0,0.0,0.0,0.0,0.0
1,2048,,ovr,linear,SMOTEENN,0.827877395040411,0.7296668429402433,0.9260879471405787,0.07391205285942128,0.27033315705975675,0.0,0.0,0.0,0.0,0.0
1,2048,balanced,ovr,linear,InstanceHardnessThreshold,0.8633751190870788,0.9337563899171514,0.7929938482570061,0.20700615174299383,0.06624361008284858,0.0,0.0,0.0,0.0,0.0
10.0,2048,,ovr,linear,SMOTETomek,0.8544807887706383,0.8881367882954345,0.820824789245842,0.17917521075415813,0.1118632117045655,0.0,0.0,0.0,0.0,0.0
1,2048,,ovr,linear,SMOTETomek,0.8604483300940203,0.917433456724837,0.8034632034632034,0.19653679653679654,0.08256654327516307,0.0,0.0,0.0,0.0,0.0
1,2048,balanced,ovr,linear,NearMiss,0.8631594158946715,0.9315705975674247,0.7947482342219185,0.20525176577808157,0.06842940243257535,0.0,0.0,0.0,0.0,0.0
1,2048,balanced,ovr,linear,NeighbourhoodCleaningRule,0.8650025320500424,0.9369998237264235,0.7930052403736615,0.20699475962633854,0.06300017627357658,0.0,0.0,0.0,0.0,0.0
1,2048,balanced,ovr,linear,OneSidedSelection,0.8663023177384835,0.9413537810682179,0.7912508544087492,0.20874914559125082,0.058646218931782124,0.0,0.0,0.0,0.0,0.0
1,2048,balanced,ovr,linear,RandomUnderSampler,0.8655934581899679,0.9294553146483341,0.8017316017316017,0.19826839826839826,0.07054468535166579,0.0,0.0,0.0,0.0,0.0
1,2048,balanced,ovr,linear,TomekLinks,0.8663023177384835,0.9413537810682179,0.7912508544087492,0.20874914559125082,0.058646218931782124,0.0,0.0,0.0,0.0,0.0
1,2048,balanced,ovr,linear,ADASYN,0.8595319454590516,0.9347964040190374,0.7842674868990658,0.21573251310093414,0.06520359598096245,0.0,0.0,0.0,0.0,0.0
1,2048,balanced,ovr,linear,RandomOverSampler,0.8615154599637886,0.9326458663846289,0.7903850535429484,0.20961494645705173,0.06735413361537106,0.0,0.0,0.0,0.0,0.0
1,2048,balanced,ovr,linear,SMOTE,0.862270291612884,0.9315353428521066,0.7930052403736615,0.20699475962633854,0.06846465714789353,0.0,0.0,0.0,0.0,0.0
1,2048,balanced,ovr,linear,SMOTEENN,0.8339051862626135,0.7643927375286443,0.9034176349965822,0.09658236500341762,0.23560726247135555,0.0,0.0,0.0,0.0,0.0
1,2048,balanced,ovr,linear,SMOTETomek,0.8614344590624198,0.9228803102414949,0.7999886078833448,0.20001139211665528,0.07711968975850521,0.0,0.0,0.0,0.0,0.0
