C,cache_size,class_weight,decision_function_shape,kernel,max_iter,Data balancer,Matthews correlation coefficient,Cohen Kappa Score,Balanced Accuracy,Average true positive rate,Average true negative rate,Average false positive rate,Average false negative rate,Average true positive with cutoff,Average true negative rate with cutoff,Average false positive rate with cutoff,Average false negative rate with cutoff,Average unclassified from cutoff,
1.061578947,2048,None,ovr,linear,10000,None,0.539661588,0.525902591,0.745789932,0.572029052,0.919550811,0.080449189,0.427970948,0,0,0,0,0,41.45314002
1.587368421,2048,None,ovr,linear,10000,None,0.538682988,0.526986438,0.747522272,0.581102872,0.913941673,0.086058327,0.418897128,0,0,0,0,0,41.52693558
0.535789474,2048,None,ovr,linear,10000,None,0.538310632,0.522929206,0.743452005,0.563755989,0.923148022,0.076851978,0.436244011,0,0,0,0,0,42.23382227
1.587368421,2048,balanced,ovr,linear,10000,None,0.515834895,0.505888317,0.76933876,0.791350362,0.747327159,0.252672841,0.208649638,0,0,0,0,0,44.2429142
1.061578947,2048,balanced,ovr,linear,10000,None,0.517709409,0.508074783,0.770199961,0.79074186,0.749658061,0.250341939,0.20925814,0,0,0,0,0,45.09570742
0.535789474,2048,balanced,ovr,linear,10000,None,0.518673284,0.508759543,0.770784666,0.79275901,0.748810323,0.251189677,0.20724099,0,0,0,0,0,48.166459
0.01,2048,None,ovr,linear,10000,None,0.393813647,0.36869739,0.666141685,0.41908328,0.913200091,0.086799909,0.58091672,0,0,0,0,0,50.47671541
0.01,2048,balanced,ovr,linear,10000,None,0.409385178,0.408739004,0.70084974,0.58271293,0.81898655,0.18101345,0.41728707,0,0,0,0,0,65.48087899
0.535789474,2048,None,ovr,linear,10000,ClusterCentroids,0.445547271,0.409548157,0.733432284,0.85292441,0.613940159,0.386059841,0.14707559,0,0,0,0,0,20.99033054
1.061578947,2048,None,ovr,linear,10000,ClusterCentroids,0.453908181,0.41301738,0.737174905,0.870251762,0.604098048,0.395901952,0.129748238,0,0,0,0,0,21.04561146
1.587368421,2048,balanced,ovr,linear,10000,ClusterCentroids,0.447434805,0.40509683,0.733442069,0.871252708,0.59563143,0.40436857,0.128747292,0,0,0,0,0,20.11410522
1.587368421,2048,None,ovr,linear,10000,ClusterCentroids,0.447434805,0.40509683,0.733442069,0.871252708,0.59563143,0.40436857,0.128747292,0,0,0,0,0,20.82778327
0.535789474,2048,balanced,ovr,linear,10000,ClusterCentroids,0.445547271,0.409548157,0.733432284,0.85292441,0.613940159,0.386059841,0.14707559,0,0,0,0,0,21.16782077
1.061578947,2048,balanced,ovr,linear,10000,ClusterCentroids,0.453908181,0.41301738,0.737174905,0.870251762,0.604098048,0.395901952,0.129748238,0,0,0,0,0,21.38743305
0.01,2048,None,ovr,linear,10000,ClusterCentroids,0.261644636,0.168403636,0.610588782,0.942890537,0.278287027,0.721712973,0.057109463,0,0,0,0,0,24.53389287
0.535789474,2048,None,ovr,linear,10000,EditedNearestNeighbours,0.47563114,0.438842334,0.749385585,0.869054899,0.629716271,0.370283729,0.130945101,0,0,0,0,0,18.22819146
1.061578947,2048,None,ovr,linear,10000,EditedNearestNeighbours,0.474591979,0.439759673,0.749060135,0.8630065,0.635113769,0.364886231,0.1369935,0,0,0,0,0,19.97329609
0.01,2048,balanced,ovr,linear,10000,ClusterCentroids,0.261644636,0.168403636,0.610588782,0.942890537,0.278287027,0.721712973,0.057109463,0,0,0,0,0,25.38124458
1.587368421,2048,balanced,ovr,linear,10000,EditedNearestNeighbours,0.477154857,0.445330406,0.750722122,0.855534804,0.645909439,0.354090561,0.144465196,0,0,0,0,0,17.95253428
1.587368421,2048,None,ovr,linear,10000,EditedNearestNeighbours,0.474807017,0.441057209,0.749292961,0.859979249,0.638606674,0.361393326,0.140020751,0,0,0,0,0,17.77835345
0.535789474,2048,balanced,ovr,linear,10000,EditedNearestNeighbours,0.475732078,0.441262968,0.749701266,0.862595136,0.636807396,0.363192604,0.137404864,0,0,0,0,0,19.18482844
1.061578947,2048,balanced,ovr,linear,10000,EditedNearestNeighbours,0.477577279,0.444868055,0.750863697,0.858358815,0.643368579,0.356631421,0.141641185,0,0,0,0,0,16.84786566
0.01,2048,None,ovr,linear,10000,EditedNearestNeighbours,0.397853865,0.394412918,0.704667295,0.668706399,0.740628191,0.259371809,0.331293601,0,0,0,0,0,22.94310395
0.01,2048,balanced,ovr,linear,10000,EditedNearestNeighbours,0.398206218,0.397443081,0.702397491,0.636195795,0.768599187,0.231400813,0.363804205,0,0,0,0,0,22.12937109
0.535789474,2048,None,ovr,linear,10000,InstanceHardnessThreshold,0.463481961,0.425034135,0.742690352,0.868042357,0.617338347,0.382661653,0.131957643,0,0,0,0,0,11.2888248
1.061578947,2048,None,ovr,linear,10000,InstanceHardnessThreshold,0.465560939,0.428259642,0.743961519,0.865823797,0.622099242,0.377900758,0.134176203,0,0,0,0,0,10.9883194
1.587368421,2048,None,ovr,linear,10000,InstanceHardnessThreshold,0.467457321,0.430477227,0.745018721,0.865821966,0.624215476,0.375784524,0.134178034,0,0,0,0,0,10.79969374
1.061578947,2048,balanced,ovr,linear,10000,InstanceHardnessThreshold,0.465656282,0.428370405,0.74401443,0.865823797,0.622205062,0.377794938,0.134176203,0,0,0,0,0,10.67436655
1.587368421,2048,balanced,ovr,linear,10000,InstanceHardnessThreshold,0.467465399,0.43041414,0.745013438,0.866023376,0.624003499,0.375996501,0.133976624,0,0,0,0,0,10.89962538
0.535789474,2048,None,ovr,linear,10000,NearMiss,0.377041628,0.355763607,0.698330972,0.7709628,0.625699145,0.374300855,0.2290372,0,0,0,0,0,18.30854575
1.061578947,2048,None,ovr,linear,10000,NearMiss,0.385748947,0.365629085,0.702954449,0.77015533,0.635753569,0.364246431,0.22984467,0,0,0,0,0,17.01004251
0.535789474,2048,balanced,ovr,linear,10000,InstanceHardnessThreshold,0.463681385,0.425192612,0.742791141,0.868243767,0.617338515,0.382661485,0.131756233,0,0,0,0,0,11.49763703
1.587368421,2048,None,ovr,linear,10000,NearMiss,0.395612299,0.377069745,0.708144652,0.767938601,0.648350704,0.351649296,0.232061399,0,0,0,0,0,19.37000553
1.061578947,2048,balanced,ovr,linear,10000,NearMiss,0.385748947,0.365629085,0.702954449,0.77015533,0.635753569,0.364246431,0.22984467,0,0,0,0,0,21.52579069
1.587368421,2048,balanced,ovr,linear,10000,NearMiss,0.395612299,0.377069745,0.708144652,0.767938601,0.648350704,0.351649296,0.232061399,0,0,0,0,0,19.94176825
0.01,2048,None,ovr,linear,10000,InstanceHardnessThreshold,0.373999752,0.373642376,0.689336314,0.611975343,0.766697286,0.233302714,0.388024657,0,0,0,0,0,21.66553068
0.535789474,2048,balanced,ovr,linear,10000,NearMiss,0.377041628,0.355763607,0.698330972,0.7709628,0.625699145,0.374300855,0.2290372,0,0,0,0,0,24.79257139
1.061578947,2048,None,ovr,linear,10000,NeighbourhoodCleaningRule,0.494876807,0.470023382,0.76041926,0.842213678,0.678624843,0.321375157,0.157786322,0,0,0,0,0,19.4884336
0.535789474,2048,None,ovr,linear,10000,NeighbourhoodCleaningRule,0.493526658,0.467381914,0.759696034,0.8458476,0.673544469,0.326455531,0.1541524,0,0,0,0,0,20.15658855
0.01,2048,balanced,ovr,linear,10000,InstanceHardnessThreshold,0.374064876,0.373702909,0.689384414,0.612177363,0.766591465,0.233408535,0.387822637,0,0,0,0,0,22.68994371
1.587368421,2048,None,ovr,linear,10000,NeighbourhoodCleaningRule,0.49361664,0.469446101,0.759753195,0.839188257,0.680318133,0.319681867,0.160811743,0,0,0,0,0,20.554521
1.061578947,2048,balanced,ovr,linear,10000,NeighbourhoodCleaningRule,0.490698155,0.463633614,0.758168416,0.847458879,0.668877954,0.331122046,0.152541121,0,0,0,0,0,22.6887908
1.587368421,2048,balanced,ovr,linear,10000,NeighbourhoodCleaningRule,0.489142449,0.463117797,0.757374596,0.843224389,0.671524802,0.328475198,0.156775611,0,0,0,0,0,21.82279491
0.01,2048,None,ovr,linear,10000,NearMiss,0.205208576,0.201459835,0.607077648,0.57585767,0.638297625,0.361702375,0.42414233,0,0,0,0,0,32.74995732
0.535789474,2048,balanced,ovr,linear,10000,NeighbourhoodCleaningRule,0.489222836,0.460725521,0.757335927,0.851296042,0.663375813,0.336624187,0.148703958,0,0,0,0,0,24.4858013
0.01,2048,balanced,ovr,linear,10000,NearMiss,0.205208576,0.201459835,0.607077648,0.57585767,0.638297625,0.361702375,0.42414233,0,0,0,0,0,30.49229733
1.061578947,2048,None,ovr,linear,10000,OneSidedSelection,0.530836109,0.519788177,0.744501339,0.579087552,0.909915125,0.090084875,0.420912448,0,0,0,0,0,48.29676906
0.535789474,2048,None,ovr,linear,10000,OneSidedSelection,0.53064913,0.518612981,0.743257684,0.573637279,0.912878088,0.087121912,0.426362721,0,0,0,0,0,50.07605934
0.01,2048,None,ovr,linear,10000,NeighbourhoodCleaningRule,0.388469977,0.388461078,0.694038809,0.597246788,0.790830831,0.209169169,0.402753212,0,0,0,0,0,31.77764503
1.587368421,2048,None,ovr,linear,10000,OneSidedSelection,0.532108996,0.522763104,0.747060642,0.588968232,0.905153052,0.094846948,0.411031768,0,0,0,0,0,44.20223713
1.587368421,2048,balanced,ovr,linear,10000,OneSidedSelection,0.51257125,0.502965867,0.767526977,0.787513809,0.747540145,0.252459855,0.212486191,0,0,0,0,0,46.84253327
1.061578947,2048,balanced,ovr,linear,10000,OneSidedSelection,0.515825552,0.505874347,0.769337297,0.791346089,0.747328505,0.252671495,0.208653911,0,0,0,0,0,48.20244257
1.061578947,2048,None,ovr,linear,10000,RandomUnderSampler,0.50344573,0.491302905,0.763575125,0.795595838,0.731554412,0.268445588,0.204404162,0,0,0,0,0,23.99728497
0.535789474,2048,None,ovr,linear,10000,RandomUnderSampler,0.501473294,0.488597282,0.762722218,0.798018859,0.727425577,0.272574423,0.201981141,0,0,0,0,0,24.64958771
0.01,2048,balanced,ovr,linear,10000,NeighbourhoodCleaningRule,0.400546763,0.400445513,0.701608982,0.618631023,0.78458694,0.21541306,0.381368977,0,0,0,0,0,31.20236373
1.587368421,2048,None,ovr,linear,10000,RandomUnderSampler,0.502391651,0.490451621,0.762978989,0.793980286,0.731977692,0.268022308,0.206019714,0,0,0,0,0,21.81066251
0.535789474,2048,balanced,ovr,linear,10000,OneSidedSelection,0.517446288,0.507185144,0.770276386,0.793966859,0.746585914,0.253414086,0.206033141,0,0,0,0,0,50.25743834
1.587368421,2048,balanced,ovr,linear,10000,RandomUnderSampler,0.502391651,0.490451621,0.762978989,0.793980286,0.731977692,0.268022308,0.206019714,0,0,0,0,0,21.7048289
1.061578947,2048,balanced,ovr,linear,10000,RandomUnderSampler,0.50344573,0.491302905,0.763575125,0.795595838,0.731554412,0.268445588,0.204404162,0,0,0,0,0,22.46376165
0.535789474,2048,balanced,ovr,linear,10000,RandomUnderSampler,0.501473294,0.488597282,0.762722218,0.798018859,0.727425577,0.272574423,0.201981141,0,0,0,0,0,25.14562702
0.01,2048,None,ovr,linear,10000,OneSidedSelection,0.393545195,0.369628292,0.666941789,0.423118191,0.910765387,0.089234613,0.576881809,0,0,0,0,0,51.41280214
1.061578947,2048,None,ovr,linear,10000,TomekLinks,0.531446521,0.520016975,0.744379414,0.577679514,0.911079315,0.088920685,0.422320486,0,0,0,0,0,47.87378931
0.535789474,2048,None,ovr,linear,10000,TomekLinks,0.531108283,0.518790346,0.743176723,0.572627788,0.913725658,0.086274342,0.427372212,0,0,0,0,0,49.61309059
1.587368421,2048,None,ovr,linear,10000,TomekLinks,0.529394012,0.520264302,0.746013399,0.588356068,0.90367073,0.09632927,0.411643932,0,0,0,0,0,48.39653007
1.587368421,2048,balanced,ovr,linear,10000,TomekLinks,0.516512254,0.506964508,0.769539286,0.789528518,0.749550054,0.250449946,0.210471482,0,0,0,0,0,55.92053429
1.061578947,2048,balanced,ovr,linear,10000,TomekLinks,0.516528912,0.506469912,0.76973616,0.792356801,0.747115519,0.252884481,0.207643199,0,0,0,0,0,55.25192316
0.01,2048,None,ovr,linear,10000,RandomUnderSampler,0.376604984,0.375335253,0.683012111,0.548412829,0.817611393,0.182388607,0.451587171,0,0,0,0,0,29.44930991
0.01,2048,balanced,ovr,linear,10000,OneSidedSelection,0.403182779,0.40276962,0.698583723,0.584531112,0.812636334,0.187363666,0.415468888,0,0,0,0,0,67.50497874
0.535789474,2048,balanced,ovr,linear,10000,TomekLinks,0.517336899,0.506837005,0.770300405,0.79517959,0.74542122,0.25457878,0.20482041,0,0,0,0,0,55.69410491
0.01,2048,balanced,ovr,linear,10000,RandomUnderSampler,0.376604984,0.375335253,0.683012111,0.548412829,0.817611393,0.182388607,0.451587171,0,0,0,0,0,27.8671186
0.01,2048,None,ovr,linear,10000,TomekLinks,0.393357032,0.369424609,0.666841,0.422916781,0.910765219,0.089234781,0.577083219,0,0,0,0,0,56.5278821
1.061578947,2048,None,ovr,linear,10000,ADASYN,0.483891389,0.449567326,0.75405546,0.866016052,0.642094868,0.357905132,0.133983948,0,0,0,0,0,102.6205878
0.01,2048,balanced,ovr,linear,10000,TomekLinks,0.40385927,0.403451329,0.698939831,0.585137172,0.81274249,0.18725751,0.414862828,0,0,0,0,0,68.78344123
0.535789474,2048,None,ovr,linear,10000,ADASYN,0.505574158,0.481080937,0.765976439,0.846239434,0.685713445,0.314286555,0.153760566,0,0,0,0,0,102.9560373
1.587368421,2048,None,ovr,linear,10000,ADASYN,0.412251454,0.346709142,0.708372426,0.911830694,0.504914158,0.495085842,0.088169306,0,0,0,0,0,97.99866621
1.587368421,2048,balanced,ovr,linear,10000,ADASYN,0.40722668,0.339359206,0.704702301,0.914228081,0.495176521,0.504823479,0.085771919,0,0,0,0,0,96.68795498
1.061578947,2048,balanced,ovr,linear,10000,ADASYN,0.48763286,0.459030046,0.756304945,0.849866642,0.662743247,0.337256753,0.150133358,0,0,0,0,0,95.74200471
0.535789474,2048,balanced,ovr,linear,10000,ADASYN,0.508875949,0.487873231,0.767613606,0.835755134,0.699472077,0.300527923,0.164244866,0,0,0,0,0,103.1207565
1.061578947,2048,None,ovr,linear,10000,RandomOverSampler,0.515202345,0.505105635,0.769059561,0.791745857,0.746373264,0.253626736,0.208254143,0,0,0,0,0,66.30315097
1.587368421,2048,None,ovr,linear,10000,RandomOverSampler,0.51293384,0.49938341,0.76872799,0.807276389,0.730179591,0.269820409,0.192723611,0,0,0,0,0,63.83123676
0.535789474,2048,None,ovr,linear,10000,RandomOverSampler,0.515842122,0.506765634,0.769030636,0.786502487,0.751558786,0.248441214,0.213497513,0,0,0,0,0,69.74272005
1.587368421,2048,balanced,ovr,linear,10000,RandomOverSampler,0.51293384,0.49938341,0.76872799,0.807276389,0.730179591,0.269820409,0.192723611,0,0,0,0,0,62.99352256
1.061578947,2048,balanced,ovr,linear,10000,RandomOverSampler,0.515202345,0.505105635,0.769059561,0.791745857,0.746373264,0.253626736,0.208254143,0,0,0,0,0,63.38837258
0.535789474,2048,balanced,ovr,linear,10000,RandomOverSampler,0.515842122,0.506765634,0.769030636,0.786502487,0.751558786,0.248441214,0.213497513,0,0,0,0,0,68.15285889
0.01,2048,None,ovr,linear,10000,ADASYN,0.398756078,0.398566299,0.701205007,0.622061094,0.78034892,0.21965108,0.377938906,0,0,0,0,0,122.022431
1.061578947,2048,None,ovr,linear,10000,SMOTE,0.518215664,0.509899249,0.769952051,0.783475236,0.756428866,0.243571134,0.216524764,0,0,0,0,0,72.10000261
1.587368421,2048,None,ovr,linear,10000,SMOTE,0.513315124,0.50318015,0.768027716,0.790530074,0.745525357,0.254474643,0.209469926,0,0,0,0,0,71.6139609
0.535789474,2048,None,ovr,linear,10000,SMOTE,0.518665196,0.510177749,0.77024123,0.784689188,0.755793272,0.244206728,0.215310812,0,0,0,0,0,77.64341458
1.587368421,2048,balanced,ovr,linear,10000,SMOTE,0.513315124,0.50318015,0.768027716,0.790530074,0.745525357,0.254474643,0.209469926,0,0,0,0,0,72.43285418
1.061578947,2048,balanced,ovr,linear,10000,SMOTE,0.518215664,0.509899249,0.769952051,0.783475236,0.756428866,0.243571134,0.216524764,0,0,0,0,0,74.40372213
0.01,2048,balanced,ovr,linear,10000,ADASYN,0.389280114,0.389275277,0.694358271,0.597040496,0.791676046,0.208323954,0.402959504,0,0,0,0,0,121.4605794
1.061578947,2048,None,ovr,linear,10000,SMOTEENN,0.527666134,0.517022999,0.743352254,0.578486374,0.908218134,0.091781866,0.421513626,0,0,0,0,0,37.93233474
0.535789474,2048,balanced,ovr,linear,10000,SMOTE,0.518665196,0.510177749,0.77024123,0.784689188,0.755793272,0.244206728,0.215310812,0,0,0,0,0,84.55433814
1.587368421,2048,None,ovr,linear,10000,SMOTEENN,0.529385701,0.521626389,0.747630206,0.595828374,0.899432037,0.100567963,0.404171626,0,0,0,0,0,36.97435617
0.535789474,2048,None,ovr,linear,10000,SMOTEENN,0.526629408,0.513592477,0.740271217,0.566185724,0.91435671,0.08564329,0.433814276,0,0,0,0,0,39.54930623
1.587368421,2048,balanced,ovr,linear,10000,SMOTEENN,0.529541759,0.529523758,0.765209079,0.694496018,0.835922141,0.164077859,0.305503982,0,0,0,0,0,42.28695401
1.061578947,2048,balanced,ovr,linear,10000,SMOTEENN,0.525792993,0.525769289,0.763631398,0.694091977,0.833170818,0.166829182,0.305908023,0,0,0,0,0,42.09559576
0.01,2048,None,ovr,linear,10000,RandomOverSampler,0.428292457,0.428019451,0.711654657,0.605911074,0.817398239,0.182601761,0.394088926,0,0,0,0,0,109.7961059
0.535789474,2048,balanced,ovr,linear,10000,SMOTEENN,0.528234765,0.52816558,0.765402702,0.69954103,0.831264374,0.168735626,0.30045897,0,0,0,0,0,42.49196744
0.01,2048,balanced,ovr,linear,10000,RandomOverSampler,0.428292457,0.428019451,0.711654657,0.605911074,0.817398239,0.182601761,0.394088926,0,0,0,0,0,117.4821209
1.061578947,2048,None,ovr,linear,10000,SMOTETomek,0.519083399,0.51227141,0.769697528,0.774604047,0.764791009,0.235208991,0.225395953,0,0,0,0,0,87.65289545
1.587368421,2048,None,ovr,linear,10000,SMOTETomek,0.514343122,0.505747185,0.767879385,0.78166804,0.754090729,0.245909271,0.21833196,0,0,0,0,0,82.6664873
0.535789474,2048,None,ovr,linear,10000,SMOTETomek,0.519573506,0.513137937,0.76975187,0.772386707,0.767117033,0.232882967,0.227613293,0,0,0,0,0,91.22483102
1.587368421,2048,balanced,ovr,linear,10000,SMOTETomek,0.517520479,0.510072186,0.769196068,0.777623974,0.760768163,0.239231837,0.222376026,0,0,0,0,0,81.68960238
1.061578947,2048,balanced,ovr,linear,10000,SMOTETomek,0.520962133,0.513886392,0.770790463,0.777425005,0.764155921,0.235844079,0.222574995,0,0,0,0,0,87.88249731
0.01,2048,None,ovr,linear,10000,SMOTE,0.438707466,0.438576557,0.717726095,0.619429949,0.816022241,0.183977759,0.380570051,0,0,0,0,0,125.5120672
2.113157895,2048,None,ovr,linear,10000,None,0.534748669,0.525759565,0.748766615,0.592802954,0.904730276,0.095269724,0.407197046,0,0,0,0,0,45.7343514
2.113157895,2048,balanced,ovr,linear,10000,None,0.512258795,0.501779153,0.767675858,0.79215356,0.743198156,0.256801844,0.20784644,0,0,0,0,0,48.36962827
0.535789474,2048,balanced,ovr,linear,10000,SMOTETomek,0.517836101,0.510497629,0.769314887,0.777227868,0.761401906,0.238598094,0.222772132,0,0,0,0,0,79.93391132
2.638947368,2048,None,ovr,linear,10000,None,0.532606236,0.527267512,0.752526444,0.614403247,0.890649641,0.109350359,0.385596753,0,0,0,0,0,42.63634841
2.638947368,2048,balanced,ovr,linear,10000,None,0.493498187,0.47342779,0.759308315,0.823037017,0.695579613,0.304420387,0.176962983,0,0,0,0,0,46.46813806
3.164736842,2048,None,ovr,linear,10000,None,0.511089744,0.510327395,0.755316538,0.681186487,0.829446589,0.170553411,0.318813513,0,0,0,0,0,43.22678439
0.01,2048,balanced,ovr,linear,10000,SMOTE,0.438707466,0.438576557,0.717726095,0.619429949,0.816022241,0.183977759,0.380570051,0,0,0,0,0,116.3158619
3.164736842,2048,balanced,ovr,linear,10000,None,0.480675365,0.45643327,0.752716711,0.831679331,0.67375409,0.32624591,0.168320669,0,0,0,0,0,51.57431968
0.01,2048,None,ovr,linear,10000,SMOTEENN,0.399376621,0.375207911,0.669498681,0.426751503,0.912245859,0.087754141,0.573248497,0,0,0,0,0,54.1931378
0.01,2048,balanced,ovr,linear,10000,SMOTEENN,0.463728852,0.460188744,0.721670898,0.581910952,0.861430843,0.138569157,0.418089048,0,0,0,0,0,67.07236465
0.01,2048,None,ovr,linear,10000,SMOTETomek,0.439987231,0.439404649,0.716278343,0.605316,0.827240686,0.172759314,0.394684,0,0,0,0,0,114.104871
3.690526316,2048,None,ovr,linear,10000,None,0.476992895,0.467742553,0.74746172,0.756262931,0.738660509,0.261339491,0.243737069,0,0,0,0,0,46.97310774
0.01,2048,balanced,ovr,linear,10000,SMOTETomek,0.442632172,0.442351884,0.718823101,0.615803351,0.821842851,0.178157149,0.384196649,0,0,0,0,0,116.8805433
3.690526316,2048,balanced,ovr,linear,10000,None,0.442633482,0.405685948,0.731456082,0.853102017,0.609810146,0.390189854,0.146897983,0,0,0,0,0,50.54914284
2.113157895,2048,None,ovr,linear,10000,ClusterCentroids,0.439311518,0.390975793,0.727865192,0.882958284,0.5727721,0.4272279,0.117041716,0,0,0,0,0,20.13290064
2.113157895,2048,balanced,ovr,linear,10000,ClusterCentroids,0.439311518,0.390975793,0.727865192,0.882958284,0.5727721,0.4272279,0.117041716,0,0,0,0,0,20.2882611
2.638947368,2048,None,ovr,linear,10000,ClusterCentroids,0.4207697,0.367694025,0.716591273,0.887195215,0.545987332,0.454012668,0.112804785,0,0,0,0,0,19.31941525
2.638947368,2048,balanced,ovr,linear,10000,ClusterCentroids,0.4207697,0.367694025,0.716591273,0.887195215,0.545987332,0.454012668,0.112804785,0,0,0,0,0,20.63476324
3.164736842,2048,None,ovr,linear,10000,ClusterCentroids,0.393685102,0.331172924,0.69915211,0.898891025,0.499413195,0.500586805,0.101108975,0,0,0,0,0,20.19740566
2.113157895,2048,None,ovr,linear,10000,EditedNearestNeighbours,0.478290221,0.444782906,0.75117321,0.860986908,0.641359511,0.358640489,0.139013092,0,0,0,0,0,14.57026394
2.113157895,2048,balanced,ovr,linear,10000,EditedNearestNeighbours,0.480756302,0.449181843,0.752655301,0.856543685,0.648766918,0.351233082,0.143456315,0,0,0,0,0,14.75471497
2.638947368,2048,None,ovr,linear,10000,EditedNearestNeighbours,0.477596648,0.444389032,0.750831026,0.859774787,0.641887265,0.358112735,0.140225213,0,0,0,0,0,13.73842541
2.638947368,2048,balanced,ovr,linear,10000,EditedNearestNeighbours,0.481922036,0.450541886,0.753289643,0.856541854,0.650037432,0.349962568,0.143458146,0,0,0,0,0,17.25741291
3.164736842,2048,None,ovr,linear,10000,EditedNearestNeighbours,0.482181257,0.448720189,0.753242407,0.862797766,0.643687048,0.356312952,0.137202234,0,0,0,0,0,15.67430838
3.164736842,2048,balanced,ovr,linear,10000,ClusterCentroids,0.393685102,0.331172924,0.69915211,0.898891025,0.499413195,0.500586805,0.101108975,0,0,0,0,0,19.71029162
3.164736842,2048,balanced,ovr,linear,10000,EditedNearestNeighbours,0.482893627,0.451473911,0.753802872,0.857144863,0.650460881,0.349539119,0.142855137,0,0,0,0,0,12.28555433
3.690526316,2048,None,ovr,linear,10000,ClusterCentroids,0.368245353,0.297207797,0.682061374,0.909599316,0.454523431,0.545476569,0.090400684,0,0,0,0,0,18.96008507
3.690526316,2048,None,ovr,linear,10000,EditedNearestNeighbours,0.480084412,0.444938709,0.751891164,0.866231499,0.637550828,0.362449172,0.133768501,0,0,0,0,0,11.98123376
3.690526316,2048,balanced,ovr,linear,10000,ClusterCentroids,0.368245353,0.297207797,0.682061374,0.909599316,0.454523431,0.545476569,0.090400684,0,0,0,0,0,18.20955348
3.690526316,2048,balanced,ovr,linear,10000,EditedNearestNeighbours,0.479621268,0.448019,0.752035799,0.855936403,0.648135194,0.351864806,0.144063597,0,0,0,0,0,11.770485
2.113157895,2048,balanced,ovr,linear,10000,InstanceHardnessThreshold,0.468042538,0.431014707,0.745327087,0.866227227,0.624426948,0.375573052,0.133772773,0,0,0,0,0,11.46660145
2.113157895,2048,None,ovr,linear,10000,InstanceHardnessThreshold,0.468130078,0.431189371,0.745384586,0.866024596,0.624744577,0.375255423,0.133975404,0,0,0,0,0,11.02913936
2.638947368,2048,balanced,ovr,linear,10000,InstanceHardnessThreshold,0.469120599,0.431984224,0.7458885,0.867032256,0.624744745,0.375255255,0.132967744,0,0,0,0,0,10.51414736
2.638947368,2048,None,ovr,linear,10000,InstanceHardnessThreshold,0.46834487,0.431221818,0.745475198,0.866629436,0.62432096,0.37567904,0.133370564,0,0,0,0,0,11.19553232
3.164736842,2048,None,ovr,linear,10000,InstanceHardnessThreshold,0.470525923,0.433843194,0.746697055,0.866426806,0.626967303,0.373032697,0.133573194,0,0,0,0,0,11.13224999
2.113157895,2048,balanced,ovr,linear,10000,NearMiss,0.400912379,0.383094541,0.710910688,0.76733193,0.654489447,0.345510553,0.23266807,0,0,0,0,0,17.27355568
2.113157895,2048,None,ovr,linear,10000,NearMiss,0.400912379,0.383094541,0.710910688,0.76733193,0.654489447,0.345510553,0.23266807,0,0,0,0,0,17.62235514
2.638947368,2048,balanced,ovr,linear,10000,NearMiss,0.403753596,0.386249527,0.712391896,0.767330709,0.657453083,0.342546917,0.232669291,0,0,0,0,0,19.09299604
2.638947368,2048,None,ovr,linear,10000,NearMiss,0.403753596,0.386249527,0.712391896,0.767330709,0.657453083,0.342546917,0.232669291,0,0,0,0,0,19.9289093
3.164736842,2048,None,ovr,linear,10000,NearMiss,0.406444055,0.389323368,0.713776851,0.766924837,0.660628864,0.339371136,0.233075163,0,0,0,0,0,21.09469597
3.164736842,2048,balanced,ovr,linear,10000,InstanceHardnessThreshold,0.469376243,0.432569738,0.746065913,0.866223565,0.625908261,0.374091739,0.133776435,0,0,0,0,0,11.26709493
2.113157895,2048,balanced,ovr,linear,10000,NeighbourhoodCleaningRule,0.488945419,0.463012344,0.757277732,0.842818518,0.671736947,0.328263053,0.157181482,0,0,0,0,0,21.40257533
2.113157895,2048,None,ovr,linear,10000,NeighbourhoodCleaningRule,0.495849289,0.472073015,0.760920585,0.838983185,0.682857984,0.317142016,0.161016815,0,0,0,0,0,19.12949793
2.638947368,2048,balanced,ovr,linear,10000,NeighbourhoodCleaningRule,0.488186988,0.46244203,0.756879059,0.841809027,0.671949092,0.328050908,0.158190973,0,0,0,0,0,22.28608378
2.638947368,2048,None,ovr,linear,10000,NeighbourhoodCleaningRule,0.491473653,0.466769048,0.75861809,0.839993897,0.677242284,0.322757716,0.160006103,0,0,0,0,0,21.39376601
3.164736842,2048,None,ovr,linear,10000,NeighbourhoodCleaningRule,0.494885527,0.471198342,0.760411565,0.838175105,0.682648026,0.317351974,0.161824895,0,0,0,0,0,19.53473767
3.164736842,2048,balanced,ovr,linear,10000,NearMiss,0.406444055,0.389323368,0.713776851,0.766924837,0.660628864,0.339371136,0.233075163,0,0,0,0,0,22.48927593
2.113157895,2048,None,ovr,linear,10000,OneSidedSelection,0.530135727,0.523698953,0.749875901,0.605717599,0.894034202,0.105965798,0.394282401,0,0,0,0,0,40.886096
3.164736842,2048,balanced,ovr,linear,10000,NeighbourhoodCleaningRule,0.488086604,0.462255983,0.756820256,0.842009216,0.671631295,0.328368705,0.157990784,0,0,0,0,0,19.10579308
2.113157895,2048,balanced,ovr,linear,10000,OneSidedSelection,0.512646048,0.502339146,0.767800212,0.791341207,0.744259217,0.255740783,0.208658793,0,0,0,0,0,48.4686629
2.638947368,2048,None,ovr,linear,10000,OneSidedSelection,0.528170301,0.526497745,0.756884231,0.646088681,0.867679781,0.132320219,0.353911319,0,0,0,0,0,41.54350297
2.638947368,2048,balanced,ovr,linear,10000,OneSidedSelection,0.506247784,0.492040693,0.765369795,0.806273612,0.724465979,0.275534021,0.193726388,0,0,0,0,0,44.53249057
3.164736842,2048,None,ovr,linear,10000,OneSidedSelection,0.518527975,0.517178908,0.760804014,0.699346944,0.822261085,0.177738915,0.300653056,0,0,0,0,0,43.60205086
2.113157895,2048,None,ovr,linear,10000,RandomUnderSampler,0.502459827,0.489920143,0.763167727,0.797003265,0.729332189,0.270667811,0.202996735,0,0,0,0,0,19.66672397
2.113157895,2048,balanced,ovr,linear,10000,RandomUnderSampler,0.502459827,0.489920143,0.763167727,0.797003265,0.729332189,0.270667811,0.202996735,0,0,0,0,0,18.20788272
2.638947368,2048,None,ovr,linear,10000,RandomUnderSampler,0.502957805,0.490553101,0.763391071,0.796602887,0.730179255,0.269820745,0.203397113,0,0,0,0,0,18.38030267
2.638947368,2048,balanced,ovr,linear,10000,RandomUnderSampler,0.502957805,0.490553101,0.763391071,0.796602887,0.730179255,0.269820745,0.203397113,0,0,0,0,0,18.37135347
3.164736842,2048,None,ovr,linear,10000,RandomUnderSampler,0.502186783,0.489981637,0.762948918,0.795188135,0.730709701,0.269290299,0.204811865,0,0,0,0,0,18.67178679
3.164736842,2048,balanced,ovr,linear,10000,OneSidedSelection,0.495364469,0.47975675,0.759822254,0.806091123,0.713553385,0.286446615,0.193908877,0,0,0,0,0,42.60985374
2.113157895,2048,None,ovr,linear,10000,TomekLinks,0.527974171,0.521133969,0.748241127,0.601278648,0.895203607,0.104796393,0.398721352,0,0,0,0,0,45.36666274
3.164736842,2048,balanced,ovr,linear,10000,RandomUnderSampler,0.502186783,0.489981637,0.762948918,0.795188135,0.730709701,0.269290299,0.204811865,0,0,0,0,0,21.62960879
2.113157895,2048,balanced,ovr,linear,10000,TomekLinks,0.515418409,0.504837811,0.769312439,0.794367848,0.74425703,0.25574297,0.205632152,0,0,0,0,0,48.77074544
2.638947368,2048,None,ovr,linear,10000,TomekLinks,0.512842058,0.511684366,0.752650582,0.658154353,0.847146811,0.152853189,0.341845647,0,0,0,0,0,49.0741756
3.164736842,2048,None,ovr,linear,10000,TomekLinks,0.53217589,0.531925254,0.763898323,0.679177271,0.848619376,0.151380624,0.320822729,0,0,0,0,0,45.64439178
2.638947368,2048,balanced,ovr,linear,10000,TomekLinks,0.505655723,0.491863163,0.76475484,0.803029082,0.726480598,0.273519402,0.196970918,0,0,0,0,0,49.7102294
3.690526316,2048,None,ovr,linear,10000,InstanceHardnessThreshold,0.471201102,0.434559164,0.747061531,0.866626995,0.627496067,0.372503933,0.133373005,0,0,0,0,0,11.35569414
3.690526316,2048,None,ovr,linear,10000,NearMiss,0.406827653,0.390015632,0.713965325,0.765715158,0.662215493,0.337784507,0.234284842,0,0,0,0,0,20.74748611
3.164736842,2048,balanced,ovr,linear,10000,TomekLinks,0.489720556,0.471551448,0.757275319,0.814129207,0.70042143,0.29957857,0.185870793,0,0,0,0,0,47.08140667
3.690526316,2048,balanced,ovr,linear,10000,InstanceHardnessThreshold,0.470811431,0.434177511,0.746855006,0.866425585,0.627284427,0.372715573,0.133574415,0,0,0,0,0,12.07048615
3.690526316,2048,None,ovr,linear,10000,NeighbourhoodCleaningRule,0.494866631,0.469189539,0.760396646,0.845030974,0.675762317,0.324237683,0.154969026,0,0,0,0,0,16.77479768
3.690526316,2048,balanced,ovr,linear,10000,NearMiss,0.406827653,0.390015632,0.713965325,0.765715158,0.662215493,0.337784507,0.234284842,0,0,0,0,0,20.8976059
2.113157895,2048,None,ovr,linear,10000,ADASYN,0.344355303,0.254247958,0.66085201,0.941077848,0.380626172,0.619373828,0.058922152,0,0,0,0,0,97.21693953
2.113157895,2048,balanced,ovr,linear,10000,ADASYN,0.353554702,0.269616368,0.668654606,0.931580457,0.405728754,0.594271246,0.068419543,0,0,0,0,0,95.38214628
3.164736842,2048,None,ovr,linear,10000,ADASYN,0.283638293,0.189914897,0.623569107,0.942496262,0.304641953,0.695358047,0.057503738,0,0,0,0,0,90.22537223
2.638947368,2048,None,ovr,linear,10000,ADASYN,0.304569174,0.211780193,0.63645474,0.941279868,0.331629613,0.668370387,0.058720132,0,0,0,0,0,93.18077048
2.638947368,2048,balanced,ovr,linear,10000,ADASYN,0.319023597,0.234375079,0.648493421,0.927767707,0.369219135,0.630780865,0.072232293,0,0,0,0,0,95.28697904
3.690526316,2048,None,ovr,linear,10000,OneSidedSelection,0.486200131,0.478131364,0.751942686,0.754425829,0.749459544,0.250540456,0.245574171,0,0,0,0,0,38.09815701
3.690526316,2048,balanced,ovr,linear,10000,NeighbourhoodCleaningRule,0.482496893,0.454758105,0.753773975,0.845439287,0.662108663,0.337891337,0.154560713,0,0,0,0,0,16.53657142
3.690526316,2048,None,ovr,linear,10000,RandomUnderSampler,0.505863307,0.493334025,0.764923494,0.798820837,0.731026152,0.268973848,0.201179163,0,0,0,0,0,18.41820542
3.164736842,2048,balanced,ovr,linear,10000,ADASYN,0.306149772,0.218068259,0.639580834,0.932805395,0.346356272,0.653643728,0.067194605,0,0,0,0,0,93.0302186
2.113157895,2048,None,ovr,linear,10000,RandomOverSampler,0.492598416,0.475326384,0.758678048,0.811726937,0.705629159,0.294370841,0.188273063,0,0,0,0,0,65.57894222
2.113157895,2048,balanced,ovr,linear,10000,RandomOverSampler,0.492598416,0.475326384,0.758678048,0.811726937,0.705629159,0.294370841,0.188273063,0,0,0,0,0,65.57350071
3.164736842,2048,None,ovr,linear,10000,RandomOverSampler,0.403650904,0.350876886,0.707312302,0.87970582,0.534918784,0.465081216,0.12029418,0,0,0,0,0,63.85801379
2.638947368,2048,None,ovr,linear,10000,RandomOverSampler,0.446533537,0.410339741,0.732632594,0.852486191,0.612778997,0.387221003,0.147513809,0,0,0,0,0,64.73671095
3.690526316,2048,balanced,ovr,linear,10000,OneSidedSelection,0.477095801,0.454863236,0.750358754,0.821238366,0.679479143,0.320520857,0.178761634,0,0,0,0,0,37.26339801
2.638947368,2048,balanced,ovr,linear,10000,RandomOverSampler,0.446533537,0.410339741,0.732632594,0.852486191,0.612778997,0.387221003,0.147513809,0,0,0,0,0,63.55723818
3.690526316,2048,None,ovr,linear,10000,TomekLinks,0.480220294,0.471162351,0.748782259,0.754029723,0.743534795,0.256465205,0.245970277,0,0,0,0,0,39.92061416
3.690526316,2048,balanced,ovr,linear,10000,RandomUnderSampler,0.505863307,0.493334025,0.764923494,0.798820837,0.731026152,0.268973848,0.201179163,0,0,0,0,0,17.74911674
3.164736842,2048,balanced,ovr,linear,10000,RandomOverSampler,0.403650904,0.350876886,0.707312302,0.87970582,0.534918784,0.465081216,0.12029418,0,0,0,0,0,60.82864197
2.113157895,2048,None,ovr,linear,10000,SMOTE,0.518589261,0.508366785,0.770849092,0.794369679,0.747328505,0.252671495,0.205630321,0,0,0,0,0,72.07165988
3.164736842,2048,None,ovr,linear,10000,SMOTE,0.417988433,0.369185919,0.715359578,0.874661418,0.556057738,0.443942262,0.125338582,0,0,0,0,0,69.32390134
2.113157895,2048,balanced,ovr,linear,10000,SMOTE,0.518589261,0.508366785,0.770849092,0.794369679,0.747328505,0.252671495,0.205630321,0,0,0,0,0,72.03015971
2.638947368,2048,None,ovr,linear,10000,SMOTE,0.479821071,0.452262261,0.751955862,0.841790107,0.662121617,0.337878383,0.158209893,0,0,0,0,0,71.45259714
2.638947368,2048,balanced,ovr,linear,10000,SMOTE,0.479821071,0.452262261,0.751955862,0.841790107,0.662121617,0.337878383,0.158209893,0,0,0,0,0,72.10470398
3.690526316,2048,balanced,ovr,linear,10000,TomekLinks,0.48238639,0.460584108,0.753669643,0.824060545,0.683278741,0.316721259,0.175939455,0,0,0,0,0,41.52618146
2.113157895,2048,None,ovr,linear,10000,SMOTEENN,0.535739647,0.529177353,0.752304912,0.607929446,0.896680378,0.103319622,0.392070554,0,0,0,0,0,36.04679322
3.164736842,2048,None,ovr,linear,10000,SMOTEENN,0.5444974,0.54089395,0.761121624,0.636782325,0.885460923,0.114539077,0.363217675,0,0,0,0,0,45.28769747
3.164736842,2048,balanced,ovr,linear,10000,SMOTE,0.417988433,0.369185919,0.715359578,0.874661418,0.556057738,0.443942262,0.125338582,0,0,0,0,0,84.14016628
2.113157895,2048,balanced,ovr,linear,10000,SMOTEENN,0.532072503,0.532065204,0.766352481,0.695299826,0.837405136,0.162594864,0.304700174,0,0,0,0,0,37.41054265
2.638947368,2048,None,ovr,linear,10000,SMOTEENN,0.543108614,0.538225323,0.758333861,0.625066374,0.891601349,0.108398651,0.374933626,0,0,0,0,0,37.24716711
2.638947368,2048,balanced,ovr,linear,10000,SMOTEENN,0.535143005,0.535111657,0.768387651,0.700745827,0.836029475,0.163970525,0.299254173,0,0,0,0,0,41.0582006
3.690526316,2048,None,ovr,linear,10000,ADASYN,0.292621682,0.20327483,0.631009594,0.934410571,0.327608617,0.672391383,0.065589429,0,0,0,0,0,96.14557497
3.164736842,2048,balanced,ovr,linear,10000,SMOTEENN,0.533810738,0.533752285,0.767992252,0.701755318,0.834229187,0.165770813,0.298244682,0,0,0,0,0,40.58436831
3.690526316,2048,balanced,ovr,linear,10000,ADASYN,0.278663778,0.194991436,0.625405066,0.923527724,0.327282408,0.672717592,0.076472276,0,0,0,0,0,102.9418787
3.164736842,2048,None,ovr,linear,10000,SMOTETomek,0.404132873,0.360943852,0.709533574,0.855894901,0.563172248,0.436827752,0.144105099,0,0,0,0,0,80.30837011
3.690526316,2048,None,ovr,linear,10000,RandomOverSampler,0.365068741,0.305550994,0.684002495,0.884805151,0.483199838,0.516800162,0.115194849,0,0,0,0,0,77.45754019
2.113157895,2048,None,ovr,linear,10000,SMOTETomek,0.503073897,0.488843621,0.763801463,0.805044402,0.722558525,0.277441475,0.194955598,0,0,0,0,0,86.83525483
2.113157895,2048,balanced,ovr,linear,10000,SMOTETomek,0.5003008,0.486465876,0.762018756,0.800411364,0.723626147,0.276373853,0.199588636,0,0,0,0,0,85.79179827
2.638947368,2048,None,ovr,linear,10000,SMOTETomek,0.455637476,0.419794751,0.738636888,0.856747536,0.620526241,0.379473759,0.143252464,0,0,0,0,0,80.60415459
2.638947368,2048,balanced,ovr,linear,10000,SMOTETomek,0.459355589,0.428025274,0.740564625,0.842825231,0.638304018,0.361695982,0.157174769,0,0,0,0,0,86.63374821
4.216315789,2048,None,ovr,linear,10000,None,0.486936846,0.480394378,0.752422159,0.749986268,0.754858051,0.245141949,0.250013732,0,0,0,0,0,39.52791373
4.216315789,2048,balanced,ovr,linear,10000,None,0.419444391,0.37635261,0.716261921,0.859538588,0.572985254,0.427014746,0.140461412,0,0,0,0,0,45.01405827
4.742105263,2048,None,ovr,linear,10000,None,0.400496278,0.361942593,0.708248928,0.839186426,0.577311429,0.422688571,0.160813574,0,0,0,0,0,40.53290764
5.267894737,2048,None,ovr,linear,10000,None,0.368803817,0.326519678,0.690449404,0.8402008,0.540698009,0.459301991,0.1597992,0,0,0,0,0,40.40356048
4.742105263,2048,balanced,ovr,linear,10000,None,0.378895774,0.327609115,0.694056953,0.867623669,0.520490238,0.479509762,0.132376331,0,0,0,0,0,43.32275399
3.164736842,2048,balanced,ovr,linear,10000,SMOTETomek,0.429857935,0.387756893,0.723808131,0.863415423,0.584200839,0.415799161,0.136584577,0,0,0,0,0,71.26240595
3.690526316,2048,balanced,ovr,linear,10000,RandomOverSampler,0.365068741,0.305550994,0.684002495,0.884805151,0.483199838,0.516800162,0.115194849,0,0,0,0,0,61.28854171
3.690526316,2048,None,ovr,linear,10000,SMOTE,0.394119333,0.335111664,0.699256342,0.892652202,0.505860482,0.494139518,0.107347798,0,0,0,0,0,70.27240785
5.267894737,2048,balanced,ovr,linear,10000,None,0.35081689,0.288387643,0.674637167,0.891266746,0.458007587,0.541992413,0.108733254,0,0,0,0,0,49.31360237
3.690526316,2048,None,ovr,linear,10000,SMOTEENN,0.544365705,0.541888247,0.763175564,0.647881229,0.878469898,0.121530102,0.352118771,0,0,0,0,0,34.1014386
3.690526316,2048,balanced,ovr,linear,10000,SMOTE,0.394119333,0.335111664,0.699256342,0.892652202,0.505860482,0.494139518,0.107347798,0,0,0,0,0,77.0141352
3.690526316,2048,balanced,ovr,linear,10000,SMOTEENN,0.535055494,0.534981718,0.768790386,0.703773689,0.833807084,0.166192916,0.296226311,0,0,0,0,0,37.4064943
3.690526316,2048,None,ovr,linear,10000,SMOTETomek,0.40934935,0.356590096,0.710320601,0.882159358,0.538481843,0.461518157,0.117840642,0,0,0,0,0,74.36797659
5.793684211,2048,None,ovr,linear,10000,None,0.391658116,0.359379335,0.704916478,0.817821111,0.592011844,0.407988156,0.182178889,0,0,0,0,0,45.99203793
3.690526316,2048,balanced,ovr,linear,10000,SMOTETomek,0.432843423,0.397923857,0.726758672,0.843992188,0.609525155,0.390474845,0.156007812,0,0,0,0,0,71.22376998
5.793684211,2048,balanced,ovr,linear,10000,None,0.354058342,0.295858684,0.678069033,0.878949617,0.477188449,0.522811551,0.121050383,0,0,0,0,0,47.61949197
4.216315789,2048,None,ovr,linear,10000,ClusterCentroids,0.365437247,0.294226295,0.680447713,0.909201379,0.451694047,0.548305953,0.090798621,0,0,0,0,0,19.20325891
4.216315789,2048,balanced,ovr,linear,10000,ClusterCentroids,0.365437247,0.294226295,0.680447713,0.909201379,0.451694047,0.548305953,0.090798621,0,0,0,0,0,18.34851519
4.742105263,2048,None,ovr,linear,10000,ClusterCentroids,0.358883481,0.287640505,0.676760252,0.907774421,0.445746082,0.554253918,0.092225579,0,0,0,0,0,18.68995722
5.267894737,2048,None,ovr,linear,10000,ClusterCentroids,0.325398029,0.250077313,0.656105551,0.910606976,0.401604125,0.598395875,0.089393024,0,0,0,0,0,19.04380655
4.742105263,2048,balanced,ovr,linear,10000,ClusterCentroids,0.358883481,0.287640505,0.676760252,0.907774421,0.445746082,0.554253918,0.092225579,0,0,0,0,0,18.59370255
4.216315789,2048,None,ovr,linear,10000,EditedNearestNeighbours,0.480716413,0.446171148,0.752296456,0.864819189,0.639773723,0.360226277,0.135180811,0,0,0,0,0,16.9875807
4.216315789,2048,balanced,ovr,linear,10000,EditedNearestNeighbours,0.482608372,0.451416687,0.753664254,0.856336171,0.650992337,0.349007663,0.143663829,0,0,0,0,0,16.61926126
4.742105263,2048,None,ovr,linear,10000,EditedNearestNeighbours,0.481972793,0.44718875,0.752949764,0.866230279,0.639669249,0.360330751,0.133769721,0,0,0,0,0,16.54301826
5.267894737,2048,None,ovr,linear,10000,EditedNearestNeighbours,0.481294622,0.446169375,0.752514948,0.866630657,0.63839924,0.36160076,0.133369343,0,0,0,0,0,18.27661411
4.742105263,2048,balanced,ovr,linear,10000,EditedNearestNeighbours,0.486497069,0.455132158,0.755719632,0.85875431,0.652684954,0.347315046,0.14124569,0,0,0,0,0,15.83917983
5.267894737,2048,balanced,ovr,linear,10000,ClusterCentroids,0.325398029,0.250077313,0.656105551,0.910606976,0.401604125,0.598395875,0.089393024,0,0,0,0,0,19.24103904
5.267894737,2048,balanced,ovr,linear,10000,EditedNearestNeighbours,0.479347111,0.446282267,0.751770061,0.860167842,0.64337228,0.35662772,0.139832158,0,0,0,0,0,12.41416876
5.793684211,2048,None,ovr,linear,10000,ClusterCentroids,0.303393825,0.223124851,0.641434883,0.917462846,0.36540692,0.63459308,0.082537154,0,0,0,0,0,17.21577827
5.793684211,2048,None,ovr,linear,10000,EditedNearestNeighbours,0.470154102,0.432241527,0.746302464,0.869465654,0.623139274,0.376860726,0.130534346,0,0,0,0,0,11.76772722
5.793684211,2048,balanced,ovr,linear,10000,ClusterCentroids,0.303393825,0.223124851,0.641434883,0.917462846,0.36540692,0.63459308,0.082537154,0,0,0,0,0,17.06509765
5.793684211,2048,balanced,ovr,linear,10000,EditedNearestNeighbours,0.478289878,0.443942911,0.750956718,0.862983918,0.638929518,0.361070482,0.137016082,0,0,0,0,0,11.68250553
4.216315789,2048,None,ovr,linear,10000,InstanceHardnessThreshold,0.469857121,0.433122835,0.7463308,0.866223565,0.626438035,0.373561965,0.133776435,0,0,0,0,0,10.46513255
4.216315789,2048,balanced,ovr,linear,10000,InstanceHardnessThreshold,0.470243746,0.433505593,0.746537378,0.866425585,0.62664917,0.37335083,0.133574415,0,0,0,0,0,10.51089247
4.742105263,2048,balanced,ovr,linear,10000,InstanceHardnessThreshold,0.470482368,0.433412872,0.746618316,0.867433855,0.625802778,0.374197222,0.132566145,0,0,0,0,0,11.0778513
4.742105263,2048,None,ovr,linear,10000,InstanceHardnessThreshold,0.468791794,0.432089451,0.745763241,0.865618725,0.625907756,0.374092244,0.134381275,0,0,0,0,0,10.70727809
5.267894737,2048,None,ovr,linear,10000,InstanceHardnessThreshold,0.470017707,0.433603069,0.746456302,0.865416705,0.627495899,0.372504101,0.134583295,0,0,0,0,0,10.8564086
4.216315789,2048,None,ovr,linear,10000,NearMiss,0.409830527,0.393434474,0.71551062,0.765312338,0.665708902,0.334291098,0.234687662,0,0,0,0,0,17.41519809
4.216315789,2048,balanced,ovr,linear,10000,NearMiss,0.409830527,0.393434474,0.71551062,0.765312338,0.665708902,0.334291098,0.234687662,0,0,0,0,0,17.91592065
4.742105263,2048,balanced,ovr,linear,10000,NearMiss,0.411153734,0.3948589,0.716193725,0.765514358,0.666873092,0.333126908,0.234485642,0,0,0,0,0,18.52210458
4.742105263,2048,None,ovr,linear,10000,NearMiss,0.411153734,0.3948589,0.716193725,0.765514358,0.666873092,0.333126908,0.234485642,0,0,0,0,0,19.13710427
5.267894737,2048,None,ovr,linear,10000,NearMiss,0.410583332,0.394359354,0.715892504,0.764910739,0.666874269,0.333125731,0.235089261,0,0,0,0,0,20.74876889
4.216315789,2048,None,ovr,linear,10000,NeighbourhoodCleaningRule,0.493291949,0.468965047,0.759582908,0.839587415,0.679578402,0.320421598,0.160412585,0,0,0,0,0,17.06176964
4.216315789,2048,balanced,ovr,linear,10000,NeighbourhoodCleaningRule,0.490639469,0.464598302,0.758145628,0.844024535,0.672266721,0.327733279,0.155975465,0,0,0,0,0,23.23392049
5.267894737,2048,balanced,ovr,linear,10000,InstanceHardnessThreshold,0.46929885,0.432330621,0.746003467,0.866627605,0.625379329,0.374620671,0.133372395,0,0,0,0,0,11.45428125
4.742105263,2048,balanced,ovr,linear,10000,NeighbourhoodCleaningRule,0.488893539,0.460472481,0.757139232,0.85068815,0.663590313,0.336409687,0.14931185,0,0,0,0,0,18.98476076
4.742105263,2048,None,ovr,linear,10000,NeighbourhoodCleaningRule,0.485157294,0.459430165,0.755274571,0.840189203,0.67035994,0.32964006,0.159810797,0,0,0,0,0,16.34371487
5.267894737,2048,None,ovr,linear,10000,NeighbourhoodCleaningRule,0.482610414,0.451826689,0.753646423,0.854920809,0.652372036,0.347627964,0.145079191,0,0,0,0,0,17.20818798
5.267894737,2048,balanced,ovr,linear,10000,NearMiss,0.410583332,0.394359354,0.715892504,0.764910739,0.666874269,0.333125731,0.235089261,0,0,0,0,0,22.90223074
4.216315789,2048,None,ovr,linear,10000,OneSidedSelection,0.446670417,0.424673318,0.733547824,0.800190424,0.666905225,0.333094775,0.199809576,0,0,0,0,0,42.88921722
4.216315789,2048,balanced,ovr,linear,10000,OneSidedSelection,0.463200689,0.432655415,0.742829076,0.84280387,0.642854283,0.357145717,0.15719613,0,0,0,0,0,44.4703846
4.742105263,2048,None,ovr,linear,10000,OneSidedSelection,0.404924218,0.375987374,0.712506628,0.812111447,0.612901809,0.387098191,0.187888553,0,0,0,0,0,39.68461291
4.742105263,2048,balanced,ovr,linear,10000,OneSidedSelection,0.426595957,0.38176675,0.72118063,0.866628216,0.575733044,0.424266956,0.133371784,0,0,0,0,0,44.7412405
5.267894737,2048,balanced,ovr,linear,10000,NeighbourhoodCleaningRule,0.46794099,0.434324035,0.745611269,0.856320913,0.634901624,0.365098376,0.143679087,0,0,0,0,0,17.48358083
5.267894737,2048,None,ovr,linear,10000,OneSidedSelection,0.394674313,0.357306962,0.705637849,0.834151179,0.577124519,0.422875481,0.165848821,0,0,0,0,0,40.55595946
4.216315789,2048,None,ovr,linear,10000,RandomUnderSampler,0.500556874,0.486486073,0.762491253,0.803056547,0.72192596,0.27807404,0.196943453,0,0,0,0,0,19.60643593
4.216315789,2048,balanced,ovr,linear,10000,RandomUnderSampler,0.500556874,0.486486073,0.762491253,0.803056547,0.72192596,0.27807404,0.196943453,0,0,0,0,0,18.58012327
4.742105263,2048,None,ovr,linear,10000,RandomUnderSampler,0.501351262,0.486574918,0.763037113,0.806695352,0.719378875,0.280621125,0.193304648,0,0,0,0,0,19.38554382
4.742105263,2048,balanced,ovr,linear,10000,RandomUnderSampler,0.501351262,0.486574918,0.763037113,0.806695352,0.719378875,0.280621125,0.193304648,0,0,0,0,0,18.89381941
5.267894737,2048,None,ovr,linear,10000,RandomUnderSampler,0.485453215,0.467426446,0.754939582,0.810708902,0.699170263,0.300829737,0.189291098,0,0,0,0,0,20.17657288
5.267894737,2048,balanced,ovr,linear,10000,OneSidedSelection,0.432239233,0.383434211,0.723147032,0.879540419,0.566753644,0.433246356,0.120459581,0,0,0,0,0,40.18821828
4.216315789,2048,None,ovr,linear,10000,TomekLinks,0.412397253,0.381289259,0.715877056,0.821184046,0.610570066,0.389429934,0.178815954,0,0,0,0,0,44.77142215
4.742105263,2048,None,ovr,linear,10000,TomekLinks,0.419025697,0.397678642,0.7203777,0.79092557,0.64982983,0.35017017,0.20907443,0,0,0,0,0,45.52512066
4.216315789,2048,balanced,ovr,linear,10000,TomekLinks,0.450371709,0.41503488,0.735557455,0.850913363,0.620201546,0.379798454,0.149086637,0,0,0,0,0,48.58147669
5.793684211,2048,None,ovr,linear,10000,InstanceHardnessThreshold,0.467733413,0.430928757,0.745185987,0.865416094,0.62495588,0.37504412,0.134583906,0,0,0,0,0,10.91762956
5.267894737,2048,balanced,ovr,linear,10000,RandomUnderSampler,0.485453215,0.467426446,0.754939582,0.810708902,0.699170263,0.300829737,0.189291098,0,0,0,0,0,21.80950475
4.742105263,2048,balanced,ovr,linear,10000,TomekLinks,0.409580374,0.359719105,0.711008626,0.874114559,0.547902693,0.452097307,0.125885441,0,0,0,0,0,49.52501726
5.267894737,2048,None,ovr,linear,10000,TomekLinks,0.4007351,0.368866209,0.709916712,0.820400378,0.599433046,0.400566954,0.179599622,0,0,0,0,0,44.00920161
5.793684211,2048,None,ovr,linear,10000,NearMiss,0.413518666,0.3974867,0.717412276,0.765515579,0.669308973,0.330691027,0.234484421,0,0,0,0,0,20.81208372
5.267894737,2048,balanced,ovr,linear,10000,TomekLinks,0.42361972,0.372163489,0.718303255,0.883759041,0.552847469,0.447152531,0.116240959,0,0,0,0,0,47.20974199
5.793684211,2048,None,ovr,linear,10000,NeighbourhoodCleaningRule,0.45240729,0.415353341,0.736666557,0.858972199,0.614360916,0.385639084,0.141027801,0,0,0,0,0,17.56220078
5.793684211,2048,balanced,ovr,linear,10000,InstanceHardnessThreshold,0.467866055,0.43072483,0.745215205,0.866427416,0.624002995,0.375997005,0.133572584,0,0,0,0,0,11.45251131
5.793684211,2048,balanced,ovr,linear,10000,NearMiss,0.413518666,0.3974867,0.717412276,0.765515579,0.669308973,0.330691027,0.234484421,0,0,0,0,0,21.17846568
4.216315789,2048,None,ovr,linear,10000,ADASYN,0.260685192,0.173853723,0.613089173,0.933604931,0.292573414,0.707426586,0.066395069,0,0,0,0,0,86.97803505
5.793684211,2048,None,ovr,linear,10000,OneSidedSelection,0.424618589,0.391530583,0.72080993,0.830127865,0.611491996,0.388508004,0.169872135,0,0,0,0,0,37.89990934
4.742105263,2048,None,ovr,linear,10000,ADASYN,0.299949394,0.214311014,0.636993751,0.928174799,0.345812703,0.654187297,0.071825201,0,0,0,0,0,84.06344597
5.267894737,2048,None,ovr,linear,10000,ADASYN,0.281763766,0.188823423,0.622810591,0.940876438,0.304744745,0.695255255,0.059123562,0,0,0,0,0,82.94550037
4.216315789,2048,balanced,ovr,linear,10000,ADASYN,0.297510863,0.212784804,0.635976748,0.926543379,0.345410116,0.654589884,0.073456621,0,0,0,0,0,92.33982913
4.742105263,2048,balanced,ovr,linear,10000,ADASYN,0.2782103,0.192027659,0.623947226,0.928972505,0.318921947,0.681078053,0.071027495,0,0,0,0,0,89.29310838
5.793684211,2048,balanced,ovr,linear,10000,NeighbourhoodCleaningRule,0.467499441,0.432325013,0.745006907,0.859969483,0.63004433,0.36995567,0.140030517,0,0,0,0,0,16.68318391
5.793684211,2048,None,ovr,linear,10000,RandomUnderSampler,0.472613992,0.447833299,0.748636089,0.830481858,0.66679032,0.33320968,0.169518142,0,0,0,0,0,19.70695869
4.216315789,2048,None,ovr,linear,10000,RandomOverSampler,0.358585391,0.299300616,0.680524372,0.881533767,0.479514977,0.520485023,0.118466233,0,0,0,0,0,63.74692297
4.742105263,2048,None,ovr,linear,10000,RandomOverSampler,0.354730049,0.29474978,0.678105049,0.881955507,0.474254591,0.525745409,0.118044493,0,0,0,0,0,61.10906275
5.267894737,2048,None,ovr,linear,10000,RandomOverSampler,0.354472574,0.292818876,0.677305237,0.886000183,0.468610291,0.531389709,0.113999817,0,0,0,0,0,59.5774889
5.267894737,2048,balanced,ovr,linear,10000,ADASYN,0.270139724,0.184475895,0.619418921,0.928368885,0.310468956,0.689531044,0.071631115,0,0,0,0,0,81.3711528
4.216315789,2048,balanced,ovr,linear,10000,RandomOverSampler,0.358585391,0.299300616,0.680524372,0.881533767,0.479514977,0.520485023,0.118466233,0,0,0,0,0,62.16166973
4.742105263,2048,balanced,ovr,linear,10000,RandomOverSampler,0.354730049,0.29474978,0.678105049,0.881955507,0.474254591,0.525745409,0.118044493,0,0,0,0,0,59.94691737
5.793684211,2048,balanced,ovr,linear,10000,OneSidedSelection,0.374767564,0.319449246,0.690564734,0.875902225,0.505227244,0.494772756,0.124097775,0,0,0,0,0,34.56789438
5.793684211,2048,None,ovr,linear,10000,TomekLinks,0.389370099,0.3523035,0.702728941,0.831122707,0.574335176,0.425664824,0.168877293,0,0,0,0,0,37.12626934
5.793684211,2048,balanced,ovr,linear,10000,RandomUnderSampler,0.472613992,0.447833299,0.748636089,0.830481858,0.66679032,0.33320968,0.169518142,0,0,0,0,0,17.87156709
5.267894737,2048,balanced,ovr,linear,10000,RandomOverSampler,0.354472574,0.292818876,0.677305237,0.886000183,0.468610291,0.531389709,0.113999817,0,0,0,0,0,57.57387892
4.216315789,2048,None,ovr,linear,10000,SMOTE,0.363113984,0.296059932,0.680545399,0.899893802,0.461196995,0.538803005,0.100106198,0,0,0,0,0,67.43262696
4.742105263,2048,None,ovr,linear,10000,SMOTE,0.36728153,0.306571672,0.68506215,0.887195825,0.482928475,0.517071525,0.112804175,0,0,0,0,0,66.94975281
5.267894737,2048,None,ovr,linear,10000,SMOTE,0.399570875,0.341409117,0.703676087,0.891231347,0.516120827,0.483879173,0.108768653,0,0,0,0,0,66.44132821
4.742105263,2048,balanced,ovr,linear,10000,SMOTE,0.36728153,0.306571672,0.68506215,0.887195825,0.482928475,0.517071525,0.112804175,0,0,0,0,0,67.37674745
4.216315789,2048,balanced,ovr,linear,10000,SMOTE,0.363113984,0.296059932,0.680545399,0.899893802,0.461196995,0.538803005,0.100106198,0,0,0,0,0,68.60101501
5.793684211,2048,balanced,ovr,linear,10000,TomekLinks,0.345975544,0.276959243,0.670270731,0.900317373,0.44022409,0.55977591,0.099682627,0,0,0,0,0,43.26189645
4.216315789,2048,None,ovr,linear,10000,SMOTEENN,0.522272733,0.519813433,0.756305139,0.662435228,0.850175049,0.149824951,0.337564772,0,0,0,0,0,36.02352158
4.742105263,2048,None,ovr,linear,10000,SMOTEENN,0.541539716,0.540081891,0.764177874,0.65919314,0.869162608,0.130837392,0.34080686,0,0,0,0,0,45.22110907
5.267894737,2048,None,ovr,linear,10000,SMOTEENN,0.540334028,0.539502215,0.765912512,0.672297598,0.859527427,0.140472573,0.327702402,0,0,0,0,0,33.72671199
4.742105263,2048,balanced,ovr,linear,10000,SMOTEENN,0.523168958,0.521398916,0.766765107,0.727983155,0.80554706,0.19445294,0.272016845,0,0,0,0,0,36.08556811
4.216315789,2048,balanced,ovr,linear,10000,SMOTEENN,0.536369109,0.536297559,0.769324958,0.703783454,0.834866463,0.165133537,0.296216546,0,0,0,0,0,33.59575121
5.267894737,2048,balanced,ovr,linear,10000,SMOTE,0.399570875,0.341409117,0.703676087,0.891231347,0.516120827,0.483879173,0.108768653,0,0,0,0,0,81.41496857
5.793684211,2048,None,ovr,linear,10000,ADASYN,0.255379411,0.166733846,0.609124725,0.935828374,0.282421077,0.717578923,0.064171626,0,0,0,0,0,83.14863626
5.267894737,2048,balanced,ovr,linear,10000,SMOTEENN,0.532409139,0.531866743,0.769295617,0.715683115,0.822908118,0.177091882,0.284316885,0,0,0,0,0,39.2659502
5.793684211,2048,None,ovr,linear,10000,RandomOverSampler,0.335235498,0.26821934,0.664719725,0.894068785,0.435370665,0.564629335,0.105931215,0,0,0,0,0,71.76315633
4.216315789,2048,None,ovr,linear,10000,SMOTETomek,0.357037748,0.302329094,0.680628039,0.871045195,0.490210883,0.509789117,0.128954805,0,0,0,0,0,77.70889656
4.742105263,2048,None,ovr,linear,10000,SMOTETomek,0.396471848,0.345704341,0.703588007,0.87426226,0.532913754,0.467086246,0.12573774,0,0,0,0,0,75.75220927
5.793684211,2048,balanced,ovr,linear,10000,ADASYN,0.267659522,0.18236898,0.618065129,0.927776862,0.308353395,0.691646605,0.072223138,0,0,0,0,0,94.01299644
5.267894737,2048,None,ovr,linear,10000,SMOTETomek,0.377117927,0.32354392,0.692201051,0.873265586,0.511136515,0.488863485,0.126734414,0,0,0,0,0,75.04905701
4.742105263,2048,balanced,ovr,linear,10000,SMOTETomek,0.402127102,0.353894145,0.707562913,0.868202264,0.546923562,0.453076438,0.131797736,0,0,0,0,0,84.0966711
4.216315789,2048,balanced,ovr,linear,10000,SMOTETomek,0.386294639,0.331607008,0.696928049,0.879108914,0.514747184,0.485252816,0.120891086,0,0,0,0,0,79.32743041
6.319473684,2048,None,ovr,linear,10000,None,0.444566286,0.428267509,0.732786488,0.779019195,0.686553781,0.313446219,0.220980805,0,0,0,0,0,41.48720042
6.319473684,2048,balanced,ovr,linear,10000,None,0.377117608,0.321170815,0.691870697,0.878720742,0.505020651,0.494979349,0.121279258,0,0,0,0,0,41.16292628
6.845263158,2048,None,ovr,linear,10000,None,0.423348255,0.397915526,0.722231039,0.806680094,0.637781984,0.362218016,0.193319906,0,0,0,0,0,39.28232932
7.371052632,2048,None,ovr,linear,10000,None,0.343981655,0.29232996,0.674847732,0.858328298,0.491367165,0.508632835,0.141671702,0,0,0,0,0,39.8624417
6.845263158,2048,balanced,ovr,linear,10000,None,0.372310538,0.322007343,0.690699071,0.86401538,0.517382761,0.482617239,0.13598462,0,0,0,0,0,42.08934148
5.793684211,2048,None,ovr,linear,10000,SMOTE,0.369407795,0.303063729,0.684189344,0.900314321,0.468064367,0.531935633,0.099685679,0,0,0,0,0,69.15560667
5.793684211,2048,balanced,ovr,linear,10000,RandomOverSampler,0.335235498,0.26821934,0.664719725,0.894068785,0.435370665,0.564629335,0.105931215,0,0,0,0,0,56.63511825
5.267894737,2048,balanced,ovr,linear,10000,SMOTETomek,0.377176449,0.318801866,0.691256362,0.884364491,0.498148232,0.501851768,0.115635509,0,0,0,0,0,65.25381939
5.793684211,2048,None,ovr,linear,10000,SMOTEENN,0.536631089,0.536339969,0.765823925,0.680166621,0.851481229,0.148518771,0.319833379,0,0,0,0,0,32.92337354
7.371052632,2048,balanced,ovr,linear,10000,None,0.377287788,0.331043994,0.692854636,0.853911929,0.531797344,0.468202656,0.146088071,0,0,0,0,0,47.12520647
5.793684211,2048,balanced,ovr,linear,10000,SMOTE,0.369407795,0.303063729,0.684189344,0.900314321,0.468064367,0.531935633,0.099685679,0,0,0,0,0,72.60485673
5.793684211,2048,balanced,ovr,linear,10000,SMOTEENN,0.531003268,0.530363267,0.768978625,0.717707589,0.820249661,0.179750339,0.282292411,0,0,0,0,0,36.0651687
5.793684211,2048,None,ovr,linear,10000,SMOTETomek,0.39092281,0.331608072,0.698542801,0.890827917,0.506257686,0.493742314,0.109172083,0,0,0,0,0,70.06217202
7.896842105,2048,None,ovr,linear,10000,None,0.356164762,0.3146887,0.684197567,0.83373005,0.534665085,0.465334915,0.16626995,0,0,0,0,0,44.96945922
5.793684211,2048,balanced,ovr,linear,10000,SMOTETomek,0.383349527,0.330689341,0.696248455,0.872878635,0.519618274,0.480381726,0.127121365,0,0,0,0,0,66.90206869
7.896842105,2048,balanced,ovr,linear,10000,None,0.336150301,0.276299101,0.667790094,0.876287955,0.459292233,0.540707767,0.123712045,0,0,0,0,0,44.48817889
6.319473684,2048,None,ovr,linear,10000,ClusterCentroids,0.319909044,0.243967094,0.652767229,0.910810827,0.394723631,0.605276369,0.089189173,0,0,0,0,0,18.56193527
6.845263158,2048,None,ovr,linear,10000,ClusterCentroids,0.281804169,0.20199809,0.628964559,0.916856785,0.341072333,0.658927667,0.083143215,0,0,0,0,0,17.51881329
6.319473684,2048,balanced,ovr,linear,10000,ClusterCentroids,0.319909044,0.243967094,0.652767229,0.910810827,0.394723631,0.605276369,0.089189173,0,0,0,0,0,17.51921765
7.371052632,2048,None,ovr,linear,10000,ClusterCentroids,0.293157452,0.215867575,0.636792476,0.910603314,0.362981637,0.637018363,0.089396686,0,0,0,0,0,18.07280707
6.845263158,2048,balanced,ovr,linear,10000,ClusterCentroids,0.281804169,0.20199809,0.628964559,0.916856785,0.341072333,0.658927667,0.083143215,0,0,0,0,0,17.62774547
6.319473684,2048,None,ovr,linear,10000,EditedNearestNeighbours,0.478851454,0.441245344,0.750848268,0.871871586,0.629824951,0.370175049,0.128128414,0,0,0,0,0,14.88388411
6.845263158,2048,None,ovr,linear,10000,EditedNearestNeighbours,0.476299871,0.441194837,0.749829039,0.864010498,0.63564758,0.36435242,0.135989502,0,0,0,0,0,15.22387012
6.319473684,2048,balanced,ovr,linear,10000,EditedNearestNeighbours,0.479019613,0.444187891,0.751339973,0.86460069,0.638079256,0.361920744,0.13539931,0,0,0,0,0,14.74134541
7.371052632,2048,None,ovr,linear,10000,EditedNearestNeighbours,0.469347821,0.431085218,0.745772607,0.869869084,0.62167613,0.37832387,0.130130916,0,0,0,0,0,19.97750839
6.845263158,2048,balanced,ovr,linear,10000,EditedNearestNeighbours,0.475489513,0.439841134,0.749308558,0.865423418,0.633193698,0.366806302,0.134576582,0,0,0,0,0,15.28458508
7.371052632,2048,balanced,ovr,linear,10000,ClusterCentroids,0.293157452,0.215867575,0.636792476,0.910603314,0.362981637,0.637018363,0.089396686,0,0,0,0,0,17.10457166
7.371052632,2048,balanced,ovr,linear,10000,EditedNearestNeighbours,0.470848381,0.434489184,0.746885789,0.865425249,0.62834633,0.37165367,0.134574751,0,0,0,0,0,12.56923819
7.896842105,2048,None,ovr,linear,10000,ClusterCentroids,0.260256727,0.18290511,0.617503813,0.911209375,0.323798252,0.676201748,0.088790625,0,0,0,0,0,17.20954164
7.896842105,2048,None,ovr,linear,10000,EditedNearestNeighbours,0.46428599,0.423101508,0.74272339,0.8757295,0.60971728,0.39028272,0.1242705,0,0,0,0,0,12.0293049
7.896842105,2048,balanced,ovr,linear,10000,ClusterCentroids,0.260256727,0.18290511,0.617503813,0.911209375,0.323798252,0.676201748,0.088790625,0,0,0,0,0,16.32359807
7.896842105,2048,balanced,ovr,linear,10000,EditedNearestNeighbours,0.47704424,0.439349952,0.750051545,0.872293936,0.627809154,0.372190846,0.127706064,0,0,0,0,0,11.55777979
6.319473684,2048,None,ovr,linear,10000,InstanceHardnessThreshold,0.467010602,0.429725057,0.744737237,0.866424364,0.623050109,0.376949891,0.133575636,0,0,0,0,0,10.72873036
6.319473684,2048,balanced,ovr,linear,10000,InstanceHardnessThreshold,0.467751315,0.430742796,0.745172146,0.866022155,0.624322137,0.375677863,0.133977845,0,0,0,0,0,10.32148957
7.371052632,2048,None,ovr,linear,10000,InstanceHardnessThreshold,0.467084434,0.430026079,0.744806776,0.865821356,0.623792196,0.376207804,0.134178644,0,0,0,0,0,10.70305888
6.845263158,2048,None,ovr,linear,10000,InstanceHardnessThreshold,0.465192856,0.427682088,0.743735946,0.866221734,0.621250158,0.378749842,0.133778266,0,0,0,0,0,10.72970867
6.845263158,2048,balanced,ovr,linear,10000,InstanceHardnessThreshold,0.465264564,0.427982504,0.743805569,0.865618725,0.621992413,0.378007587,0.134381275,0,0,0,0,0,10.87495375
6.319473684,2048,None,ovr,linear,10000,NearMiss,0.413648607,0.397721679,0.717473532,0.765108487,0.669838578,0.330161422,0.234891513,0,0,0,0,0,17.67092768
6.319473684,2048,balanced,ovr,linear,10000,NearMiss,0.413648607,0.397721679,0.717473532,0.765108487,0.669838578,0.330161422,0.234891513,0,0,0,0,0,17.63338208
7.371052632,2048,None,ovr,linear,10000,NearMiss,0.417490562,0.401808143,0.719465158,0.765915957,0.673014359,0.326985641,0.234084043,0,0,0,0,0,19.53852828
6.845263158,2048,None,ovr,linear,10000,NearMiss,0.415304254,0.399337177,0.718348732,0.766117977,0.670579487,0.329420513,0.233882023,0,0,0,0,0,19.9468046
6.845263158,2048,balanced,ovr,linear,10000,NearMiss,0.415304254,0.399337177,0.718348732,0.766117977,0.670579487,0.329420513,0.233882023,0,0,0,0,0,22.02545985
6.319473684,2048,None,ovr,linear,10000,NeighbourhoodCleaningRule,0.470401281,0.437641954,0.746926952,0.85492203,0.638931873,0.361068127,0.14507797,0,0,0,0,0,20.11493452
7.371052632,2048,balanced,ovr,linear,10000,InstanceHardnessThreshold,0.465149083,0.428118348,0.743772319,0.864810644,0.622733994,0.377266006,0.135189356,0,0,0,0,0,10.92668986
6.319473684,2048,balanced,ovr,linear,10000,NeighbourhoodCleaningRule,0.471219736,0.439261425,0.747405524,0.852500839,0.642310209,0.357689791,0.147499161,0,0,0,0,0,19.81194297
7.371052632,2048,None,ovr,linear,10000,NeighbourhoodCleaningRule,0.435042394,0.383820062,0.724821978,0.88841466,0.561229297,0.438770703,0.11158534,0,0,0,0,0,19.71393275
6.845263158,2048,None,ovr,linear,10000,NeighbourhoodCleaningRule,0.467612986,0.429636378,0.744929004,0.868619122,0.621238886,0.378761114,0.131380878,0,0,0,0,0,18.90930486
6.845263158,2048,balanced,ovr,linear,10000,NeighbourhoodCleaningRule,0.477050687,0.442067721,0.74997415,0.86397754,0.635970761,0.364029239,0.13602246,0,0,0,0,0,18.97944713
7.371052632,2048,balanced,ovr,linear,10000,NearMiss,0.417490562,0.401808143,0.719465158,0.765915957,0.673014359,0.326985641,0.234084043,0,0,0,0,0,24.75123874
6.319473684,2048,None,ovr,linear,10000,OneSidedSelection,0.390180592,0.355620709,0.703484741,0.822212457,0.584757026,0.415242974,0.177787543,0,0,0,0,0,42.14787173
6.319473684,2048,balanced,ovr,linear,10000,OneSidedSelection,0.402462051,0.360293326,0.708866759,0.852459337,0.565274182,0.434725818,0.147540663,0,0,0,0,0,39.86525806
7.371052632,2048,None,ovr,linear,10000,OneSidedSelection,0.373649699,0.325773075,0.691836351,0.857556837,0.526115864,0.473884136,0.142443163,0,0,0,0,0,39.43506002
7.371052632,2048,balanced,ovr,linear,10000,NeighbourhoodCleaningRule,0.44225851,0.397377359,0.730132259,0.875299216,0.584965301,0.415034699,0.124700784,0,0,0,0,0,18.72873513
6.845263158,2048,None,ovr,linear,10000,OneSidedSelection,0.375609933,0.329376864,0.693460137,0.852492905,0.534427369,0.465572631,0.147507095,0,0,0,0,0,39.56623268
6.319473684,2048,None,ovr,linear,10000,RandomUnderSampler,0.474032281,0.449929488,0.749115976,0.82784644,0.670385512,0.329614488,0.17215356,0,0,0,0,0,20.28154286
6.845263158,2048,balanced,ovr,linear,10000,OneSidedSelection,0.356681142,0.291399451,0.677381744,0.895268699,0.459494789,0.540505211,0.104731301,0,0,0,0,0,38.92992274
6.319473684,2048,balanced,ovr,linear,10000,RandomUnderSampler,0.474032281,0.449929488,0.749115976,0.82784644,0.670385512,0.329614488,0.17215356,0,0,0,0,0,19.71258601
7.371052632,2048,None,ovr,linear,10000,RandomUnderSampler,0.450998568,0.417289631,0.735600862,0.845430742,0.625770981,0.374229019,0.154569258,0,0,0,0,0,19.13434633
6.845263158,2048,None,ovr,linear,10000,RandomUnderSampler,0.468088527,0.442963886,0.745753848,0.827269676,0.66423802,0.33576198,0.172730324,0,0,0,0,0,19.79376682
6.845263158,2048,balanced,ovr,linear,10000,RandomUnderSampler,0.468088527,0.442963886,0.745753848,0.827269676,0.66423802,0.33576198,0.172730324,0,0,0,0,0,20.60378146
7.371052632,2048,balanced,ovr,linear,10000,OneSidedSelection,0.370374078,0.312445264,0.687577472,0.881765083,0.49338986,0.50661014,0.118234917,0,0,0,0,0,36.71639713
6.319473684,2048,None,ovr,linear,10000,TomekLinks,0.380942864,0.338466097,0.697395185,0.845209192,0.549581178,0.450418822,0.154790808,0,0,0,0,0,46.73905579
7.896842105,2048,None,ovr,linear,10000,InstanceHardnessThreshold,0.466478609,0.4288089,0.744401788,0.867234276,0.6215693,0.3784307,0.132765724,0,0,0,0,0,10.96576238
6.319473684,2048,balanced,ovr,linear,10000,TomekLinks,0.346309578,0.279239711,0.670755212,0.898107358,0.443403067,0.556596933,0.101892642,0,0,0,0,0,45.59754038
7.371052632,2048,balanced,ovr,linear,10000,RandomUnderSampler,0.450998568,0.417289631,0.735600862,0.845430742,0.625770981,0.374229019,0.154569258,0,0,0,0,0,22.22449136
7.371052632,2048,None,ovr,linear,10000,TomekLinks,0.387750096,0.341948229,0.700304561,0.856310537,0.544298584,0.455701416,0.143689463,0,0,0,0,0,45.42945504
6.845263158,2048,None,ovr,linear,10000,TomekLinks,0.396459974,0.360536969,0.706656785,0.828492783,0.584820787,0.415179213,0.171507217,0,0,0,0,0,44.50884096
6.845263158,2048,balanced,ovr,linear,10000,TomekLinks,0.383653172,0.327937703,0.695539682,0.880115963,0.5109634,0.4890366,0.119884037,0,0,0,0,0,46.41509032
7.896842105,2048,None,ovr,linear,10000,NearMiss,0.417413791,0.402020927,0.719394724,0.764506088,0.674283359,0.325716641,0.235493912,0,0,0,0,0,21.94240499
7.371052632,2048,balanced,ovr,linear,10000,TomekLinks,0.340560143,0.278461646,0.669070843,0.887006012,0.451135673,0.548864327,0.112993988,0,0,0,0,0,44.40709027
7.896842105,2048,None,ovr,linear,10000,NeighbourhoodCleaningRule,0.441616405,0.395156181,0.729462856,0.879144924,0.579780789,0.420219211,0.120855076,0,0,0,0,0,17.57716211
7.896842105,2048,balanced,ovr,linear,10000,InstanceHardnessThreshold,0.464358771,0.426559653,0.743251829,0.866628826,0.619874833,0.380125167,0.133371174,0,0,0,0,0,11.47260229
7.896842105,2048,balanced,ovr,linear,10000,NearMiss,0.417413791,0.402020927,0.719394724,0.764506088,0.674283359,0.325716641,0.235493912,0,0,0,0,0,22.72151287
6.319473684,2048,None,ovr,linear,10000,ADASYN,0.249400781,0.161472923,0.605870312,0.934614422,0.277126202,0.722873798,0.065385578,0,0,0,0,0,79.36545229
7.896842105,2048,None,ovr,linear,10000,OneSidedSelection,0.366048054,0.319187931,0.688027098,0.852490464,0.523563732,0.476436268,0.147509536,0,0,0,0,0,36.66619325
7.371052632,2048,None,ovr,linear,10000,ADASYN,0.262024544,0.172080939,0.612498987,0.937045989,0.287951986,0.712048014,0.062954011,0,0,0,0,0,78.62859996
6.319473684,2048,balanced,ovr,linear,10000,ADASYN,0.254328594,0.168404669,0.609854995,0.929567579,0.290142411,0.709857589,0.070432421,0,0,0,0,0,82.26106159
6.845263158,2048,None,ovr,linear,10000,ADASYN,0.240093231,0.155065549,0.601741341,0.930384205,0.273098477,0.726901523,0.069615795,0,0,0,0,0,85.74019893
7.896842105,2048,balanced,ovr,linear,10000,NeighbourhoodCleaningRule,0.438363786,0.393337267,0.727967002,0.874273856,0.581660148,0.418339852,0.125726144,0,0,0,0,0,16.2762862
7.896842105,2048,None,ovr,linear,10000,RandomUnderSampler,0.444654181,0.413545758,0.733416245,0.837358479,0.629474012,0.370525988,0.162641521,0,0,0,0,0,19.19660266
6.845263158,2048,balanced,ovr,linear,10000,ADASYN,0.255219277,0.169162007,0.610322853,0.929767768,0.290877937,0.709122063,0.070232232,0,0,0,0,0,81.91785947
6.319473684,2048,None,ovr,linear,10000,RandomOverSampler,0.327130652,0.259785858,0.659919597,0.894064512,0.425774682,0.574225318,0.105935488,0,0,0,0,0,57.7312479
7.371052632,2048,None,ovr,linear,10000,RandomOverSampler,0.35308623,0.288224951,0.675433795,0.893466996,0.457400594,0.542599406,0.106533004,0,0,0,0,0,54.47945801
7.371052632,2048,balanced,ovr,linear,10000,ADASYN,0.243055205,0.15983809,0.604443601,0.926153377,0.282733826,0.717266174,0.073846623,0,0,0,0,0,73.88312221
6.319473684,2048,balanced,ovr,linear,10000,RandomOverSampler,0.327130652,0.259785858,0.659919597,0.894064512,0.425774682,0.574225318,0.105935488,0,0,0,0,0,58.16210437
6.845263158,2048,None,ovr,linear,10000,RandomOverSampler,0.311841052,0.237678405,0.64864158,0.908187006,0.389096155,0.610903845,0.091812994,0,0,0,0,0,56.76858807
7.896842105,2048,balanced,ovr,linear,10000,OneSidedSelection,0.385303922,0.334597382,0.697471236,0.866811316,0.528131156,0.471868844,0.133188684,0,0,0,0,0,33.90262938
7.896842105,2048,None,ovr,linear,10000,TomekLinks,0.369975816,0.321520349,0.690002739,0.857737496,0.522267982,0.477732018,0.142262504,0,0,0,0,0,36.17682211
6.845263158,2048,balanced,ovr,linear,10000,RandomOverSampler,0.311841052,0.237678405,0.64864158,0.908187006,0.389096155,0.610903845,0.091812994,0,0,0,0,0,56.35797358
7.896842105,2048,balanced,ovr,linear,10000,RandomUnderSampler,0.444654181,0.413545758,0.733416245,0.837358479,0.629474012,0.370525988,0.162641521,0,0,0,0,0,18.16845044
7.371052632,2048,balanced,ovr,linear,10000,RandomOverSampler,0.35308623,0.288224951,0.675433795,0.893466996,0.457400594,0.542599406,0.106533004,0,0,0,0,0,54.3253053
6.319473684,2048,None,ovr,linear,10000,SMOTE,0.347387874,0.282788912,0.67264521,0.891061064,0.454229355,0.545770645,0.108938936,0,0,0,0,0,63.1926593
7.371052632,2048,None,ovr,linear,10000,SMOTE,0.358636132,0.297890016,0.680180567,0.884974824,0.475386311,0.524613689,0.115025176,0,0,0,0,0,64.15477769
6.319473684,2048,balanced,ovr,linear,10000,SMOTE,0.347387874,0.282788912,0.67264521,0.891061064,0.454229355,0.545770645,0.108938936,0,0,0,0,0,62.81189354
6.845263158,2048,None,ovr,linear,10000,SMOTE,0.33714823,0.265598181,0.664244197,0.904752052,0.423736341,0.576263659,0.095247948,0,0,0,0,0,65.15385683
6.845263158,2048,balanced,ovr,linear,10000,SMOTE,0.33714823,0.265598181,0.664244197,0.904752052,0.423736341,0.576263659,0.095247948,0,0,0,0,0,68.12357537
7.896842105,2048,balanced,ovr,linear,10000,TomekLinks,0.374942673,0.314279761,0.689218824,0.889596875,0.488840774,0.511159226,0.110403125,0,0,0,0,0,44.11078493
6.319473684,2048,None,ovr,linear,10000,SMOTEENN,0.542526075,0.541874616,0.766909868,0.672706521,0.861113214,0.138886786,0.327293479,0,0,0,0,0,37.30029504
7.371052632,2048,None,ovr,linear,10000,SMOTEENN,0.536351383,0.536007393,0.765169193,0.67673655,0.853601837,0.146398163,0.32326345,0,0,0,0,0,35.37564794
6.319473684,2048,balanced,ovr,linear,10000,SMOTEENN,0.528418039,0.526912542,0.769226817,0.729198328,0.809255306,0.190744694,0.270801672,0,0,0,0,0,42.08776108
7.371052632,2048,balanced,ovr,linear,10000,SMOTE,0.358636132,0.297890016,0.680180567,0.884974824,0.475386311,0.524613689,0.115025176,0,0,0,0,0,77.05699722
6.845263158,2048,None,ovr,linear,10000,SMOTEENN,0.532109857,0.531797091,0.764791722,0.685831121,0.843752324,0.156247676,0.314168879,0,0,0,0,0,37.44619091
7.896842105,2048,None,ovr,linear,10000,ADASYN,0.253606408,0.166647851,0.608870548,0.933003754,0.284737342,0.715262658,0.066996246,0,0,0,0,0,79.38942957
6.845263158,2048,balanced,ovr,linear,10000,SMOTEENN,0.529396412,0.528278081,0.768672687,0.721743721,0.815601652,0.184398348,0.278256279,0,0,0,0,0,35.36830775
7.371052632,2048,balanced,ovr,linear,10000,SMOTEENN,0.528011481,0.52716893,0.768291953,0.721940859,0.814643046,0.185356954,0.278059141,0,0,0,0,0,38.07093835
7.896842105,2048,None,ovr,linear,10000,RandomOverSampler,0.343802575,0.282533275,0.671132399,0.880978974,0.461285824,0.538714176,0.119021026,0,0,0,0,0,67.5171996
6.319473684,2048,None,ovr,linear,10000,SMOTETomek,0.367207527,0.311001707,0.68612418,0.87651683,0.49573153,0.50426847,0.12348317,0,0,0,0,0,76.1442705
7.371052632,2048,None,ovr,linear,10000,SMOTETomek,0.395437549,0.338907999,0.701803263,0.886183893,0.517422633,0.482577367,0.113816107,0,0,0,0,0,79.79567401
6.319473684,2048,balanced,ovr,linear,10000,SMOTETomek,0.338612782,0.274780862,0.66781934,0.887598035,0.448040646,0.551959354,0.112401965,0,0,0,0,0,78.07346773
6.845263158,2048,None,ovr,linear,10000,SMOTETomek,0.37971169,0.319029476,0.69194719,0.89063322,0.49326116,0.50673884,0.10936678,0,0,0,0,0,76.73414946
7.896842105,2048,balanced,ovr,linear,10000,ADASYN,0.255106565,0.173867101,0.612562073,0.919289572,0.305834574,0.694165426,0.080710428,0,0,0,0,0,87.83227817
6.845263158,2048,balanced,ovr,linear,10000,SMOTETomek,0.393910775,0.334324105,0.700171619,0.892658915,0.507684323,0.492315677,0.107341085,0,0,0,0,0,71.35365574
8.422631579,2048,None,ovr,linear,10000,None,0.362978855,0.312909464,0.685715796,0.859937746,0.511493847,0.488506153,0.140062254,0,0,0,0,0,40.01764067
8.948421053,2048,None,ovr,linear,10000,None,0.343586884,0.285547322,0.672705162,0.874293997,0.471116326,0.528883674,0.125706003,0,0,0,0,0,38.98575036
8.422631579,2048,balanced,ovr,linear,10000,None,0.334810499,0.277339887,0.667377368,0.874084653,0.460670082,0.539329918,0.125915347,0,0,0,0,0,40.95400349
8.948421053,2048,balanced,ovr,linear,10000,None,0.338234335,0.271578323,0.666731767,0.893664744,0.43979879,0.56020121,0.106335256,0,0,0,0,0,40.21280638
7.896842105,2048,None,ovr,linear,10000,SMOTE,0.380776835,0.3156915,0.690985431,0.900515121,0.481455741,0.518544259,0.099484879,0,0,0,0,0,67.65322057
7.371052632,2048,balanced,ovr,linear,10000,SMOTETomek,0.388373526,0.33308641,0.698339348,0.880749489,0.515929207,0.484070793,0.119250511,0,0,0,0,0,65.32651766
9.474210526,2048,None,ovr,linear,10000,None,0.395982902,0.359927624,0.70624025,0.829684763,0.582795737,0.417204263,0.170315237,0,0,0,0,0,39.63178714
7.896842105,2048,balanced,ovr,linear,10000,RandomOverSampler,0.343802575,0.282533275,0.671132399,0.880978974,0.461285824,0.538714176,0.119021026,0,0,0,0,0,54.61725744
9.474210526,2048,balanced,ovr,linear,10000,None,0.38484063,0.326247982,0.695255087,0.887201318,0.503308855,0.496691145,0.112798682,0,0,0,0,0,43.80190484
7.896842105,2048,None,ovr,linear,10000,SMOTEENN,0.509043593,0.507510324,0.757471067,0.704426745,0.810515389,0.189484611,0.295573255,0,0,0,0,0,32.36102947
7.896842105,2048,balanced,ovr,linear,10000,SMOTE,0.380776835,0.3156915,0.690985431,0.900515121,0.481455741,0.518544259,0.099484879,0,0,0,0,0,68.57759158
7.896842105,2048,balanced,ovr,linear,10000,SMOTEENN,0.53000798,0.528856373,0.76892522,0.721720529,0.816129911,0.183870089,0.278279471,0,0,0,0,0,35.13681722
7.896842105,2048,None,ovr,linear,10000,SMOTETomek,0.382169564,0.320234025,0.692892335,0.893867375,0.491917295,0.508082705,0.106132625,0,0,0,0,0,66.41452456
10,2048,None,ovr,linear,10000,None,0.352540195,0.298818412,0.678767479,0.864827123,0.492707834,0.507292166,0.135172877,0,0,0,0,0,43.02889927
7.896842105,2048,balanced,ovr,linear,10000,SMOTETomek,0.379875889,0.320309692,0.692094947,0.888795508,0.495394386,0.504605614,0.111204492,0,0,0,0,0,65.15285611
10,2048,balanced,ovr,linear,10000,None,0.362422904,0.304013147,0.683052583,0.880355214,0.485749952,0.514250048,0.119644786,0,0,0,0,0,43.61353898
8.422631579,2048,None,ovr,linear,10000,ClusterCentroids,0.277192624,0.197491032,0.626323293,0.916667582,0.335979004,0.664020996,0.083332418,0,0,0,0,0,17.04443177
8.422631579,2048,balanced,ovr,linear,10000,ClusterCentroids,0.277192624,0.197491032,0.626323293,0.916667582,0.335979004,0.664020996,0.083332418,0,0,0,0,0,16.54803419
8.948421053,2048,None,ovr,linear,10000,ClusterCentroids,0.275213333,0.19655135,0.625622732,0.914639446,0.336606018,0.663393982,0.085360554,0,0,0,0,0,17.35979573
8.948421053,2048,balanced,ovr,linear,10000,ClusterCentroids,0.275213333,0.19655135,0.625622732,0.914639446,0.336606018,0.663393982,0.085360554,0,0,0,0,0,17.57788523
8.422631579,2048,None,ovr,linear,10000,EditedNearestNeighbours,0.466093203,0.423438041,0.743259957,0.879344502,0.607175411,0.392824589,0.120655498,0,0,0,0,0,14.03287824
9.474210526,2048,None,ovr,linear,10000,ClusterCentroids,0.281265679,0.20027065,0.628178943,0.918064634,0.338293251,0.661706749,0.081935366,0,0,0,0,0,16.84128316
8.422631579,2048,balanced,ovr,linear,10000,EditedNearestNeighbours,0.45627864,0.405056137,0.736280777,0.896092649,0.576468906,0.423531094,0.103907351,0,0,0,0,0,15.95241268
8.948421053,2048,None,ovr,linear,10000,EditedNearestNeighbours,0.448381084,0.401824671,0.733090202,0.882385181,0.583795224,0.416204776,0.117614819,0,0,0,0,0,15.39279707
8.948421053,2048,balanced,ovr,linear,10000,EditedNearestNeighbours,0.460451806,0.419097685,0.740374288,0.873696481,0.607052094,0.392947906,0.126303519,0,0,0,0,0,14.60468046
9.474210526,2048,None,ovr,linear,10000,EditedNearestNeighbours,0.465629771,0.420887484,0.742507091,0.883759651,0.601254532,0.398745468,0.116240349,0,0,0,0,0,13.26036342
9.474210526,2048,balanced,ovr,linear,10000,ClusterCentroids,0.281265679,0.20027065,0.628178943,0.918064634,0.338293251,0.661706749,0.081935366,0,0,0,0,0,17.73399798
9.474210526,2048,balanced,ovr,linear,10000,EditedNearestNeighbours,0.456750248,0.409479945,0.737049981,0.885997742,0.58810222,0.41189778,0.114002258,0,0,0,0,0,12.52337583
10,2048,None,ovr,linear,10000,ClusterCentroids,0.291739444,0.210070473,0.634029901,0.919488541,0.34857126,0.65142874,0.080511459,0,0,0,0,0,15.88391995
10,2048,None,ovr,linear,10000,EditedNearestNeighbours,0.449269124,0.399629968,0.732455308,0.888019775,0.57689084,0.42310916,0.111980225,0,0,0,0,0,11.38733157
10,2048,balanced,ovr,linear,10000,ClusterCentroids,0.291739444,0.210070473,0.634029901,0.919488541,0.34857126,0.65142874,0.080511459,0,0,0,0,0,15.69431321
10,2048,balanced,ovr,linear,10000,EditedNearestNeighbours,0.468860708,0.430459679,0.745203285,0.868844335,0.621562235,0.378437765,0.131155665,0,0,0,0,0,11.14522608
8.422631579,2048,None,ovr,linear,10000,InstanceHardnessThreshold,0.461581944,0.423540158,0.741731258,0.866021545,0.61744097,0.38255903,0.133978455,0,0,0,0,0,10.46861172
8.948421053,2048,None,ovr,linear,10000,InstanceHardnessThreshold,0.467701383,0.430377044,0.745098261,0.866829626,0.623366896,0.376633104,0.133170374,0,0,0,0,0,10.72242697
8.422631579,2048,balanced,ovr,linear,10000,InstanceHardnessThreshold,0.461861367,0.423929468,0.741893988,0.865818914,0.617969061,0.382030939,0.134181086,0,0,0,0,0,10.12181147
8.422631579,2048,None,ovr,linear,10000,NearMiss,0.417908679,0.402530718,0.719653106,0.764705057,0.674601156,0.325398844,0.235294943,0,0,0,0,0,16.94098242
8.948421053,2048,balanced,ovr,linear,10000,InstanceHardnessThreshold,0.46625252,0.428840148,0.744315535,0.866428026,0.622203043,0.377796957,0.133571974,0,0,0,0,0,10.71259228
9.474210526,2048,None,ovr,linear,10000,InstanceHardnessThreshold,0.46480816,0.427364903,0.743536682,0.865821356,0.621252008,0.378747992,0.134178644,0,0,0,0,0,10.53795377
8.948421053,2048,None,ovr,linear,10000,NearMiss,0.417358381,0.402088379,0.719357085,0.763900027,0.674814142,0.325185858,0.236099973,0,0,0,0,0,18.24239635
8.422631579,2048,balanced,ovr,linear,10000,NearMiss,0.417908679,0.402530718,0.719653106,0.764705057,0.674601156,0.325398844,0.235294943,0,0,0,0,0,19.10941029
8.948421053,2048,balanced,ovr,linear,10000,NearMiss,0.417358381,0.402088379,0.719357085,0.763900027,0.674814142,0.325185858,0.236099973,0,0,0,0,0,21.06318116
9.474210526,2048,None,ovr,linear,10000,NearMiss,0.418890782,0.403743246,0.720146094,0.764102048,0.67619014,0.32380986,0.235897952,0,0,0,0,0,20.82834133
8.422631579,2048,None,ovr,linear,10000,NeighbourhoodCleaningRule,0.456334738,0.417348958,0.73870754,0.865805487,0.611609593,0.388390407,0.134194513,0,0,0,0,0,15.42601395
9.474210526,2048,balanced,ovr,linear,10000,InstanceHardnessThreshold,0.46435065,0.426818171,0.743271185,0.865820135,0.620722235,0.379277765,0.134179865,0,0,0,0,0,11.06659722
8.948421053,2048,None,ovr,linear,10000,NeighbourhoodCleaningRule,0.453461993,0.40721726,0.735758599,0.882555464,0.588961735,0.411038265,0.117444536,0,0,0,0,0,16.37575316
8.422631579,2048,balanced,ovr,linear,10000,NeighbourhoodCleaningRule,0.463879777,0.43072066,0.743520879,0.853104458,0.633937299,0.366062701,0.146895542,0,0,0,0,0,17.26192037
9.474210526,2048,balanced,ovr,linear,10000,NearMiss,0.418890782,0.403743246,0.720146094,0.764102048,0.67619014,0.32380986,0.235897952,0,0,0,0,0,24.69366391
8.948421053,2048,balanced,ovr,linear,10000,NeighbourhoodCleaningRule,0.445572598,0.398878744,0.73100076,0.88034911,0.581652409,0.418347591,0.11965089,0,0,0,0,0,17.94160302
9.474210526,2048,None,ovr,linear,10000,NeighbourhoodCleaningRule,0.44797323,0.406908045,0.733795483,0.868022826,0.59956814,0.40043186,0.131977174,0,0,0,0,0,16.3676397
8.422631579,2048,None,ovr,linear,10000,OneSidedSelection,0.35397909,0.304444973,0.680571172,0.855909549,0.505232796,0.494767204,0.144090451,0,0,0,0,0,39.29163527
9.474210526,2048,balanced,ovr,linear,10000,NeighbourhoodCleaningRule,0.448267779,0.401319033,0.732943793,0.883368427,0.582519158,0.417480842,0.116631573,0,0,0,0,0,18.14385692
8.948421053,2048,None,ovr,linear,10000,OneSidedSelection,0.361507231,0.309567786,0.683709721,0.860945406,0.506474037,0.493525963,0.139054594,0,0,0,0,0,43.85977602
8.422631579,2048,balanced,ovr,linear,10000,OneSidedSelection,0.369759075,0.310943538,0.686899326,0.882758705,0.491039948,0.508960052,0.117241295,0,0,0,0,0,38.75549523
8.422631579,2048,None,ovr,linear,10000,RandomUnderSampler,0.45942705,0.431166492,0.741308993,0.835139919,0.647478066,0.352521934,0.164860081,0,0,0,0,0,23.10763931
9.474210526,2048,None,ovr,linear,10000,OneSidedSelection,0.399252053,0.352076652,0.706360991,0.864385242,0.54833674,0.45166326,0.135614758,0,0,0,0,0,35.13617261
8.948421053,2048,balanced,ovr,linear,10000,OneSidedSelection,0.332425899,0.264772172,0.663049876,0.894854893,0.431244858,0.568755142,0.105145107,0,0,0,0,0,36.57228645
8.948421053,2048,None,ovr,linear,10000,RandomUnderSampler,0.416909797,0.379413456,0.717028624,0.84361134,0.590445908,0.409554092,0.15638866,0,0,0,0,0,20.79469411
8.422631579,2048,balanced,ovr,linear,10000,RandomUnderSampler,0.45942705,0.431166492,0.741308993,0.835139919,0.647478066,0.352521934,0.164860081,0,0,0,0,0,20.34414665
9.474210526,2048,None,ovr,linear,10000,RandomUnderSampler,0.40659534,0.356624411,0.708244086,0.872481309,0.544006864,0.455993136,0.127518691,0,0,0,0,0,19.6229256
8.948421053,2048,balanced,ovr,linear,10000,RandomUnderSampler,0.416909797,0.379413456,0.717028624,0.84361134,0.590445908,0.409554092,0.15638866,0,0,0,0,0,19.67499042
9.474210526,2048,balanced,ovr,linear,10000,OneSidedSelection,0.358720506,0.303703493,0.681480699,0.873081266,0.489880132,0.510119868,0.126918734,0,0,0,0,0,36.25444309
10,2048,None,ovr,linear,10000,InstanceHardnessThreshold,0.465557328,0.428250603,0.743957521,0.865816473,0.622098569,0.377901431,0.134183527,0,0,0,0,0,10.98592703
8.422631579,2048,None,ovr,linear,10000,TomekLinks,0.338256219,0.285502466,0.670851413,0.860172724,0.481530102,0.518469898,0.139827276,0,0,0,0,0,41.83447329
9.474210526,2048,balanced,ovr,linear,10000,RandomUnderSampler,0.40659534,0.356624411,0.708244086,0.872481309,0.544006864,0.455993136,0.127518691,0,0,0,0,0,22.39189124
8.948421053,2048,None,ovr,linear,10000,TomekLinks,0.388111572,0.344183936,0.700847843,0.850305472,0.551390214,0.448609786,0.149694528,0,0,0,0,0,40.95300976
8.422631579,2048,balanced,ovr,linear,10000,TomekLinks,0.368261856,0.310335319,0.686056954,0.88276725,0.489346658,0.510653342,0.11723275,0,0,0,0,0,45.16683674
10,2048,None,ovr,linear,10000,NearMiss,0.419219133,0.404401477,0.720285195,0.762687296,0.677883093,0.322116907,0.237312704,0,0,0,0,0,24.47724358
9.474210526,2048,None,ovr,linear,10000,TomekLinks,0.354229202,0.301577046,0.679909965,0.863165797,0.496654133,0.503345867,0.136834203,0,0,0,0,0,41.02904709
8.948421053,2048,balanced,ovr,linear,10000,TomekLinks,0.364527295,0.301311876,0.682624886,0.891841069,0.473408703,0.526591297,0.108158931,0,0,0,0,0,43.44986939
10,2048,None,ovr,linear,10000,NeighbourhoodCleaningRule,0.40909613,0.345456137,0.707182632,0.906768592,0.507596672,0.492403328,0.093231408,0,0,0,0,0,17.50665228
9.474210526,2048,balanced,ovr,linear,10000,TomekLinks,0.325500377,0.263390436,0.660945752,0.882156306,0.439735197,0.560264803,0.117843694,0,0,0,0,0,42.59354782
10,2048,balanced,ovr,linear,10000,InstanceHardnessThreshold,0.464675358,0.426703301,0.743395087,0.867230614,0.61955956,0.38044044,0.132769386,0,0,0,0,0,11.43953443
10,2048,balanced,ovr,linear,10000,NearMiss,0.419219133,0.404401477,0.720285195,0.762687296,0.677883093,0.322116907,0.237312704,0,0,0,0,0,21.51764568
10,2048,None,ovr,linear,10000,OneSidedSelection,0.381217462,0.333581599,0.696332943,0.859124783,0.533541104,0.466458896,0.140875217,0,0,0,0,0,35.8950758
8.422631579,2048,None,ovr,linear,10000,ADASYN,0.258567253,0.17371771,0.612944371,0.927170191,0.29871855,0.70128145,0.072829809,0,0,0,0,0,79.31670348
8.948421053,2048,None,ovr,linear,10000,ADASYN,0.255015472,0.166516727,0.608988856,0.934815222,0.28316249,0.71683751,0.065184778,0,0,0,0,0,80.51837643
10,2048,None,ovr,linear,10000,RandomUnderSampler,0.376812437,0.322936871,0.692202509,0.874329397,0.510075622,0.489924378,0.125670603,0,0,0,0,0,20.81544741
10,2048,balanced,ovr,linear,10000,NeighbourhoodCleaningRule,0.434350568,0.383969119,0.72375677,0.884174067,0.563339474,0.436660526,0.115825933,0,0,0,0,0,16.86459462
8.422631579,2048,balanced,ovr,linear,10000,ADASYN,0.249235945,0.164296696,0.607302649,0.928166255,0.286439044,0.713560956,0.071833745,0,0,0,0,0,80.64416631
9.474210526,2048,None,ovr,linear,10000,ADASYN,0.245133308,0.157333784,0.603376472,0.93460954,0.272143404,0.727856596,0.06539046,0,0,0,0,0,76.13760972
8.948421053,2048,balanced,ovr,linear,10000,ADASYN,0.282726393,0.197693345,0.62709982,0.928165034,0.326034606,0.673965394,0.071834966,0,0,0,0,0,81.59069427
8.422631579,2048,None,ovr,linear,10000,RandomOverSampler,0.303313852,0.232627141,0.645367146,0.897277305,0.393456986,0.606543014,0.102722695,0,0,0,0,0,57.23992141
8.948421053,2048,None,ovr,linear,10000,RandomOverSampler,0.311406425,0.23859568,0.649091891,0.903145046,0.395038736,0.604961264,0.096854954,0,0,0,0,0,55.53882456
9.474210526,2048,balanced,ovr,linear,10000,ADASYN,0.244748518,0.161136744,0.605213867,0.926955354,0.28347238,0.71652762,0.073044646,0,0,0,0,0,74.0830036
10,2048,None,ovr,linear,10000,TomekLinks,0.334085147,0.273099012,0.666366922,0.878711587,0.454022258,0.545977742,0.121288413,0,0,0,0,0,38.83560658
10,2048,balanced,ovr,linear,10000,OneSidedSelection,0.348775445,0.284829927,0.673524531,0.890624065,0.456424996,0.543575004,0.109375935,0,0,0,0,0,34.28530304
8.422631579,2048,balanced,ovr,linear,10000,RandomOverSampler,0.303313852,0.232627141,0.645367146,0.897277305,0.393456986,0.606543014,0.102722695,0,0,0,0,0,53.01913881
9.474210526,2048,None,ovr,linear,10000,RandomOverSampler,0.302532104,0.236904863,0.646527548,0.881182215,0.411872881,0.588127119,0.118817785,0,0,0,0,0,52.16532199
8.948421053,2048,balanced,ovr,linear,10000,RandomOverSampler,0.311406425,0.23859568,0.649091891,0.903145046,0.395038736,0.604961264,0.096854954,0,0,0,0,0,51.78132606
10,2048,balanced,ovr,linear,10000,RandomUnderSampler,0.376812437,0.322936871,0.692202509,0.874329397,0.510075622,0.489924378,0.125670603,0,0,0,0,0,17.69006475
8.422631579,2048,None,ovr,linear,10000,SMOTE,0.363277948,0.30104588,0.681975044,0.88760719,0.476342898,0.523657102,0.11239281,0,0,0,0,0,60.66073092
9.474210526,2048,balanced,ovr,linear,10000,RandomOverSampler,0.302532104,0.236904863,0.646527548,0.881182215,0.411872881,0.588127119,0.118817785,0,0,0,0,0,50.23556066
8.948421053,2048,None,ovr,linear,10000,SMOTE,0.336278219,0.264270566,0.663599538,0.904963227,0.422235849,0.577764151,0.095036773,0,0,0,0,0,62.48687108
8.422631579,2048,balanced,ovr,linear,10000,SMOTE,0.363277948,0.30104588,0.681975044,0.88760719,0.476342898,0.523657102,0.11239281,0,0,0,0,0,64.39435474
9.474210526,2048,None,ovr,linear,10000,SMOTE,0.327246445,0.257100712,0.659038091,0.901120571,0.416955611,0.583044389,0.098879429,0,0,0,0,0,63.79948505
10,2048,balanced,ovr,linear,10000,TomekLinks,0.367255143,0.309414776,0.685745056,0.880118405,0.491371708,0.508628292,0.119881595,0,0,0,0,0,39.62965194
8.948421053,2048,balanced,ovr,linear,10000,SMOTE,0.336278219,0.264270566,0.663599538,0.904963227,0.422235849,0.577764151,0.095036773,0,0,0,0,0,66.48560882
8.422631579,2048,None,ovr,linear,10000,SMOTEENN,0.507917339,0.506567166,0.757722262,0.708437853,0.807006671,0.192993329,0.291562147,0,0,0,0,0,33.70666409
8.948421053,2048,None,ovr,linear,10000,SMOTEENN,0.51575868,0.515434089,0.760389759,0.700961885,0.819817633,0.180182367,0.299038115,0,0,0,0,0,35.7771976
9.474210526,2048,balanced,ovr,linear,10000,SMOTE,0.327246445,0.257100712,0.659038091,0.901120571,0.416955611,0.583044389,0.098879429,0,0,0,0,0,74.0572834
10,2048,None,ovr,linear,10000,ADASYN,0.239823941,0.155806296,0.602063024,0.927750008,0.27637604,0.72362396,0.072249992,0,0,0,0,0,72.53117387
8.422631579,2048,balanced,ovr,linear,10000,SMOTEENN,0.498899127,0.493774892,0.75800801,0.748196771,0.767819248,0.232180752,0.251803229,0,0,0,0,0,39.79958169
9.474210526,2048,None,ovr,linear,10000,SMOTEENN,0.498332984,0.49456988,0.754442496,0.722188044,0.786696949,0.213303051,0.277811956,0,0,0,0,0,36.41475598
8.948421053,2048,balanced,ovr,linear,10000,SMOTEENN,0.497059158,0.490951507,0.75760666,0.754453905,0.760759415,0.239240585,0.245546095,0,0,0,0,0,41.36430883
9.474210526,2048,balanced,ovr,linear,10000,SMOTEENN,0.497382022,0.492146769,0.757230543,0.748201044,0.766260042,0.233739958,0.251798956,0,0,0,0,0,39.2141614
10,2048,None,ovr,linear,10000,RandomOverSampler,0.286776677,0.215069543,0.635457736,0.898095761,0.37281971,0.62718029,0.101904239,0,0,0,0,0,68.58312408
8.422631579,2048,None,ovr,linear,10000,SMOTETomek,0.356418124,0.288566311,0.676413605,0.899320089,0.453507121,0.546492879,0.100679911,0,0,0,0,0,74.55006361
8.948421053,2048,None,ovr,linear,10000,SMOTETomek,0.374061333,0.316880184,0.689732078,0.880142818,0.499321338,0.500678662,0.119857182,0,0,0,0,0,73.37982678
10,2048,balanced,ovr,linear,10000,ADASYN,0.233288025,0.152451628,0.599768623,0.922515182,0.277022064,0.722977936,0.077484818,0,0,0,0,0,85.70094736
9.474210526,2048,None,ovr,linear,10000,SMOTETomek,0.328334832,0.255358042,0.658779192,0.905362996,0.412195389,0.587804611,0.094637004,0,0,0,0,0,73.18070801
8.422631579,2048,balanced,ovr,linear,10000,SMOTETomek,0.344730472,0.283299671,0.672240892,0.882747109,0.461734676,0.538265324,0.117252891,0,0,0,0,0,73.78182228
8.948421053,2048,balanced,ovr,linear,10000,SMOTETomek,0.371733661,0.310442193,0.687277768,0.889630443,0.484925093,0.515074907,0.110369557,0,0,0,0,0,70.17346183
1,2048,None,ovr,linear,10000,None,0.539604651,0.525655434,0.7455494,0.571019561,0.920079239,0.079920761,0.428980439,0,0,0,0,0,44.27494113
10,2048,None,ovr,linear,10000,SMOTE,0.368135551,0.30316397,0.684004167,0.897495804,0.470512529,0.529487471,0.102504196,0,0,0,0,0,64.93576066
1,2048,balanced,ovr,linear,10000,None,0.51737675,0.507479956,0.770116549,0.79195154,0.748281559,0.251718441,0.20804846,0,0,0,0,0,43.37849355
9.474210526,2048,balanced,ovr,linear,10000,SMOTETomek,0.327801731,0.263924489,0.661781543,0.886381031,0.437182056,0.562817944,0.113618969,0,0,0,0,0,57.18747433
10,2048,balanced,ovr,linear,10000,RandomOverSampler,0.286776677,0.215069543,0.635457736,0.898095761,0.37281971,0.62718029,0.101904239,0,0,0,0,0,45.16151333
value_left_unset,value_left_unset,value_left_unset,value_left_unset,linear,10000,None,0.539604651,0.525655434,0.7455494,0.571019561,0.920079239,0.079920761,0.428980439,0,0,0,0,0,34.94161097
10,2048,None,ovr,linear,10000,SMOTEENN,0.525322302,0.525028923,0.764538164,0.702576215,0.826500114,0.173499886,0.297423785,0,0,0,0,0,21.51681765
10,2048,balanced,ovr,linear,10000,SMOTE,0.368135551,0.30316397,0.684004167,0.897495804,0.470512529,0.529487471,0.102504196,0,0,0,0,0,42.98683198
10,2048,balanced,ovr,linear,10000,SMOTEENN,0.50020895,0.495755351,0.758415064,0.745165858,0.771664269,0.228335731,0.254834142,0,0,0,0,0,22.30922564
10,2048,None,ovr,linear,10000,SMOTETomek,0.322085612,0.248741826,0.655073986,0.90515121,0.404996761,0.595003239,0.09484879,0,0,0,0,0,41.21760313
10,2048,balanced,ovr,linear,10000,SMOTETomek,0.341027545,0.274417363,0.668328604,0.894062681,0.442594527,0.557405473,0.105937319,0,0,0,0,0,31.68588646
1,2048,None,ovr,linear,10000,ClusterCentroids,0.450191627,0.411731022,0.735529524,0.861773628,0.60928542,0.39071458,0.138226372,0,0,0,0,0,9.595594486
1,2048,balanced,ovr,linear,10000,ClusterCentroids,0.450191627,0.411731022,0.735529524,0.861773628,0.60928542,0.39071458,0.138226372,0,0,0,0,0,9.196364721
value_left_unset,value_left_unset,value_left_unset,value_left_unset,linear,10000,ClusterCentroids,0.450191627,0.411731022,0.735529524,0.861773628,0.60928542,0.39071458,0.138226372,0,0,0,0,0,8.761302392
1,2048,None,ovr,linear,10000,EditedNearestNeighbours,0.475458651,0.440634907,0.749525874,0.863408709,0.635643038,0.364356962,0.136591291,0,0,0,0,0,5.579818328
1,2048,balanced,ovr,linear,10000,EditedNearestNeighbours,0.47797667,0.445261805,0.751070916,0.858561445,0.643580387,0.356419613,0.141438555,0,0,0,0,0,5.062306722
value_left_unset,value_left_unset,value_left_unset,value_left_unset,linear,10000,EditedNearestNeighbours,0.475458651,0.440634907,0.749525874,0.863408709,0.635643038,0.364356962,0.136591291,0,0,0,0,0,4.62840565
1,2048,None,ovr,linear,10000,InstanceHardnessThreshold,0.466918442,0.429627612,0.74468764,0.866428637,0.622946644,0.377053356,0.133571363,0,0,0,0,0,4.062736432
1,2048,balanced,ovr,linear,10000,InstanceHardnessThreshold,0.466443418,0.429074965,0.74442267,0.866428637,0.622416702,0.377583298,0.133571363,0,0,0,0,0,4.102040291
value_left_unset,value_left_unset,value_left_unset,value_left_unset,linear,10000,InstanceHardnessThreshold,0.466918442,0.429627612,0.74468764,0.866428637,0.622946644,0.377053356,0.133571363,0,0,0,0,0,3.996738672
1,2048,None,ovr,linear,10000,NearMiss,0.385019532,0.364628475,0.702564671,0.770963411,0.634165931,0.365834069,0.229036589,0,0,0,0,0,6.228999853
1,2048,balanced,ovr,linear,10000,NearMiss,0.385019532,0.364628475,0.702564671,0.770963411,0.634165931,0.365834069,0.229036589,0,0,0,0,0,7.000414292
value_left_unset,value_left_unset,value_left_unset,value_left_unset,linear,10000,NearMiss,0.385019532,0.364628475,0.702564671,0.770963411,0.634165931,0.365834069,0.229036589,0,0,0,0,0,8.388150533
1,2048,None,ovr,linear,10000,NeighbourhoodCleaningRule,0.493489411,0.468545449,0.759688108,0.841810247,0.677565969,0.322434031,0.158189753,0,0,0,0,0,7.994734764
1,2048,balanced,ovr,linear,10000,NeighbourhoodCleaningRule,0.491199952,0.464275487,0.758438944,0.84725869,0.669619199,0.330380801,0.15274131,0,0,0,0,0,7.432562192
value_left_unset,value_left_unset,value_left_unset,value_left_unset,linear,10000,NeighbourhoodCleaningRule,0.493489411,0.468545449,0.759688108,0.841810247,0.677565969,0.322434031,0.158189753,0,0,0,0,0,7.16100812
1,2048,None,ovr,linear,10000,OneSidedSelection,0.535016874,0.524052513,0.746592554,0.582317434,0.910867674,0.089132326,0.417682566,0,0,0,0,0,16.45230476
1,2048,None,ovr,linear,10000,RandomUnderSampler,0.504386769,0.492021659,0.764117624,0.797210778,0.73102447,0.26897553,0.202789222,0,0,0,0,0,8.279667219
1,2048,balanced,ovr,linear,10000,OneSidedSelection,0.515830515,0.505990944,0.769299754,0.79074308,0.747856428,0.252143572,0.20925692,0,0,0,0,0,16.58943264
value_left_unset,value_left_unset,value_left_unset,value_left_unset,linear,10000,OneSidedSelection,0.535016874,0.524052513,0.746592554,0.582317434,0.910867674,0.089132326,0.417682566,0,0,0,0,0,15.52717582
1,2048,balanced,ovr,linear,10000,RandomUnderSampler,0.504386769,0.492021659,0.764117624,0.797210778,0.73102447,0.26897553,0.202789222,0,0,0,0,0,7.297739426
value_left_unset,value_left_unset,value_left_unset,value_left_unset,linear,10000,RandomUnderSampler,0.504386769,0.492021659,0.764117624,0.797210778,0.73102447,0.26897553,0.202789222,0,0,0,0,0,7.859650532
1,2048,None,ovr,linear,10000,TomekLinks,0.535870849,0.524309096,0.746336644,0.579900516,0.912772773,0.087227227,0.420099484,0,0,0,0,0,15.7224021
value_left_unset,value_left_unset,value_left_unset,value_left_unset,linear,10000,TomekLinks,0.535870849,0.524309096,0.746336644,0.579900516,0.912772773,0.087227227,0.420099484,0,0,0,0,0,17.87127709
1,2048,balanced,ovr,linear,10000,TomekLinks,0.518145174,0.507995979,0.77060277,0.793771552,0.747433989,0.252566011,0.206228448,0,0,0,0,0,19.92144394
1,2048,None,ovr,linear,10000,ADASYN,0.483524648,0.449259633,0.753864966,0.865616894,0.642113037,0.357886963,0.134383106,0,0,0,0,0,38.69132463
value_left_unset,value_left_unset,value_left_unset,value_left_unset,linear,10000,ADASYN,0.483524648,0.449259633,0.753864966,0.865616894,0.642113037,0.357886963,0.134383106,0,0,0,0,0,36.08581273
1,2048,balanced,ovr,linear,10000,ADASYN,0.498127036,0.472635632,0.762121699,0.846043517,0.678199881,0.321800119,0.153956483,0,0,0,0,0,34.74242028
1,2048,None,ovr,linear,10000,RandomOverSampler,0.516483399,0.506932262,0.769539697,0.789530349,0.749549045,0.250450955,0.210469651,0,0,0,0,0,25.09619554
value_left_unset,value_left_unset,value_left_unset,value_left_unset,linear,10000,RandomOverSampler,0.516483399,0.506932262,0.769539697,0.789530349,0.749549045,0.250450955,0.210469651,0,0,0,0,0,23.00339452
1,2048,balanced,ovr,linear,10000,RandomOverSampler,0.516483399,0.506932262,0.769539697,0.789530349,0.749549045,0.250450955,0.210469651,0,0,0,0,0,23.58520802
1,2048,None,ovr,linear,10000,SMOTE,0.519969247,0.511681172,0.770832008,0.784282096,0.75738192,0.24261808,0.215717904,0,0,0,0,0,25.94845788
value_left_unset,value_left_unset,value_left_unset,value_left_unset,linear,10000,SMOTE,0.519969247,0.511681172,0.770832008,0.784282096,0.75738192,0.24261808,0.215717904,0,0,0,0,0,27.32580972
1,2048,balanced,ovr,linear,10000,SMOTE,0.519969247,0.511681172,0.770832008,0.784282096,0.75738192,0.24261808,0.215717904,0,0,0,0,0,27.70847034
1,2048,None,ovr,linear,10000,SMOTEENN,0.529640207,0.518838341,0.744131086,0.579091825,0.909170347,0.090829653,0.420908175,0,0,0,0,0,12.37872593
value_left_unset,value_left_unset,value_left_unset,value_left_unset,linear,10000,SMOTEENN,0.529640207,0.518838341,0.744131086,0.579091825,0.909170347,0.090829653,0.420908175,0,0,0,0,0,12.46469522
1,2048,balanced,ovr,linear,10000,SMOTEENN,0.525546759,0.525513384,0.763616578,0.694697427,0.832535729,0.167464271,0.305302573,0,0,0,0,0,15.47624532
1,2048,None,ovr,linear,10000,SMOTETomek,0.519441874,0.512756922,0.769817136,0.773997376,0.765636897,0.234363103,0.226002624,0,0,0,0,0,29.97512476
value_left_unset,value_left_unset,value_left_unset,value_left_unset,linear,10000,SMOTETomek,0.519441874,0.512756922,0.769817136,0.773997376,0.765636897,0.234363103,0.226002624,0,0,0,0,0,25.51493899
1,2048,balanced,ovr,linear,10000,SMOTETomek,0.5182201,0.511361896,0.769276828,0.774399585,0.76415407,0.23584593,0.225600415,0,0,0,0,0,26.99669544
