Feature selection strategy,Classifier description,Matthews correlation coefficient,Cohen Kappa score,Average true rate,Average true positive rate,Average true negative rate,Average false positive rate,Average false negative rate,initialisation_values
,AdaBoost,0.29055134165642177,0.24869808320244832,0.7063900582416328,0.6559544159544158,0.75682570052885,0.24317429947114996,0.34404558404558405,"[1376828152, 1541316946, 990523308, 600075587, 294976744, 1194596873, 144620823, 1160649019, 1286741578, 1789908567, 646876727, 2031326477, 1309352117, 1420399196, 890394338, 1194030569, 357650346, 238474318, 840258736, 487442518, 1026239392, 1006173273, 2046040485, 1109116575, 1984340147, 670690076, 930964573, 38099514, 2080595313, 1486827578, 1992549476, 2146343220, 1140305355, 1786735543, 2115769245, 1069077591, 31535998, 56692567, 898274843, 855588089, 1164551158, 1101774516, 1384178846, 2129556748, 1722792301, 576923284, 139123585, 858478381, 1887781625, 1805736741, 1827264663, 474482382, 2029572209, 117075333, 270697303, 1488157344, 1072602567, 1522884015, 1641432860, 907277245, 450383361, 1997899283, 621824765, 677171228, 1889667969, 1930359164, 1845104038, 1376696621, 1885101232, 197649490, 62979851, 1694716792, 1283359926, 529871231, 1265239209]"
,Artificial neural network,0.29831851061765668,0.26131545859422528,0.7077602603568981,0.6394871794871791,0.776033341226616,0.2239666587733838,0.36051282051282046,"[1376828152, 1541316946, 990523308, 600075587, 294976744, 1194596873, 144620823, 1160649019, 1286741578, 1789908567, 646876727, 2031326477, 1309352117, 1420399196, 890394338, 1194030569, 357650346, 238474318, 840258736, 487442518, 1026239392, 1006173273, 2046040485, 1109116575, 1984340147, 670690076, 930964573, 38099514, 2080595313, 1486827578, 1992549476, 2146343220, 1140305355, 1786735543, 2115769245, 1069077591, 31535998, 56692567, 898274843, 855588089, 1164551158, 1101774516, 1384178846, 2129556748, 1722792301, 576923284, 139123585, 858478381, 1887781625, 1805736741, 1827264663, 474482382, 2029572209, 117075333, 270697303, 1488157344, 1072602567, 1522884015, 1641432860, 907277245, 450383361, 1997899283, 621824765, 677171228, 1889667969, 1930359164, 1845104038, 1376696621, 1885101232, 197649490, 62979851, 1694716792, 1283359926, 529871231, 1265239209]"
,Bernoulli Naive Bayes,0.30902568211816794,0.28015830832387323,0.7074418809490559,0.6099145299145298,0.8049692319835818,0.195030768016418,0.39008547008547,"[1376828152, 1541316946, 990523308, 600075587, 294976744, 1194596873, 144620823, 1160649019, 1286741578, 1789908567, 646876727, 2031326477, 1309352117, 1420399196, 890394338, 1194030569, 357650346, 238474318, 840258736, 487442518, 1026239392, 1006173273, 2046040485, 1109116575, 1984340147, 670690076, 930964573, 38099514, 2080595313, 1486827578, 1992549476, 2146343220, 1140305355, 1786735543, 2115769245, 1069077591, 31535998, 56692567, 898274843, 855588089, 1164551158, 1101774516, 1384178846, 2129556748, 1722792301, 576923284, 139123585, 858478381, 1887781625, 1805736741, 1827264663, 474482382, 2029572209, 117075333, 270697303, 1488157344, 1072602567, 1522884015, 1641432860, 907277245, 450383361, 1997899283, 621824765, 677171228, 1889667969, 1930359164, 1845104038, 1376696621, 1885101232, 197649490, 62979851, 1694716792, 1283359926, 529871231, 1265239209]"
,Decision Tree,0.23671125757976871,0.20781064390258433,0.6634443733374351,0.5632706552706552,0.7636180914042151,0.23638190859578495,0.43672934472934477,"[1376828152, 1541316946, 990523308, 600075587, 294976744, 1194596873, 144620823, 1160649019, 1286741578, 1789908567, 646876727, 2031326477, 1309352117, 1420399196, 890394338, 1194030569, 357650346, 238474318, 840258736, 487442518, 1026239392, 1006173273, 2046040485, 1109116575, 1984340147, 670690076, 930964573, 38099514, 2080595313, 1486827578, 1992549476, 2146343220, 1140305355, 1786735543, 2115769245, 1069077591, 31535998, 56692567, 898274843, 855588089, 1164551158, 1101774516, 1384178846, 2129556748, 1722792301, 576923284, 139123585, 858478381, 1887781625, 1805736741, 1827264663, 474482382, 2029572209, 117075333, 270697303, 1488157344, 1072602567, 1522884015, 1641432860, 907277245, 450383361, 1997899283, 621824765, 677171228, 1889667969, 1930359164, 1845104038, 1376696621, 1885101232, 197649490, 62979851, 1694716792, 1283359926, 529871231, 1265239209]"
,Extreme Learning Machine,0.259197209575106,0.21891690014856191,0.6860231581271915,0.6309933523266856,0.7410529639276975,0.2589470360723024,0.36900664767331437,"[1376828152, 1541316946, 990523308, 600075587, 294976744, 1194596873, 144620823, 1160649019, 1286741578, 1789908567, 646876727, 2031326477, 1309352117, 1420399196, 890394338, 1194030569, 357650346, 238474318, 840258736, 487442518, 1026239392, 1006173273, 2046040485, 1109116575, 1984340147, 670690076, 930964573, 38099514, 2080595313, 1486827578, 1992549476, 2146343220, 1140305355, 1786735543, 2115769245, 1069077591, 31535998, 56692567, 898274843, 855588089, 1164551158, 1101774516, 1384178846, 2129556748, 1722792301, 576923284, 139123585, 858478381, 1887781625, 1805736741, 1827264663, 474482382, 2029572209, 117075333, 270697303, 1488157344, 1072602567, 1522884015, 1641432860, 907277245, 450383361, 1997899283, 621824765, 677171228, 1889667969, 1930359164, 1845104038, 1376696621, 1885101232, 197649490, 62979851, 1694716792, 1283359926, 529871231, 1265239209]"
,Gaussian Naive Bayes,0.063822838739912333,0.013912940965736829,0.5279121362034298,0.964075973409307,0.09174829899755306,0.9082517010024471,0.03592402659069327,"[1376828152, 1541316946, 990523308, 600075587, 294976744, 1194596873, 144620823, 1160649019, 1286741578, 1789908567, 646876727, 2031326477, 1309352117, 1420399196, 890394338, 1194030569, 357650346, 238474318, 840258736, 487442518, 1026239392, 1006173273, 2046040485, 1109116575, 1984340147, 670690076, 930964573, 38099514, 2080595313, 1486827578, 1992549476, 2146343220, 1140305355, 1786735543, 2115769245, 1069077591, 31535998, 56692567, 898274843, 855588089, 1164551158, 1101774516, 1384178846, 2129556748, 1722792301, 576923284, 139123585, 858478381, 1887781625, 1805736741, 1827264663, 474482382, 2029572209, 117075333, 270697303, 1488157344, 1072602567, 1522884015, 1641432860, 907277245, 450383361, 1997899283, 621824765, 677171228, 1889667969, 1930359164, 1845104038, 1376696621, 1885101232, 197649490, 62979851, 1694716792, 1283359926, 529871231, 1265239209]"
,Logistic regression,0.29361616008038954,0.2557914427413841,0.705560285948225,0.6400037986704652,0.7711167732259846,0.22888322677401543,0.3599962013295346,"[1376828152, 1541316946, 990523308, 600075587, 294976744, 1194596873, 144620823, 1160649019, 1286741578, 1789908567, 646876727, 2031326477, 1309352117, 1420399196, 890394338, 1194030569, 357650346, 238474318, 840258736, 487442518, 1026239392, 1006173273, 2046040485, 1109116575, 1984340147, 670690076, 930964573, 38099514, 2080595313, 1486827578, 1992549476, 2146343220, 1140305355, 1786735543, 2115769245, 1069077591, 31535998, 56692567, 898274843, 855588089, 1164551158, 1101774516, 1384178846, 2129556748, 1722792301, 576923284, 139123585, 858478381, 1887781625, 1805736741, 1827264663, 474482382, 2029572209, 117075333, 270697303, 1488157344, 1072602567, 1522884015, 1641432860, 907277245, 450383361, 1997899283, 621824765, 677171228, 1889667969, 1930359164, 1845104038, 1376696621, 1885101232, 197649490, 62979851, 1694716792, 1283359926, 529871231, 1265239209]"
,Random forest,0.28548062001546803,0.25084255312594633,0.6980463116668345,0.6199468186134854,0.7761458047201831,0.22385419527981687,0.3800531813865147,"[1376828152, 1541316946, 990523308, 600075587, 294976744, 1194596873, 144620823, 1160649019, 1286741578, 1789908567, 646876727, 2031326477, 1309352117, 1420399196, 890394338, 1194030569, 357650346, 238474318, 840258736, 487442518, 1026239392, 1006173273, 2046040485, 1109116575, 1984340147, 670690076, 930964573, 38099514, 2080595313, 1486827578, 1992549476, 2146343220, 1140305355, 1786735543, 2115769245, 1069077591, 31535998, 56692567, 898274843, 855588089, 1164551158, 1101774516, 1384178846, 2129556748, 1722792301, 576923284, 139123585, 858478381, 1887781625, 1805736741, 1827264663, 474482382, 2029572209, 117075333, 270697303, 1488157344, 1072602567, 1522884015, 1641432860, 907277245, 450383361, 1997899283, 621824765, 677171228, 1889667969, 1930359164, 1845104038, 1376696621, 1885101232, 197649490, 62979851, 1694716792, 1283359926, 529871231, 1265239209]"
,SVM (RDF),0.2811447587562389,0.2448388398502841,0.6966152637199762,0.6253561253561251,0.7678744020838267,0.2321255979161733,0.37464387464387455,"[1376828152, 1541316946, 990523308, 600075587, 294976744, 1194596873, 144620823, 1160649019, 1286741578, 1789908567, 646876727, 2031326477, 1309352117, 1420399196, 890394338, 1194030569, 357650346, 238474318, 840258736, 487442518, 1026239392, 1006173273, 2046040485, 1109116575, 1984340147, 670690076, 930964573, 38099514, 2080595313, 1486827578, 1992549476, 2146343220, 1140305355, 1786735543, 2115769245, 1069077591, 31535998, 56692567, 898274843, 855588089, 1164551158, 1101774516, 1384178846, 2129556748, 1722792301, 576923284, 139123585, 858478381, 1887781625, 1805736741, 1827264663, 474482382, 2029572209, 117075333, 270697303, 1488157344, 1072602567, 1522884015, 1641432860, 907277245, 450383361, 1997899283, 621824765, 677171228, 1889667969, 1930359164, 1845104038, 1376696621, 1885101232, 197649490, 62979851, 1694716792, 1283359926, 529871231, 1265239209]"
,SVM (linear),0.29517300116036138,0.26443049298700927,0.7008969473234685,0.6085470085470085,0.7932468860999288,0.20675311390007106,0.39145299145299156,"[1376828152, 1541316946, 990523308, 600075587, 294976744, 1194596873, 144620823, 1160649019, 1286741578, 1789908567, 646876727, 2031326477, 1309352117, 1420399196, 890394338, 1194030569, 357650346, 238474318, 840258736, 487442518, 1026239392, 1006173273, 2046040485, 1109116575, 1984340147, 670690076, 930964573, 38099514, 2080595313, 1486827578, 1992549476, 2146343220, 1140305355, 1786735543, 2115769245, 1069077591, 31535998, 56692567, 898274843, 855588089, 1164551158, 1101774516, 1384178846, 2129556748, 1722792301, 576923284, 139123585, 858478381, 1887781625, 1805736741, 1827264663, 474482382, 2029572209, 117075333, 270697303, 1488157344, 1072602567, 1522884015, 1641432860, 907277245, 450383361, 1997899283, 621824765, 677171228, 1889667969, 1930359164, 1845104038, 1376696621, 1885101232, 197649490, 62979851, 1694716792, 1283359926, 529871231, 1265239209]"
,SVM (polynomial),0.32831169984096248,0.31193487660467378,0.7051498299346118,0.5620360873694208,0.8482635724998026,0.15173642750019734,0.4379639126305794,"[1376828152, 1541316946, 990523308, 600075587, 294976744, 1194596873, 144620823, 1160649019, 1286741578, 1789908567, 646876727, 2031326477, 1309352117, 1420399196, 890394338, 1194030569, 357650346, 238474318, 840258736, 487442518, 1026239392, 1006173273, 2046040485, 1109116575, 1984340147, 670690076, 930964573, 38099514, 2080595313, 1486827578, 1992549476, 2146343220, 1140305355, 1786735543, 2115769245, 1069077591, 31535998, 56692567, 898274843, 855588089, 1164551158, 1101774516, 1384178846, 2129556748, 1722792301, 576923284, 139123585, 858478381, 1887781625, 1805736741, 1827264663, 474482382, 2029572209, 117075333, 270697303, 1488157344, 1072602567, 1522884015, 1641432860, 907277245, 450383361, 1997899283, 621824765, 677171228, 1889667969, 1930359164, 1845104038, 1376696621, 1885101232, 197649490, 62979851, 1694716792, 1283359926, 529871231, 1265239209]"
Anova,AdaBoost,0.29269802522865535,0.24626865490098732,0.7107099456937644,0.6771092117758785,0.7443106796116503,0.2556893203883495,0.3228907882241215,"[1376828152, 1541316946, 990523308, 600075587, 294976744, 1194596873, 144620823, 1160649019, 1286741578, 1789908567, 646876727, 2031326477, 1309352117, 1420399196, 890394338, 1194030569, 357650346, 238474318, 840258736, 487442518, 1026239392, 1006173273, 2046040485, 1109116575, 1984340147, 670690076, 930964573, 38099514, 2080595313, 1486827578, 1992549476, 2146343220, 1140305355, 1786735543, 2115769245, 1069077591, 31535998, 56692567, 898274843, 855588089, 1164551158, 1101774516, 1384178846, 2129556748, 1722792301, 576923284, 139123585, 858478381, 1887781625, 1805736741, 1827264663, 474482382, 2029572209, 117075333, 270697303, 1488157344, 1072602567, 1522884015, 1641432860, 907277245, 450383361, 1997899283, 621824765, 677171228, 1889667969, 1930359164, 1845104038, 1376696621, 1885101232, 197649490, 62979851, 1694716792, 1283359926, 529871231, 1265239209]"
Anova,Artificial neural network,0.29530292807326308,0.24766166595602959,0.7131331347644235,0.6836657169990504,0.7426005525297972,0.2573994474702028,0.31633428300094957,"[1376828152, 1541316946, 990523308, 600075587, 294976744, 1194596873, 144620823, 1160649019, 1286741578, 1789908567, 646876727, 2031326477, 1309352117, 1420399196, 890394338, 1194030569, 357650346, 238474318, 840258736, 487442518, 1026239392, 1006173273, 2046040485, 1109116575, 1984340147, 670690076, 930964573, 38099514, 2080595313, 1486827578, 1992549476, 2146343220, 1140305355, 1786735543, 2115769245, 1069077591, 31535998, 56692567, 898274843, 855588089, 1164551158, 1101774516, 1384178846, 2129556748, 1722792301, 576923284, 139123585, 858478381, 1887781625, 1805736741, 1827264663, 474482382, 2029572209, 117075333, 270697303, 1488157344, 1072602567, 1522884015, 1641432860, 907277245, 450383361, 1997899283, 621824765, 677171228, 1889667969, 1930359164, 1845104038, 1376696621, 1885101232, 197649490, 62979851, 1694716792, 1283359926, 529871231, 1265239209]"
Anova,Bernoulli Naive Bayes,0.31232919603835152,0.28375282741399249,0.7091097820711839,0.6110199430199431,0.8071996211224249,0.19280037887757515,0.38898005698005694,"[1376828152, 1541316946, 990523308, 600075587, 294976744, 1194596873, 144620823, 1160649019, 1286741578, 1789908567, 646876727, 2031326477, 1309352117, 1420399196, 890394338, 1194030569, 357650346, 238474318, 840258736, 487442518, 1026239392, 1006173273, 2046040485, 1109116575, 1984340147, 670690076, 930964573, 38099514, 2080595313, 1486827578, 1992549476, 2146343220, 1140305355, 1786735543, 2115769245, 1069077591, 31535998, 56692567, 898274843, 855588089, 1164551158, 1101774516, 1384178846, 2129556748, 1722792301, 576923284, 139123585, 858478381, 1887781625, 1805736741, 1827264663, 474482382, 2029572209, 117075333, 270697303, 1488157344, 1072602567, 1522884015, 1641432860, 907277245, 450383361, 1997899283, 621824765, 677171228, 1889667969, 1930359164, 1845104038, 1376696621, 1885101232, 197649490, 62979851, 1694716792, 1283359926, 529871231, 1265239209]"
Anova,Decision Tree,0.25747423356832533,0.23009015495671922,0.6749082884641809,0.5670731244064576,0.7827434525219039,0.2172565474780962,0.43292687559354237,"[1376828152, 1541316946, 990523308, 600075587, 294976744, 1194596873, 144620823, 1160649019, 1286741578, 1789908567, 646876727, 2031326477, 1309352117, 1420399196, 890394338, 1194030569, 357650346, 238474318, 840258736, 487442518, 1026239392, 1006173273, 2046040485, 1109116575, 1984340147, 670690076, 930964573, 38099514, 2080595313, 1486827578, 1992549476, 2146343220, 1140305355, 1786735543, 2115769245, 1069077591, 31535998, 56692567, 898274843, 855588089, 1164551158, 1101774516, 1384178846, 2129556748, 1722792301, 576923284, 139123585, 858478381, 1887781625, 1805736741, 1827264663, 474482382, 2029572209, 117075333, 270697303, 1488157344, 1072602567, 1522884015, 1641432860, 907277245, 450383361, 1997899283, 621824765, 677171228, 1889667969, 1930359164, 1845104038, 1376696621, 1885101232, 197649490, 62979851, 1694716792, 1283359926, 529871231, 1265239209]"
Anova,Extreme Learning Machine,0.26898628549622644,0.23107460657231912,0.6904665458162339,0.625204178537512,0.7557289130949565,0.24427108690504387,0.3747958214624882,"[1376828152, 1541316946, 990523308, 600075587, 294976744, 1194596873, 144620823, 1160649019, 1286741578, 1789908567, 646876727, 2031326477, 1309352117, 1420399196, 890394338, 1194030569, 357650346, 238474318, 840258736, 487442518, 1026239392, 1006173273, 2046040485, 1109116575, 1984340147, 670690076, 930964573, 38099514, 2080595313, 1486827578, 1992549476, 2146343220, 1140305355, 1786735543, 2115769245, 1069077591, 31535998, 56692567, 898274843, 855588089, 1164551158, 1101774516, 1384178846, 2129556748, 1722792301, 576923284, 139123585, 858478381, 1887781625, 1805736741, 1827264663, 474482382, 2029572209, 117075333, 270697303, 1488157344, 1072602567, 1522884015, 1641432860, 907277245, 450383361, 1997899283, 621824765, 677171228, 1889667969, 1930359164, 1845104038, 1376696621, 1885101232, 197649490, 62979851, 1694716792, 1283359926, 529871231, 1265239209]"
Anova,Gaussian Naive Bayes,0.069527691856027224,0.010581939571776323,0.5220880660085332,0.9956429249762584,0.048533207040808275,0.9514667929591916,0.004357075023741691,"[1376828152, 1541316946, 990523308, 600075587, 294976744, 1194596873, 144620823, 1160649019, 1286741578, 1789908567, 646876727, 2031326477, 1309352117, 1420399196, 890394338, 1194030569, 357650346, 238474318, 840258736, 487442518, 1026239392, 1006173273, 2046040485, 1109116575, 1984340147, 670690076, 930964573, 38099514, 2080595313, 1486827578, 1992549476, 2146343220, 1140305355, 1786735543, 2115769245, 1069077591, 31535998, 56692567, 898274843, 855588089, 1164551158, 1101774516, 1384178846, 2129556748, 1722792301, 576923284, 139123585, 858478381, 1887781625, 1805736741, 1827264663, 474482382, 2029572209, 117075333, 270697303, 1488157344, 1072602567, 1522884015, 1641432860, 907277245, 450383361, 1997899283, 621824765, 677171228, 1889667969, 1930359164, 1845104038, 1376696621, 1885101232, 197649490, 62979851, 1694716792, 1283359926, 529871231, 1265239209]"
Anova,Logistic regression,0.29612702806494706,0.24734171150264994,0.7143807371516583,0.688991452991453,0.7397700213118634,0.26022997868813624,0.3110085470085471,"[1376828152, 1541316946, 990523308, 600075587, 294976744, 1194596873, 144620823, 1160649019, 1286741578, 1789908567, 646876727, 2031326477, 1309352117, 1420399196, 890394338, 1194030569, 357650346, 238474318, 840258736, 487442518, 1026239392, 1006173273, 2046040485, 1109116575, 1984340147, 670690076, 930964573, 38099514, 2080595313, 1486827578, 1992549476, 2146343220, 1140305355, 1786735543, 2115769245, 1069077591, 31535998, 56692567, 898274843, 855588089, 1164551158, 1101774516, 1384178846, 2129556748, 1722792301, 576923284, 139123585, 858478381, 1887781625, 1805736741, 1827264663, 474482382, 2029572209, 117075333, 270697303, 1488157344, 1072602567, 1522884015, 1641432860, 907277245, 450383361, 1997899283, 621824765, 677171228, 1889667969, 1930359164, 1845104038, 1376696621, 1885101232, 197649490, 62979851, 1694716792, 1283359926, 529871231, 1265239209]"
Anova,Random forest,0.28867809539716,0.2534028938166854,0.7004235055215874,0.6251509971509971,0.7756960138921777,0.2243039861078222,0.3748490028490029,"[1376828152, 1541316946, 990523308, 600075587, 294976744, 1194596873, 144620823, 1160649019, 1286741578, 1789908567, 646876727, 2031326477, 1309352117, 1420399196, 890394338, 1194030569, 357650346, 238474318, 840258736, 487442518, 1026239392, 1006173273, 2046040485, 1109116575, 1984340147, 670690076, 930964573, 38099514, 2080595313, 1486827578, 1992549476, 2146343220, 1140305355, 1786735543, 2115769245, 1069077591, 31535998, 56692567, 898274843, 855588089, 1164551158, 1101774516, 1384178846, 2129556748, 1722792301, 576923284, 139123585, 858478381, 1887781625, 1805736741, 1827264663, 474482382, 2029572209, 117075333, 270697303, 1488157344, 1072602567, 1522884015, 1641432860, 907277245, 450383361, 1997899283, 621824765, 677171228, 1889667969, 1930359164, 1845104038, 1376696621, 1885101232, 197649490, 62979851, 1694716792, 1283359926, 529871231, 1265239209]"
Anova,SVM (RDF),0.28471676387620592,0.24975949701783401,0.6977010941079456,0.6213067426400758,0.774095445575815,0.22590455442418503,0.3786932573599239,"[1376828152, 1541316946, 990523308, 600075587, 294976744, 1194596873, 144620823, 1160649019, 1286741578, 1789908567, 646876727, 2031326477, 1309352117, 1420399196, 890394338, 1194030569, 357650346, 238474318, 840258736, 487442518, 1026239392, 1006173273, 2046040485, 1109116575, 1984340147, 670690076, 930964573, 38099514, 2080595313, 1486827578, 1992549476, 2146343220, 1140305355, 1786735543, 2115769245, 1069077591, 31535998, 56692567, 898274843, 855588089, 1164551158, 1101774516, 1384178846, 2129556748, 1722792301, 576923284, 139123585, 858478381, 1887781625, 1805736741, 1827264663, 474482382, 2029572209, 117075333, 270697303, 1488157344, 1072602567, 1522884015, 1641432860, 907277245, 450383361, 1997899283, 621824765, 677171228, 1889667969, 1930359164, 1845104038, 1376696621, 1885101232, 197649490, 62979851, 1694716792, 1283359926, 529871231, 1265239209]"
Anova,SVM (linear),0.30214039172928286,0.27067642824339738,0.7055060012112027,0.6168926875593541,0.7941193148630515,0.2058806851369485,0.3831073124406457,"[1376828152, 1541316946, 990523308, 600075587, 294976744, 1194596873, 144620823, 1160649019, 1286741578, 1789908567, 646876727, 2031326477, 1309352117, 1420399196, 890394338, 1194030569, 357650346, 238474318, 840258736, 487442518, 1026239392, 1006173273, 2046040485, 1109116575, 1984340147, 670690076, 930964573, 38099514, 2080595313, 1486827578, 1992549476, 2146343220, 1140305355, 1786735543, 2115769245, 1069077591, 31535998, 56692567, 898274843, 855588089, 1164551158, 1101774516, 1384178846, 2129556748, 1722792301, 576923284, 139123585, 858478381, 1887781625, 1805736741, 1827264663, 474482382, 2029572209, 117075333, 270697303, 1488157344, 1072602567, 1522884015, 1641432860, 907277245, 450383361, 1997899283, 621824765, 677171228, 1889667969, 1930359164, 1845104038, 1376696621, 1885101232, 197649490, 62979851, 1694716792, 1283359926, 529871231, 1265239209]"
Anova,SVM (polynomial),0.33004332758224686,0.31776501187459111,0.7005187315247146,0.5396733143399811,0.8613641487094484,0.13863585129055173,0.4603266856600189,"[1376828152, 1541316946, 990523308, 600075587, 294976744, 1194596873, 144620823, 1160649019, 1286741578, 1789908567, 646876727, 2031326477, 1309352117, 1420399196, 890394338, 1194030569, 357650346, 238474318, 840258736, 487442518, 1026239392, 1006173273, 2046040485, 1109116575, 1984340147, 670690076, 930964573, 38099514, 2080595313, 1486827578, 1992549476, 2146343220, 1140305355, 1786735543, 2115769245, 1069077591, 31535998, 56692567, 898274843, 855588089, 1164551158, 1101774516, 1384178846, 2129556748, 1722792301, 576923284, 139123585, 858478381, 1887781625, 1805736741, 1827264663, 474482382, 2029572209, 117075333, 270697303, 1488157344, 1072602567, 1522884015, 1641432860, 907277245, 450383361, 1997899283, 621824765, 677171228, 1889667969, 1930359164, 1845104038, 1376696621, 1885101232, 197649490, 62979851, 1694716792, 1283359926, 529871231, 1265239209]"
chi2,AdaBoost,0.29269802522865535,0.24626865490098732,0.7107099456937644,0.6771092117758785,0.7443106796116503,0.2556893203883495,0.3228907882241215,"[1376828152, 1541316946, 990523308, 600075587, 294976744, 1194596873, 144620823, 1160649019, 1286741578, 1789908567, 646876727, 2031326477, 1309352117, 1420399196, 890394338, 1194030569, 357650346, 238474318, 840258736, 487442518, 1026239392, 1006173273, 2046040485, 1109116575, 1984340147, 670690076, 930964573, 38099514, 2080595313, 1486827578, 1992549476, 2146343220, 1140305355, 1786735543, 2115769245, 1069077591, 31535998, 56692567, 898274843, 855588089, 1164551158, 1101774516, 1384178846, 2129556748, 1722792301, 576923284, 139123585, 858478381, 1887781625, 1805736741, 1827264663, 474482382, 2029572209, 117075333, 270697303, 1488157344, 1072602567, 1522884015, 1641432860, 907277245, 450383361, 1997899283, 621824765, 677171228, 1889667969, 1930359164, 1845104038, 1376696621, 1885101232, 197649490, 62979851, 1694716792, 1283359926, 529871231, 1265239209]"
chi2,Artificial neural network,0.29530292807326308,0.24766166595602959,0.7131331347644235,0.6836657169990504,0.7426005525297972,0.2573994474702028,0.31633428300094957,"[1376828152, 1541316946, 990523308, 600075587, 294976744, 1194596873, 144620823, 1160649019, 1286741578, 1789908567, 646876727, 2031326477, 1309352117, 1420399196, 890394338, 1194030569, 357650346, 238474318, 840258736, 487442518, 1026239392, 1006173273, 2046040485, 1109116575, 1984340147, 670690076, 930964573, 38099514, 2080595313, 1486827578, 1992549476, 2146343220, 1140305355, 1786735543, 2115769245, 1069077591, 31535998, 56692567, 898274843, 855588089, 1164551158, 1101774516, 1384178846, 2129556748, 1722792301, 576923284, 139123585, 858478381, 1887781625, 1805736741, 1827264663, 474482382, 2029572209, 117075333, 270697303, 1488157344, 1072602567, 1522884015, 1641432860, 907277245, 450383361, 1997899283, 621824765, 677171228, 1889667969, 1930359164, 1845104038, 1376696621, 1885101232, 197649490, 62979851, 1694716792, 1283359926, 529871231, 1265239209]"
chi2,Bernoulli Naive Bayes,0.31232919603835152,0.28375282741399249,0.7091097820711839,0.6110199430199431,0.8071996211224249,0.19280037887757515,0.38898005698005694,"[1376828152, 1541316946, 990523308, 600075587, 294976744, 1194596873, 144620823, 1160649019, 1286741578, 1789908567, 646876727, 2031326477, 1309352117, 1420399196, 890394338, 1194030569, 357650346, 238474318, 840258736, 487442518, 1026239392, 1006173273, 2046040485, 1109116575, 1984340147, 670690076, 930964573, 38099514, 2080595313, 1486827578, 1992549476, 2146343220, 1140305355, 1786735543, 2115769245, 1069077591, 31535998, 56692567, 898274843, 855588089, 1164551158, 1101774516, 1384178846, 2129556748, 1722792301, 576923284, 139123585, 858478381, 1887781625, 1805736741, 1827264663, 474482382, 2029572209, 117075333, 270697303, 1488157344, 1072602567, 1522884015, 1641432860, 907277245, 450383361, 1997899283, 621824765, 677171228, 1889667969, 1930359164, 1845104038, 1376696621, 1885101232, 197649490, 62979851, 1694716792, 1283359926, 529871231, 1265239209]"
chi2,Decision Tree,0.25747423356832533,0.23009015495671922,0.6749082884641809,0.5670731244064576,0.7827434525219039,0.2172565474780962,0.43292687559354237,"[1376828152, 1541316946, 990523308, 600075587, 294976744, 1194596873, 144620823, 1160649019, 1286741578, 1789908567, 646876727, 2031326477, 1309352117, 1420399196, 890394338, 1194030569, 357650346, 238474318, 840258736, 487442518, 1026239392, 1006173273, 2046040485, 1109116575, 1984340147, 670690076, 930964573, 38099514, 2080595313, 1486827578, 1992549476, 2146343220, 1140305355, 1786735543, 2115769245, 1069077591, 31535998, 56692567, 898274843, 855588089, 1164551158, 1101774516, 1384178846, 2129556748, 1722792301, 576923284, 139123585, 858478381, 1887781625, 1805736741, 1827264663, 474482382, 2029572209, 117075333, 270697303, 1488157344, 1072602567, 1522884015, 1641432860, 907277245, 450383361, 1997899283, 621824765, 677171228, 1889667969, 1930359164, 1845104038, 1376696621, 1885101232, 197649490, 62979851, 1694716792, 1283359926, 529871231, 1265239209]"
chi2,Extreme Learning Machine,0.27610477728195293,0.23647408083627161,0.6959728591606721,0.6371244064577397,0.7548213118636039,0.24517868813639584,0.36287559354226023,"[1376828152, 1541316946, 990523308, 600075587, 294976744, 1194596873, 144620823, 1160649019, 1286741578, 1789908567, 646876727, 2031326477, 1309352117, 1420399196, 890394338, 1194030569, 357650346, 238474318, 840258736, 487442518, 1026239392, 1006173273, 2046040485, 1109116575, 1984340147, 670690076, 930964573, 38099514, 2080595313, 1486827578, 1992549476, 2146343220, 1140305355, 1786735543, 2115769245, 1069077591, 31535998, 56692567, 898274843, 855588089, 1164551158, 1101774516, 1384178846, 2129556748, 1722792301, 576923284, 139123585, 858478381, 1887781625, 1805736741, 1827264663, 474482382, 2029572209, 117075333, 270697303, 1488157344, 1072602567, 1522884015, 1641432860, 907277245, 450383361, 1997899283, 621824765, 677171228, 1889667969, 1930359164, 1845104038, 1376696621, 1885101232, 197649490, 62979851, 1694716792, 1283359926, 529871231, 1265239209]"
chi2,Gaussian Naive Bayes,0.069527691856027224,0.010581939571776323,0.5220880660085332,0.9956429249762584,0.048533207040808275,0.9514667929591916,0.004357075023741691,"[1376828152, 1541316946, 990523308, 600075587, 294976744, 1194596873, 144620823, 1160649019, 1286741578, 1789908567, 646876727, 2031326477, 1309352117, 1420399196, 890394338, 1194030569, 357650346, 238474318, 840258736, 487442518, 1026239392, 1006173273, 2046040485, 1109116575, 1984340147, 670690076, 930964573, 38099514, 2080595313, 1486827578, 1992549476, 2146343220, 1140305355, 1786735543, 2115769245, 1069077591, 31535998, 56692567, 898274843, 855588089, 1164551158, 1101774516, 1384178846, 2129556748, 1722792301, 576923284, 139123585, 858478381, 1887781625, 1805736741, 1827264663, 474482382, 2029572209, 117075333, 270697303, 1488157344, 1072602567, 1522884015, 1641432860, 907277245, 450383361, 1997899283, 621824765, 677171228, 1889667969, 1930359164, 1845104038, 1376696621, 1885101232, 197649490, 62979851, 1694716792, 1283359926, 529871231, 1265239209]"
chi2,Logistic regression,0.29612702806494706,0.24734171150264994,0.7143807371516583,0.688991452991453,0.7397700213118634,0.26022997868813624,0.3110085470085471,"[1376828152, 1541316946, 990523308, 600075587, 294976744, 1194596873, 144620823, 1160649019, 1286741578, 1789908567, 646876727, 2031326477, 1309352117, 1420399196, 890394338, 1194030569, 357650346, 238474318, 840258736, 487442518, 1026239392, 1006173273, 2046040485, 1109116575, 1984340147, 670690076, 930964573, 38099514, 2080595313, 1486827578, 1992549476, 2146343220, 1140305355, 1786735543, 2115769245, 1069077591, 31535998, 56692567, 898274843, 855588089, 1164551158, 1101774516, 1384178846, 2129556748, 1722792301, 576923284, 139123585, 858478381, 1887781625, 1805736741, 1827264663, 474482382, 2029572209, 117075333, 270697303, 1488157344, 1072602567, 1522884015, 1641432860, 907277245, 450383361, 1997899283, 621824765, 677171228, 1889667969, 1930359164, 1845104038, 1376696621, 1885101232, 197649490, 62979851, 1694716792, 1283359926, 529871231, 1265239209]"
chi2,Random forest,0.28867809539716,0.2534028938166854,0.7004235055215874,0.6251509971509971,0.7756960138921777,0.2243039861078222,0.3748490028490029,"[1376828152, 1541316946, 990523308, 600075587, 294976744, 1194596873, 144620823, 1160649019, 1286741578, 1789908567, 646876727, 2031326477, 1309352117, 1420399196, 890394338, 1194030569, 357650346, 238474318, 840258736, 487442518, 1026239392, 1006173273, 2046040485, 1109116575, 1984340147, 670690076, 930964573, 38099514, 2080595313, 1486827578, 1992549476, 2146343220, 1140305355, 1786735543, 2115769245, 1069077591, 31535998, 56692567, 898274843, 855588089, 1164551158, 1101774516, 1384178846, 2129556748, 1722792301, 576923284, 139123585, 858478381, 1887781625, 1805736741, 1827264663, 474482382, 2029572209, 117075333, 270697303, 1488157344, 1072602567, 1522884015, 1641432860, 907277245, 450383361, 1997899283, 621824765, 677171228, 1889667969, 1930359164, 1845104038, 1376696621, 1885101232, 197649490, 62979851, 1694716792, 1283359926, 529871231, 1265239209]"
chi2,SVM (RDF),0.28471676387620592,0.24975949701783401,0.6977010941079456,0.6213067426400758,0.774095445575815,0.22590455442418503,0.3786932573599239,"[1376828152, 1541316946, 990523308, 600075587, 294976744, 1194596873, 144620823, 1160649019, 1286741578, 1789908567, 646876727, 2031326477, 1309352117, 1420399196, 890394338, 1194030569, 357650346, 238474318, 840258736, 487442518, 1026239392, 1006173273, 2046040485, 1109116575, 1984340147, 670690076, 930964573, 38099514, 2080595313, 1486827578, 1992549476, 2146343220, 1140305355, 1786735543, 2115769245, 1069077591, 31535998, 56692567, 898274843, 855588089, 1164551158, 1101774516, 1384178846, 2129556748, 1722792301, 576923284, 139123585, 858478381, 1887781625, 1805736741, 1827264663, 474482382, 2029572209, 117075333, 270697303, 1488157344, 1072602567, 1522884015, 1641432860, 907277245, 450383361, 1997899283, 621824765, 677171228, 1889667969, 1930359164, 1845104038, 1376696621, 1885101232, 197649490, 62979851, 1694716792, 1283359926, 529871231, 1265239209]"
chi2,SVM (linear),0.30214039172928286,0.27067642824339738,0.7055060012112027,0.6168926875593541,0.7941193148630515,0.2058806851369485,0.3831073124406457,"[1376828152, 1541316946, 990523308, 600075587, 294976744, 1194596873, 144620823, 1160649019, 1286741578, 1789908567, 646876727, 2031326477, 1309352117, 1420399196, 890394338, 1194030569, 357650346, 238474318, 840258736, 487442518, 1026239392, 1006173273, 2046040485, 1109116575, 1984340147, 670690076, 930964573, 38099514, 2080595313, 1486827578, 1992549476, 2146343220, 1140305355, 1786735543, 2115769245, 1069077591, 31535998, 56692567, 898274843, 855588089, 1164551158, 1101774516, 1384178846, 2129556748, 1722792301, 576923284, 139123585, 858478381, 1887781625, 1805736741, 1827264663, 474482382, 2029572209, 117075333, 270697303, 1488157344, 1072602567, 1522884015, 1641432860, 907277245, 450383361, 1997899283, 621824765, 677171228, 1889667969, 1930359164, 1845104038, 1376696621, 1885101232, 197649490, 62979851, 1694716792, 1283359926, 529871231, 1265239209]"
chi2,SVM (polynomial),0.33004332758224686,0.31776501187459111,0.7005187315247146,0.5396733143399811,0.8613641487094484,0.13863585129055173,0.4603266856600189,"[1376828152, 1541316946, 990523308, 600075587, 294976744, 1194596873, 144620823, 1160649019, 1286741578, 1789908567, 646876727, 2031326477, 1309352117, 1420399196, 890394338, 1194030569, 357650346, 238474318, 840258736, 487442518, 1026239392, 1006173273, 2046040485, 1109116575, 1984340147, 670690076, 930964573, 38099514, 2080595313, 1486827578, 1992549476, 2146343220, 1140305355, 1786735543, 2115769245, 1069077591, 31535998, 56692567, 898274843, 855588089, 1164551158, 1101774516, 1384178846, 2129556748, 1722792301, 576923284, 139123585, 858478381, 1887781625, 1805736741, 1827264663, 474482382, 2029572209, 117075333, 270697303, 1488157344, 1072602567, 1522884015, 1641432860, 907277245, 450383361, 1997899283, 621824765, 677171228, 1889667969, 1930359164, 1845104038, 1376696621, 1885101232, 197649490, 62979851, 1694716792, 1283359926, 529871231, 1265239209]"
Logistic regression,AdaBoost,0.30910081236343306,0.26078462811338859,0.7220812630331931,0.6951225071225073,0.7490400189438785,0.25095998105612116,0.30487749287749294,"[1376828152, 1541316946, 990523308, 600075587, 294976744, 1194596873, 144620823, 1160649019, 1286741578, 1789908567, 646876727, 2031326477, 1309352117, 1420399196, 890394338, 1194030569, 357650346, 238474318, 840258736, 487442518, 1026239392, 1006173273, 2046040485, 1109116575, 1984340147, 670690076, 930964573, 38099514, 2080595313, 1486827578, 1992549476, 2146343220, 1140305355, 1786735543, 2115769245, 1069077591, 31535998, 56692567, 898274843, 855588089, 1164551158, 1101774516, 1384178846, 2129556748, 1722792301, 576923284, 139123585, 858478381, 1887781625, 1805736741, 1827264663, 474482382, 2029572209, 117075333, 270697303, 1488157344, 1072602567, 1522884015, 1641432860, 907277245, 450383361, 1997899283, 621824765, 677171228, 1889667969, 1930359164, 1845104038, 1376696621, 1885101232, 197649490, 62979851, 1694716792, 1283359926, 529871231, 1265239209]"
Logistic regression,Artificial neural network,0.29699840946915562,0.24737460779213663,0.715397236451495,0.6930902184235517,0.7377042544794379,0.26229574552056195,0.30690978157644816,"[1376828152, 1541316946, 990523308, 600075587, 294976744, 1194596873, 144620823, 1160649019, 1286741578, 1789908567, 646876727, 2031326477, 1309352117, 1420399196, 890394338, 1194030569, 357650346, 238474318, 840258736, 487442518, 1026239392, 1006173273, 2046040485, 1109116575, 1984340147, 670690076, 930964573, 38099514, 2080595313, 1486827578, 1992549476, 2146343220, 1140305355, 1786735543, 2115769245, 1069077591, 31535998, 56692567, 898274843, 855588089, 1164551158, 1101774516, 1384178846, 2129556748, 1722792301, 576923284, 139123585, 858478381, 1887781625, 1805736741, 1827264663, 474482382, 2029572209, 117075333, 270697303, 1488157344, 1072602567, 1522884015, 1641432860, 907277245, 450383361, 1997899283, 621824765, 677171228, 1889667969, 1930359164, 1845104038, 1376696621, 1885101232, 197649490, 62979851, 1694716792, 1283359926, 529871231, 1265239209]"
Logistic regression,Bernoulli Naive Bayes,0.33989199010035664,0.30400171684070704,0.7317367685979573,0.6644558404558405,0.7990176967400743,0.20098230325992586,0.3355441595441594,"[1376828152, 1541316946, 990523308, 600075587, 294976744, 1194596873, 144620823, 1160649019, 1286741578, 1789908567, 646876727, 2031326477, 1309352117, 1420399196, 890394338, 1194030569, 357650346, 238474318, 840258736, 487442518, 1026239392, 1006173273, 2046040485, 1109116575, 1984340147, 670690076, 930964573, 38099514, 2080595313, 1486827578, 1992549476, 2146343220, 1140305355, 1786735543, 2115769245, 1069077591, 31535998, 56692567, 898274843, 855588089, 1164551158, 1101774516, 1384178846, 2129556748, 1722792301, 576923284, 139123585, 858478381, 1887781625, 1805736741, 1827264663, 474482382, 2029572209, 117075333, 270697303, 1488157344, 1072602567, 1522884015, 1641432860, 907277245, 450383361, 1997899283, 621824765, 677171228, 1889667969, 1930359164, 1845104038, 1376696621, 1885101232, 197649490, 62979851, 1694716792, 1283359926, 529871231, 1265239209]"
Logistic regression,Decision Tree,0.26064192110001316,0.22849117086567058,0.6802407457555614,0.593770180436847,0.7667113110742758,0.23328868892572424,0.40622981956315285,"[1376828152, 1541316946, 990523308, 600075587, 294976744, 1194596873, 144620823, 1160649019, 1286741578, 1789908567, 646876727, 2031326477, 1309352117, 1420399196, 890394338, 1194030569, 357650346, 238474318, 840258736, 487442518, 1026239392, 1006173273, 2046040485, 1109116575, 1984340147, 670690076, 930964573, 38099514, 2080595313, 1486827578, 1992549476, 2146343220, 1140305355, 1786735543, 2115769245, 1069077591, 31535998, 56692567, 898274843, 855588089, 1164551158, 1101774516, 1384178846, 2129556748, 1722792301, 576923284, 139123585, 858478381, 1887781625, 1805736741, 1827264663, 474482382, 2029572209, 117075333, 270697303, 1488157344, 1072602567, 1522884015, 1641432860, 907277245, 450383361, 1997899283, 621824765, 677171228, 1889667969, 1930359164, 1845104038, 1376696621, 1885101232, 197649490, 62979851, 1694716792, 1283359926, 529871231, 1265239209]"
Logistic regression,Extreme Learning Machine,0.28148010551508046,0.2389465933631133,0.7011579038409256,0.6532535612535608,0.7490622464282894,0.2509377535717105,0.3467464387464387,"[1376828152, 1541316946, 990523308, 600075587, 294976744, 1194596873, 144620823, 1160649019, 1286741578, 1789908567, 646876727, 2031326477, 1309352117, 1420399196, 890394338, 1194030569, 357650346, 238474318, 840258736, 487442518, 1026239392, 1006173273, 2046040485, 1109116575, 1984340147, 670690076, 930964573, 38099514, 2080595313, 1486827578, 1992549476, 2146343220, 1140305355, 1786735543, 2115769245, 1069077591, 31535998, 56692567, 898274843, 855588089, 1164551158, 1101774516, 1384178846, 2129556748, 1722792301, 576923284, 139123585, 858478381, 1887781625, 1805736741, 1827264663, 474482382, 2029572209, 117075333, 270697303, 1488157344, 1072602567, 1522884015, 1641432860, 907277245, 450383361, 1997899283, 621824765, 677171228, 1889667969, 1930359164, 1845104038, 1376696621, 1885101232, 197649490, 62979851, 1694716792, 1283359926, 529871231, 1265239209]"
Logistic regression,Gaussian Naive Bayes,0.073170196179209238,0.013843887442139012,0.5282983162570817,0.9846647673314347,0.07193186518272947,0.9280681348172706,0.015335232668566012,"[1376828152, 1541316946, 990523308, 600075587, 294976744, 1194596873, 144620823, 1160649019, 1286741578, 1789908567, 646876727, 2031326477, 1309352117, 1420399196, 890394338, 1194030569, 357650346, 238474318, 840258736, 487442518, 1026239392, 1006173273, 2046040485, 1109116575, 1984340147, 670690076, 930964573, 38099514, 2080595313, 1486827578, 1992549476, 2146343220, 1140305355, 1786735543, 2115769245, 1069077591, 31535998, 56692567, 898274843, 855588089, 1164551158, 1101774516, 1384178846, 2129556748, 1722792301, 576923284, 139123585, 858478381, 1887781625, 1805736741, 1827264663, 474482382, 2029572209, 117075333, 270697303, 1488157344, 1072602567, 1522884015, 1641432860, 907277245, 450383361, 1997899283, 621824765, 677171228, 1889667969, 1930359164, 1845104038, 1376696621, 1885101232, 197649490, 62979851, 1694716792, 1283359926, 529871231, 1265239209]"
Logistic regression,Logistic regression,0.29619544285919608,0.24594264653638609,0.7152976944642903,0.695278252611586,0.7353171363169945,0.2646828636830058,0.304721747388414,"[1376828152, 1541316946, 990523308, 600075587, 294976744, 1194596873, 144620823, 1160649019, 1286741578, 1789908567, 646876727, 2031326477, 1309352117, 1420399196, 890394338, 1194030569, 357650346, 238474318, 840258736, 487442518, 1026239392, 1006173273, 2046040485, 1109116575, 1984340147, 670690076, 930964573, 38099514, 2080595313, 1486827578, 1992549476, 2146343220, 1140305355, 1786735543, 2115769245, 1069077591, 31535998, 56692567, 898274843, 855588089, 1164551158, 1101774516, 1384178846, 2129556748, 1722792301, 576923284, 139123585, 858478381, 1887781625, 1805736741, 1827264663, 474482382, 2029572209, 117075333, 270697303, 1488157344, 1072602567, 1522884015, 1641432860, 907277245, 450383361, 1997899283, 621824765, 677171228, 1889667969, 1930359164, 1845104038, 1376696621, 1885101232, 197649490, 62979851, 1694716792, 1283359926, 529871231, 1265239209]"
Logistic regression,Random forest,0.29601821917812521,0.25768452395245306,0.7069815307526569,0.6434795821462487,0.7704834793590654,0.22951652064093453,0.3565204178537512,"[1376828152, 1541316946, 990523308, 600075587, 294976744, 1194596873, 144620823, 1160649019, 1286741578, 1789908567, 646876727, 2031326477, 1309352117, 1420399196, 890394338, 1194030569, 357650346, 238474318, 840258736, 487442518, 1026239392, 1006173273, 2046040485, 1109116575, 1984340147, 670690076, 930964573, 38099514, 2080595313, 1486827578, 1992549476, 2146343220, 1140305355, 1786735543, 2115769245, 1069077591, 31535998, 56692567, 898274843, 855588089, 1164551158, 1101774516, 1384178846, 2129556748, 1722792301, 576923284, 139123585, 858478381, 1887781625, 1805736741, 1827264663, 474482382, 2029572209, 117075333, 270697303, 1488157344, 1072602567, 1522884015, 1641432860, 907277245, 450383361, 1997899283, 621824765, 677171228, 1889667969, 1930359164, 1845104038, 1376696621, 1885101232, 197649490, 62979851, 1694716792, 1283359926, 529871231, 1265239209]"
Logistic regression,SVM (RDF),0.28847392542804179,0.25224501604311078,0.7008566838452385,0.6296562203228869,0.7720571473675901,0.2279428526324098,0.37034377967711324,"[1376828152, 1541316946, 990523308, 600075587, 294976744, 1194596873, 144620823, 1160649019, 1286741578, 1789908567, 646876727, 2031326477, 1309352117, 1420399196, 890394338, 1194030569, 357650346, 238474318, 840258736, 487442518, 1026239392, 1006173273, 2046040485, 1109116575, 1984340147, 670690076, 930964573, 38099514, 2080595313, 1486827578, 1992549476, 2146343220, 1140305355, 1786735543, 2115769245, 1069077591, 31535998, 56692567, 898274843, 855588089, 1164551158, 1101774516, 1384178846, 2129556748, 1722792301, 576923284, 139123585, 858478381, 1887781625, 1805736741, 1827264663, 474482382, 2029572209, 117075333, 270697303, 1488157344, 1072602567, 1522884015, 1641432860, 907277245, 450383361, 1997899283, 621824765, 677171228, 1889667969, 1930359164, 1845104038, 1376696621, 1885101232, 197649490, 62979851, 1694716792, 1283359926, 529871231, 1265239209]"
Logistic regression,SVM (linear),0.30571197888070095,0.27520755162265009,0.706808656614987,0.6151073124406455,0.798510000789328,0.2014899992106717,0.3848926875593542,"[1376828152, 1541316946, 990523308, 600075587, 294976744, 1194596873, 144620823, 1160649019, 1286741578, 1789908567, 646876727, 2031326477, 1309352117, 1420399196, 890394338, 1194030569, 357650346, 238474318, 840258736, 487442518, 1026239392, 1006173273, 2046040485, 1109116575, 1984340147, 670690076, 930964573, 38099514, 2080595313, 1486827578, 1992549476, 2146343220, 1140305355, 1786735543, 2115769245, 1069077591, 31535998, 56692567, 898274843, 855588089, 1164551158, 1101774516, 1384178846, 2129556748, 1722792301, 576923284, 139123585, 858478381, 1887781625, 1805736741, 1827264663, 474482382, 2029572209, 117075333, 270697303, 1488157344, 1072602567, 1522884015, 1641432860, 907277245, 450383361, 1997899283, 621824765, 677171228, 1889667969, 1930359164, 1845104038, 1376696621, 1885101232, 197649490, 62979851, 1694716792, 1283359926, 529871231, 1265239209]"
Logistic regression,SVM (polynomial),0.32439751170183773,0.30930597952886829,0.7012113157742648,0.551403608736942,0.8510190228115874,0.14898097718841263,0.44859639126305806,"[1376828152, 1541316946, 990523308, 600075587, 294976744, 1194596873, 144620823, 1160649019, 1286741578, 1789908567, 646876727, 2031326477, 1309352117, 1420399196, 890394338, 1194030569, 357650346, 238474318, 840258736, 487442518, 1026239392, 1006173273, 2046040485, 1109116575, 1984340147, 670690076, 930964573, 38099514, 2080595313, 1486827578, 1992549476, 2146343220, 1140305355, 1786735543, 2115769245, 1069077591, 31535998, 56692567, 898274843, 855588089, 1164551158, 1101774516, 1384178846, 2129556748, 1722792301, 576923284, 139123585, 858478381, 1887781625, 1805736741, 1827264663, 474482382, 2029572209, 117075333, 270697303, 1488157344, 1072602567, 1522884015, 1641432860, 907277245, 450383361, 1997899283, 621824765, 677171228, 1889667969, 1930359164, 1845104038, 1376696621, 1885101232, 197649490, 62979851, 1694716792, 1283359926, 529871231, 1265239209]"
Bernoulli Naive Bayes,AdaBoost,0.30371999093093222,0.26648900959089356,0.7111070951167568,0.6440113960113958,0.7782027942221168,0.22179720577788298,0.35598860398860394,"[1376828152, 1541316946, 990523308, 600075587, 294976744, 1194596873, 144620823, 1160649019, 1286741578, 1789908567, 646876727, 2031326477, 1309352117, 1420399196, 890394338, 1194030569, 357650346, 238474318, 840258736, 487442518, 1026239392, 1006173273, 2046040485, 1109116575, 1984340147, 670690076, 930964573, 38099514, 2080595313, 1486827578, 1992549476, 2146343220, 1140305355, 1786735543, 2115769245, 1069077591, 31535998, 56692567, 898274843, 855588089, 1164551158, 1101774516, 1384178846, 2129556748, 1722792301, 576923284, 139123585, 858478381, 1887781625, 1805736741, 1827264663, 474482382, 2029572209, 117075333, 270697303, 1488157344, 1072602567, 1522884015, 1641432860, 907277245, 450383361, 1997899283, 621824765, 677171228, 1889667969, 1930359164, 1845104038, 1376696621, 1885101232, 197649490, 62979851, 1694716792, 1283359926, 529871231, 1265239209]"
Bernoulli Naive Bayes,Artificial neural network,0.30507346200353569,0.26511728928322109,0.7140314638396571,0.657128205128205,0.7709347225511088,0.22906527744889105,0.342871794871795,"[1376828152, 1541316946, 990523308, 600075587, 294976744, 1194596873, 144620823, 1160649019, 1286741578, 1789908567, 646876727, 2031326477, 1309352117, 1420399196, 890394338, 1194030569, 357650346, 238474318, 840258736, 487442518, 1026239392, 1006173273, 2046040485, 1109116575, 1984340147, 670690076, 930964573, 38099514, 2080595313, 1486827578, 1992549476, 2146343220, 1140305355, 1786735543, 2115769245, 1069077591, 31535998, 56692567, 898274843, 855588089, 1164551158, 1101774516, 1384178846, 2129556748, 1722792301, 576923284, 139123585, 858478381, 1887781625, 1805736741, 1827264663, 474482382, 2029572209, 117075333, 270697303, 1488157344, 1072602567, 1522884015, 1641432860, 907277245, 450383361, 1997899283, 621824765, 677171228, 1889667969, 1930359164, 1845104038, 1376696621, 1885101232, 197649490, 62979851, 1694716792, 1283359926, 529871231, 1265239209]"
Bernoulli Naive Bayes,Bernoulli Naive Bayes,0.33415767210510228,0.31166052705330732,0.7156913940504436,0.5988528015194681,0.8325299865814191,0.1674700134185808,0.4011471984805318,"[1376828152, 1541316946, 990523308, 600075587, 294976744, 1194596873, 144620823, 1160649019, 1286741578, 1789908567, 646876727, 2031326477, 1309352117, 1420399196, 890394338, 1194030569, 357650346, 238474318, 840258736, 487442518, 1026239392, 1006173273, 2046040485, 1109116575, 1984340147, 670690076, 930964573, 38099514, 2080595313, 1486827578, 1992549476, 2146343220, 1140305355, 1786735543, 2115769245, 1069077591, 31535998, 56692567, 898274843, 855588089, 1164551158, 1101774516, 1384178846, 2129556748, 1722792301, 576923284, 139123585, 858478381, 1887781625, 1805736741, 1827264663, 474482382, 2029572209, 117075333, 270697303, 1488157344, 1072602567, 1522884015, 1641432860, 907277245, 450383361, 1997899283, 621824765, 677171228, 1889667969, 1930359164, 1845104038, 1376696621, 1885101232, 197649490, 62979851, 1694716792, 1283359926, 529871231, 1265239209]"
Bernoulli Naive Bayes,Decision Tree,0.26171796936393482,0.23366863215707459,0.6774438161751128,0.5734852801519467,0.7814023521982792,0.21859764780172075,0.42651471984805317,"[1376828152, 1541316946, 990523308, 600075587, 294976744, 1194596873, 144620823, 1160649019, 1286741578, 1789908567, 646876727, 2031326477, 1309352117, 1420399196, 890394338, 1194030569, 357650346, 238474318, 840258736, 487442518, 1026239392, 1006173273, 2046040485, 1109116575, 1984340147, 670690076, 930964573, 38099514, 2080595313, 1486827578, 1992549476, 2146343220, 1140305355, 1786735543, 2115769245, 1069077591, 31535998, 56692567, 898274843, 855588089, 1164551158, 1101774516, 1384178846, 2129556748, 1722792301, 576923284, 139123585, 858478381, 1887781625, 1805736741, 1827264663, 474482382, 2029572209, 117075333, 270697303, 1488157344, 1072602567, 1522884015, 1641432860, 907277245, 450383361, 1997899283, 621824765, 677171228, 1889667969, 1930359164, 1845104038, 1376696621, 1885101232, 197649490, 62979851, 1694716792, 1283359926, 529871231, 1265239209]"
Bernoulli Naive Bayes,Extreme Learning Machine,0.28296209548306456,0.24359930655954196,0.7000528557604885,0.640098765432099,0.7600069460888783,0.23999305391112163,0.3599012345679012,"[1376828152, 1541316946, 990523308, 600075587, 294976744, 1194596873, 144620823, 1160649019, 1286741578, 1789908567, 646876727, 2031326477, 1309352117, 1420399196, 890394338, 1194030569, 357650346, 238474318, 840258736, 487442518, 1026239392, 1006173273, 2046040485, 1109116575, 1984340147, 670690076, 930964573, 38099514, 2080595313, 1486827578, 1992549476, 2146343220, 1140305355, 1786735543, 2115769245, 1069077591, 31535998, 56692567, 898274843, 855588089, 1164551158, 1101774516, 1384178846, 2129556748, 1722792301, 576923284, 139123585, 858478381, 1887781625, 1805736741, 1827264663, 474482382, 2029572209, 117075333, 270697303, 1488157344, 1072602567, 1522884015, 1641432860, 907277245, 450383361, 1997899283, 621824765, 677171228, 1889667969, 1930359164, 1845104038, 1376696621, 1885101232, 197649490, 62979851, 1694716792, 1283359926, 529871231, 1265239209]"
Bernoulli Naive Bayes,Gaussian Naive Bayes,0.072553689370063595,0.013713648063545865,0.5280359973275278,0.9842697056030397,0.07180228905201674,0.9281977109479836,0.01573029439696107,"[1376828152, 1541316946, 990523308, 600075587, 294976744, 1194596873, 144620823, 1160649019, 1286741578, 1789908567, 646876727, 2031326477, 1309352117, 1420399196, 890394338, 1194030569, 357650346, 238474318, 840258736, 487442518, 1026239392, 1006173273, 2046040485, 1109116575, 1984340147, 670690076, 930964573, 38099514, 2080595313, 1486827578, 1992549476, 2146343220, 1140305355, 1786735543, 2115769245, 1069077591, 31535998, 56692567, 898274843, 855588089, 1164551158, 1101774516, 1384178846, 2129556748, 1722792301, 576923284, 139123585, 858478381, 1887781625, 1805736741, 1827264663, 474482382, 2029572209, 117075333, 270697303, 1488157344, 1072602567, 1522884015, 1641432860, 907277245, 450383361, 1997899283, 621824765, 677171228, 1889667969, 1930359164, 1845104038, 1376696621, 1885101232, 197649490, 62979851, 1694716792, 1283359926, 529871231, 1265239209]"
Bernoulli Naive Bayes,Logistic regression,0.30449798585177429,0.26374401512435491,0.7142566280300593,0.6601709401709401,0.7683423158891781,0.2316576841108217,0.33982905982905975,"[1376828152, 1541316946, 990523308, 600075587, 294976744, 1194596873, 144620823, 1160649019, 1286741578, 1789908567, 646876727, 2031326477, 1309352117, 1420399196, 890394338, 1194030569, 357650346, 238474318, 840258736, 487442518, 1026239392, 1006173273, 2046040485, 1109116575, 1984340147, 670690076, 930964573, 38099514, 2080595313, 1486827578, 1992549476, 2146343220, 1140305355, 1786735543, 2115769245, 1069077591, 31535998, 56692567, 898274843, 855588089, 1164551158, 1101774516, 1384178846, 2129556748, 1722792301, 576923284, 139123585, 858478381, 1887781625, 1805736741, 1827264663, 474482382, 2029572209, 117075333, 270697303, 1488157344, 1072602567, 1522884015, 1641432860, 907277245, 450383361, 1997899283, 621824765, 677171228, 1889667969, 1930359164, 1845104038, 1376696621, 1885101232, 197649490, 62979851, 1694716792, 1283359926, 529871231, 1265239209]"
Bernoulli Naive Bayes,Random forest,0.30328313507383126,0.2683368728663531,0.7088937488123533,0.6336790123456792,0.7841084852790272,0.21589151472097243,0.36632098765432103,"[1376828152, 1541316946, 990523308, 600075587, 294976744, 1194596873, 144620823, 1160649019, 1286741578, 1789908567, 646876727, 2031326477, 1309352117, 1420399196, 890394338, 1194030569, 357650346, 238474318, 840258736, 487442518, 1026239392, 1006173273, 2046040485, 1109116575, 1984340147, 670690076, 930964573, 38099514, 2080595313, 1486827578, 1992549476, 2146343220, 1140305355, 1786735543, 2115769245, 1069077591, 31535998, 56692567, 898274843, 855588089, 1164551158, 1101774516, 1384178846, 2129556748, 1722792301, 576923284, 139123585, 858478381, 1887781625, 1805736741, 1827264663, 474482382, 2029572209, 117075333, 270697303, 1488157344, 1072602567, 1522884015, 1641432860, 907277245, 450383361, 1997899283, 621824765, 677171228, 1889667969, 1930359164, 1845104038, 1376696621, 1885101232, 197649490, 62979851, 1694716792, 1283359926, 529871231, 1265239209]"
Bernoulli Naive Bayes,SVM (RDF),0.29500530282824433,0.25907169766159444,0.7044908179082622,0.6324710351377018,0.7765106006788225,0.22348939932117767,0.3675289648622981,"[1376828152, 1541316946, 990523308, 600075587, 294976744, 1194596873, 144620823, 1160649019, 1286741578, 1789908567, 646876727, 2031326477, 1309352117, 1420399196, 890394338, 1194030569, 357650346, 238474318, 840258736, 487442518, 1026239392, 1006173273, 2046040485, 1109116575, 1984340147, 670690076, 930964573, 38099514, 2080595313, 1486827578, 1992549476, 2146343220, 1140305355, 1786735543, 2115769245, 1069077591, 31535998, 56692567, 898274843, 855588089, 1164551158, 1101774516, 1384178846, 2129556748, 1722792301, 576923284, 139123585, 858478381, 1887781625, 1805736741, 1827264663, 474482382, 2029572209, 117075333, 270697303, 1488157344, 1072602567, 1522884015, 1641432860, 907277245, 450383361, 1997899283, 621824765, 677171228, 1889667969, 1930359164, 1845104038, 1376696621, 1885101232, 197649490, 62979851, 1694716792, 1283359926, 529871231, 1265239209]"
Bernoulli Naive Bayes,SVM (linear),0.30848531411490276,0.28191537260942284,0.7049417358340869,0.59842735042735,0.8114561212408237,0.18854387875917594,0.4015726495726496,"[1376828152, 1541316946, 990523308, 600075587, 294976744, 1194596873, 144620823, 1160649019, 1286741578, 1789908567, 646876727, 2031326477, 1309352117, 1420399196, 890394338, 1194030569, 357650346, 238474318, 840258736, 487442518, 1026239392, 1006173273, 2046040485, 1109116575, 1984340147, 670690076, 930964573, 38099514, 2080595313, 1486827578, 1992549476, 2146343220, 1140305355, 1786735543, 2115769245, 1069077591, 31535998, 56692567, 898274843, 855588089, 1164551158, 1101774516, 1384178846, 2129556748, 1722792301, 576923284, 139123585, 858478381, 1887781625, 1805736741, 1827264663, 474482382, 2029572209, 117075333, 270697303, 1488157344, 1072602567, 1522884015, 1641432860, 907277245, 450383361, 1997899283, 621824765, 677171228, 1889667969, 1930359164, 1845104038, 1376696621, 1885101232, 197649490, 62979851, 1694716792, 1283359926, 529871231, 1265239209]"
Bernoulli Naive Bayes,SVM (polynomial),0.32796190106618611,0.3128370663255724,0.7033150407066263,0.5546818613485281,0.851948220064725,0.14805177993527507,0.4453181386514719,"[1376828152, 1541316946, 990523308, 600075587, 294976744, 1194596873, 144620823, 1160649019, 1286741578, 1789908567, 646876727, 2031326477, 1309352117, 1420399196, 890394338, 1194030569, 357650346, 238474318, 840258736, 487442518, 1026239392, 1006173273, 2046040485, 1109116575, 1984340147, 670690076, 930964573, 38099514, 2080595313, 1486827578, 1992549476, 2146343220, 1140305355, 1786735543, 2115769245, 1069077591, 31535998, 56692567, 898274843, 855588089, 1164551158, 1101774516, 1384178846, 2129556748, 1722792301, 576923284, 139123585, 858478381, 1887781625, 1805736741, 1827264663, 474482382, 2029572209, 117075333, 270697303, 1488157344, 1072602567, 1522884015, 1641432860, 907277245, 450383361, 1997899283, 621824765, 677171228, 1889667969, 1930359164, 1845104038, 1376696621, 1885101232, 197649490, 62979851, 1694716792, 1283359926, 529871231, 1265239209]"
SVM (linear),AdaBoost,0.28301848170272442,0.24730864197404268,0.6974525679592535,0.6233808167141502,0.7715243192043572,0.22847568079564293,0.37661918328585,"[1376828152, 1541316946, 990523308, 600075587, 294976744, 1194596873, 144620823, 1160649019, 1286741578, 1789908567, 646876727, 2031326477, 1309352117, 1420399196, 890394338, 1194030569, 357650346, 238474318, 840258736, 487442518, 1026239392, 1006173273, 2046040485, 1109116575, 1984340147, 670690076, 930964573, 38099514, 2080595313, 1486827578, 1992549476, 2146343220, 1140305355, 1786735543, 2115769245, 1069077591, 31535998, 56692567, 898274843, 855588089, 1164551158, 1101774516, 1384178846, 2129556748, 1722792301, 576923284, 139123585, 858478381, 1887781625, 1805736741, 1827264663, 474482382, 2029572209, 117075333, 270697303, 1488157344, 1072602567, 1522884015, 1641432860, 907277245, 450383361, 1997899283, 621824765, 677171228, 1889667969, 1930359164, 1845104038, 1376696621, 1885101232, 197649490, 62979851, 1694716792, 1283359926, 529871231, 1265239209]"
SVM (linear),Artificial neural network,0.27403928639463437,0.23510981059707031,0.6943491817409252,0.6327141500474833,0.7559842134343672,0.24401578656563264,0.3672858499525167,"[1376828152, 1541316946, 990523308, 600075587, 294976744, 1194596873, 144620823, 1160649019, 1286741578, 1789908567, 646876727, 2031326477, 1309352117, 1420399196, 890394338, 1194030569, 357650346, 238474318, 840258736, 487442518, 1026239392, 1006173273, 2046040485, 1109116575, 1984340147, 670690076, 930964573, 38099514, 2080595313, 1486827578, 1992549476, 2146343220, 1140305355, 1786735543, 2115769245, 1069077591, 31535998, 56692567, 898274843, 855588089, 1164551158, 1101774516, 1384178846, 2129556748, 1722792301, 576923284, 139123585, 858478381, 1887781625, 1805736741, 1827264663, 474482382, 2029572209, 117075333, 270697303, 1488157344, 1072602567, 1522884015, 1641432860, 907277245, 450383361, 1997899283, 621824765, 677171228, 1889667969, 1930359164, 1845104038, 1376696621, 1885101232, 197649490, 62979851, 1694716792, 1283359926, 529871231, 1265239209]"
SVM (linear),Bernoulli Naive Bayes,0.31453966722147936,0.29018257194685976,0.7063100966331213,0.5923038936372269,0.8203162996290156,0.1796837003709843,0.407696106362773,"[1376828152, 1541316946, 990523308, 600075587, 294976744, 1194596873, 144620823, 1160649019, 1286741578, 1789908567, 646876727, 2031326477, 1309352117, 1420399196, 890394338, 1194030569, 357650346, 238474318, 840258736, 487442518, 1026239392, 1006173273, 2046040485, 1109116575, 1984340147, 670690076, 930964573, 38099514, 2080595313, 1486827578, 1992549476, 2146343220, 1140305355, 1786735543, 2115769245, 1069077591, 31535998, 56692567, 898274843, 855588089, 1164551158, 1101774516, 1384178846, 2129556748, 1722792301, 576923284, 139123585, 858478381, 1887781625, 1805736741, 1827264663, 474482382, 2029572209, 117075333, 270697303, 1488157344, 1072602567, 1522884015, 1641432860, 907277245, 450383361, 1997899283, 621824765, 677171228, 1889667969, 1930359164, 1845104038, 1376696621, 1885101232, 197649490, 62979851, 1694716792, 1283359926, 529871231, 1265239209]"
SVM (linear),Decision Tree,0.27177719817988055,0.25260541381340013,0.6750799648917576,0.5330712250712252,0.81708870471229,0.1829112952877102,0.466928774928775,"[1376828152, 1541316946, 990523308, 600075587, 294976744, 1194596873, 144620823, 1160649019, 1286741578, 1789908567, 646876727, 2031326477, 1309352117, 1420399196, 890394338, 1194030569, 357650346, 238474318, 840258736, 487442518, 1026239392, 1006173273, 2046040485, 1109116575, 1984340147, 670690076, 930964573, 38099514, 2080595313, 1486827578, 1992549476, 2146343220, 1140305355, 1786735543, 2115769245, 1069077591, 31535998, 56692567, 898274843, 855588089, 1164551158, 1101774516, 1384178846, 2129556748, 1722792301, 576923284, 139123585, 858478381, 1887781625, 1805736741, 1827264663, 474482382, 2029572209, 117075333, 270697303, 1488157344, 1072602567, 1522884015, 1641432860, 907277245, 450383361, 1997899283, 621824765, 677171228, 1889667969, 1930359164, 1845104038, 1376696621, 1885101232, 197649490, 62979851, 1694716792, 1283359926, 529871231, 1265239209]"
SVM (linear),Extreme Learning Machine,0.26297374017848069,0.2270897176427735,0.6854050410416972,0.6123190883190883,0.7584909937643066,0.2415090062356934,0.3876809116809117,"[1376828152, 1541316946, 990523308, 600075587, 294976744, 1194596873, 144620823, 1160649019, 1286741578, 1789908567, 646876727, 2031326477, 1309352117, 1420399196, 890394338, 1194030569, 357650346, 238474318, 840258736, 487442518, 1026239392, 1006173273, 2046040485, 1109116575, 1984340147, 670690076, 930964573, 38099514, 2080595313, 1486827578, 1992549476, 2146343220, 1140305355, 1786735543, 2115769245, 1069077591, 31535998, 56692567, 898274843, 855588089, 1164551158, 1101774516, 1384178846, 2129556748, 1722792301, 576923284, 139123585, 858478381, 1887781625, 1805736741, 1827264663, 474482382, 2029572209, 117075333, 270697303, 1488157344, 1072602567, 1522884015, 1641432860, 907277245, 450383361, 1997899283, 621824765, 677171228, 1889667969, 1930359164, 1845104038, 1376696621, 1885101232, 197649490, 62979851, 1694716792, 1283359926, 529871231, 1265239209]"
SVM (linear),Gaussian Naive Bayes,0.072419238828009186,0.013720398946380682,0.5280432521314676,0.9839734093067434,0.07211309495619228,0.927886905043808,0.01602659069325737,"[1376828152, 1541316946, 990523308, 600075587, 294976744, 1194596873, 144620823, 1160649019, 1286741578, 1789908567, 646876727, 2031326477, 1309352117, 1420399196, 890394338, 1194030569, 357650346, 238474318, 840258736, 487442518, 1026239392, 1006173273, 2046040485, 1109116575, 1984340147, 670690076, 930964573, 38099514, 2080595313, 1486827578, 1992549476, 2146343220, 1140305355, 1786735543, 2115769245, 1069077591, 31535998, 56692567, 898274843, 855588089, 1164551158, 1101774516, 1384178846, 2129556748, 1722792301, 576923284, 139123585, 858478381, 1887781625, 1805736741, 1827264663, 474482382, 2029572209, 117075333, 270697303, 1488157344, 1072602567, 1522884015, 1641432860, 907277245, 450383361, 1997899283, 621824765, 677171228, 1889667969, 1930359164, 1845104038, 1376696621, 1885101232, 197649490, 62979851, 1694716792, 1283359926, 529871231, 1265239209]"
SVM (linear),Logistic regression,0.26846147611181576,0.22946430881403604,0.6910158798008192,0.6297321937321939,0.7522995658694452,0.24770043413055495,0.3702678062678063,"[1376828152, 1541316946, 990523308, 600075587, 294976744, 1194596873, 144620823, 1160649019, 1286741578, 1789908567, 646876727, 2031326477, 1309352117, 1420399196, 890394338, 1194030569, 357650346, 238474318, 840258736, 487442518, 1026239392, 1006173273, 2046040485, 1109116575, 1984340147, 670690076, 930964573, 38099514, 2080595313, 1486827578, 1992549476, 2146343220, 1140305355, 1786735543, 2115769245, 1069077591, 31535998, 56692567, 898274843, 855588089, 1164551158, 1101774516, 1384178846, 2129556748, 1722792301, 576923284, 139123585, 858478381, 1887781625, 1805736741, 1827264663, 474482382, 2029572209, 117075333, 270697303, 1488157344, 1072602567, 1522884015, 1641432860, 907277245, 450383361, 1997899283, 621824765, 677171228, 1889667969, 1930359164, 1845104038, 1376696621, 1885101232, 197649490, 62979851, 1694716792, 1283359926, 529871231, 1265239209]"
SVM (linear),Random forest,0.29484275784419717,0.26641651057334365,0.6983089304062071,0.597105413105413,0.7995124477070011,0.2004875522929987,0.4028945868945869,"[1376828152, 1541316946, 990523308, 600075587, 294976744, 1194596873, 144620823, 1160649019, 1286741578, 1789908567, 646876727, 2031326477, 1309352117, 1420399196, 890394338, 1194030569, 357650346, 238474318, 840258736, 487442518, 1026239392, 1006173273, 2046040485, 1109116575, 1984340147, 670690076, 930964573, 38099514, 2080595313, 1486827578, 1992549476, 2146343220, 1140305355, 1786735543, 2115769245, 1069077591, 31535998, 56692567, 898274843, 855588089, 1164551158, 1101774516, 1384178846, 2129556748, 1722792301, 576923284, 139123585, 858478381, 1887781625, 1805736741, 1827264663, 474482382, 2029572209, 117075333, 270697303, 1488157344, 1072602567, 1522884015, 1641432860, 907277245, 450383361, 1997899283, 621824765, 677171228, 1889667969, 1930359164, 1845104038, 1376696621, 1885101232, 197649490, 62979851, 1694716792, 1283359926, 529871231, 1265239209]"
SVM (linear),SVM (RDF),0.29156879531980173,0.26604953165066364,0.6934723960655921,0.5810294396961064,0.8059153524350778,0.19408464756492225,0.41897056030389357,"[1376828152, 1541316946, 990523308, 600075587, 294976744, 1194596873, 144620823, 1160649019, 1286741578, 1789908567, 646876727, 2031326477, 1309352117, 1420399196, 890394338, 1194030569, 357650346, 238474318, 840258736, 487442518, 1026239392, 1006173273, 2046040485, 1109116575, 1984340147, 670690076, 930964573, 38099514, 2080595313, 1486827578, 1992549476, 2146343220, 1140305355, 1786735543, 2115769245, 1069077591, 31535998, 56692567, 898274843, 855588089, 1164551158, 1101774516, 1384178846, 2129556748, 1722792301, 576923284, 139123585, 858478381, 1887781625, 1805736741, 1827264663, 474482382, 2029572209, 117075333, 270697303, 1488157344, 1072602567, 1522884015, 1641432860, 907277245, 450383361, 1997899283, 621824765, 677171228, 1889667969, 1930359164, 1845104038, 1376696621, 1885101232, 197649490, 62979851, 1694716792, 1283359926, 529871231, 1265239209]"
SVM (linear),SVM (linear),0.33555548634985277,0.31710774365500244,0.7118069466735661,0.5793580246913576,0.844255868655774,0.15574413134422607,0.42064197530864206,"[1376828152, 1541316946, 990523308, 600075587, 294976744, 1194596873, 144620823, 1160649019, 1286741578, 1789908567, 646876727, 2031326477, 1309352117, 1420399196, 890394338, 1194030569, 357650346, 238474318, 840258736, 487442518, 1026239392, 1006173273, 2046040485, 1109116575, 1984340147, 670690076, 930964573, 38099514, 2080595313, 1486827578, 1992549476, 2146343220, 1140305355, 1786735543, 2115769245, 1069077591, 31535998, 56692567, 898274843, 855588089, 1164551158, 1101774516, 1384178846, 2129556748, 1722792301, 576923284, 139123585, 858478381, 1887781625, 1805736741, 1827264663, 474482382, 2029572209, 117075333, 270697303, 1488157344, 1072602567, 1522884015, 1641432860, 907277245, 450383361, 1997899283, 621824765, 677171228, 1889667969, 1930359164, 1845104038, 1376696621, 1885101232, 197649490, 62979851, 1694716792, 1283359926, 529871231, 1265239209]"
SVM (linear),SVM (polynomial),0.33787920232753116,0.32848748801029515,0.7002039379610456,0.5277872744539412,0.8726206014681509,0.12737939853184946,0.4722127255460588,"[1376828152, 1541316946, 990523308, 600075587, 294976744, 1194596873, 144620823, 1160649019, 1286741578, 1789908567, 646876727, 2031326477, 1309352117, 1420399196, 890394338, 1194030569, 357650346, 238474318, 840258736, 487442518, 1026239392, 1006173273, 2046040485, 1109116575, 1984340147, 670690076, 930964573, 38099514, 2080595313, 1486827578, 1992549476, 2146343220, 1140305355, 1786735543, 2115769245, 1069077591, 31535998, 56692567, 898274843, 855588089, 1164551158, 1101774516, 1384178846, 2129556748, 1722792301, 576923284, 139123585, 858478381, 1887781625, 1805736741, 1827264663, 474482382, 2029572209, 117075333, 270697303, 1488157344, 1072602567, 1522884015, 1641432860, 907277245, 450383361, 1997899283, 621824765, 677171228, 1889667969, 1930359164, 1845104038, 1376696621, 1885101232, 197649490, 62979851, 1694716792, 1283359926, 529871231, 1265239209]"
Decision Tree,AdaBoost,0.29148311383906556,0.25644872483645542,0.7020517183181955,0.6260132953466285,0.7780901412897621,0.22190985871023755,0.3739867046533712,"[1376828152, 1541316946, 990523308, 600075587, 294976744, 1194596873, 144620823, 1160649019, 1286741578, 1789908567, 646876727, 2031326477, 1309352117, 1420399196, 890394338, 1194030569, 357650346, 238474318, 840258736, 487442518, 1026239392, 1006173273, 2046040485, 1109116575, 1984340147, 670690076, 930964573, 38099514, 2080595313, 1486827578, 1992549476, 2146343220, 1140305355, 1786735543, 2115769245, 1069077591, 31535998, 56692567, 898274843, 855588089, 1164551158, 1101774516, 1384178846, 2129556748, 1722792301, 576923284, 139123585, 858478381, 1887781625, 1805736741, 1827264663, 474482382, 2029572209, 117075333, 270697303, 1488157344, 1072602567, 1522884015, 1641432860, 907277245, 450383361, 1997899283, 621824765, 677171228, 1889667969, 1930359164, 1845104038, 1376696621, 1885101232, 197649490, 62979851, 1694716792, 1283359926, 529871231, 1265239209]"
Decision Tree,Artificial neural network,0.28985412744616001,0.25593027166115212,0.7002831198661336,0.619639126305793,0.7809271134264739,0.2190728865735259,0.38036087369420696,"[1376828152, 1541316946, 990523308, 600075587, 294976744, 1194596873, 144620823, 1160649019, 1286741578, 1789908567, 646876727, 2031326477, 1309352117, 1420399196, 890394338, 1194030569, 357650346, 238474318, 840258736, 487442518, 1026239392, 1006173273, 2046040485, 1109116575, 1984340147, 670690076, 930964573, 38099514, 2080595313, 1486827578, 1992549476, 2146343220, 1140305355, 1786735543, 2115769245, 1069077591, 31535998, 56692567, 898274843, 855588089, 1164551158, 1101774516, 1384178846, 2129556748, 1722792301, 576923284, 139123585, 858478381, 1887781625, 1805736741, 1827264663, 474482382, 2029572209, 117075333, 270697303, 1488157344, 1072602567, 1522884015, 1641432860, 907277245, 450383361, 1997899283, 621824765, 677171228, 1889667969, 1930359164, 1845104038, 1376696621, 1885101232, 197649490, 62979851, 1694716792, 1283359926, 529871231, 1265239209]"
Decision Tree,Bernoulli Naive Bayes,0.32758242652138886,0.30073152619444188,0.716387835169365,0.6145868945868947,0.818188775751835,0.18181122424816487,0.3854131054131055,"[1376828152, 1541316946, 990523308, 600075587, 294976744, 1194596873, 144620823, 1160649019, 1286741578, 1789908567, 646876727, 2031326477, 1309352117, 1420399196, 890394338, 1194030569, 357650346, 238474318, 840258736, 487442518, 1026239392, 1006173273, 2046040485, 1109116575, 1984340147, 670690076, 930964573, 38099514, 2080595313, 1486827578, 1992549476, 2146343220, 1140305355, 1786735543, 2115769245, 1069077591, 31535998, 56692567, 898274843, 855588089, 1164551158, 1101774516, 1384178846, 2129556748, 1722792301, 576923284, 139123585, 858478381, 1887781625, 1805736741, 1827264663, 474482382, 2029572209, 117075333, 270697303, 1488157344, 1072602567, 1522884015, 1641432860, 907277245, 450383361, 1997899283, 621824765, 677171228, 1889667969, 1930359164, 1845104038, 1376696621, 1885101232, 197649490, 62979851, 1694716792, 1283359926, 529871231, 1265239209]"
Decision Tree,Decision Tree,0.25283120079767318,0.226123900994846,0.6715582963012439,0.5590579297245962,0.7840586628778907,0.21594133712210908,0.4409420702754037,"[1376828152, 1541316946, 990523308, 600075587, 294976744, 1194596873, 144620823, 1160649019, 1286741578, 1789908567, 646876727, 2031326477, 1309352117, 1420399196, 890394338, 1194030569, 357650346, 238474318, 840258736, 487442518, 1026239392, 1006173273, 2046040485, 1109116575, 1984340147, 670690076, 930964573, 38099514, 2080595313, 1486827578, 1992549476, 2146343220, 1140305355, 1786735543, 2115769245, 1069077591, 31535998, 56692567, 898274843, 855588089, 1164551158, 1101774516, 1384178846, 2129556748, 1722792301, 576923284, 139123585, 858478381, 1887781625, 1805736741, 1827264663, 474482382, 2029572209, 117075333, 270697303, 1488157344, 1072602567, 1522884015, 1641432860, 907277245, 450383361, 1997899283, 621824765, 677171228, 1889667969, 1930359164, 1845104038, 1376696621, 1885101232, 197649490, 62979851, 1694716792, 1283359926, 529871231, 1265239209]"
Decision Tree,Extreme Learning Machine,0.26615318208392474,0.22771252688303092,0.6891582806496059,0.6262943969610637,0.7520221643381481,0.2479778356618518,0.3737056030389365,"[1376828152, 1541316946, 990523308, 600075587, 294976744, 1194596873, 144620823, 1160649019, 1286741578, 1789908567, 646876727, 2031326477, 1309352117, 1420399196, 890394338, 1194030569, 357650346, 238474318, 840258736, 487442518, 1026239392, 1006173273, 2046040485, 1109116575, 1984340147, 670690076, 930964573, 38099514, 2080595313, 1486827578, 1992549476, 2146343220, 1140305355, 1786735543, 2115769245, 1069077591, 31535998, 56692567, 898274843, 855588089, 1164551158, 1101774516, 1384178846, 2129556748, 1722792301, 576923284, 139123585, 858478381, 1887781625, 1805736741, 1827264663, 474482382, 2029572209, 117075333, 270697303, 1488157344, 1072602567, 1522884015, 1641432860, 907277245, 450383361, 1997899283, 621824765, 677171228, 1889667969, 1930359164, 1845104038, 1376696621, 1885101232, 197649490, 62979851, 1694716792, 1283359926, 529871231, 1265239209]"
Decision Tree,Gaussian Naive Bayes,0.31976164371129379,0.30720619453277026,0.6939890035551258,0.5309021842355175,0.8570758228747335,0.14292417712526634,0.46909781576448223,"[1376828152, 1541316946, 990523308, 600075587, 294976744, 1194596873, 144620823, 1160649019, 1286741578, 1789908567, 646876727, 2031326477, 1309352117, 1420399196, 890394338, 1194030569, 357650346, 238474318, 840258736, 487442518, 1026239392, 1006173273, 2046040485, 1109116575, 1984340147, 670690076, 930964573, 38099514, 2080595313, 1486827578, 1992549476, 2146343220, 1140305355, 1786735543, 2115769245, 1069077591, 31535998, 56692567, 898274843, 855588089, 1164551158, 1101774516, 1384178846, 2129556748, 1722792301, 576923284, 139123585, 858478381, 1887781625, 1805736741, 1827264663, 474482382, 2029572209, 117075333, 270697303, 1488157344, 1072602567, 1522884015, 1641432860, 907277245, 450383361, 1997899283, 621824765, 677171228, 1889667969, 1930359164, 1845104038, 1376696621, 1885101232, 197649490, 62979851, 1694716792, 1283359926, 529871231, 1265239209]"
Decision Tree,Logistic regression,0.28642708605344608,0.25227863888829333,0.6984341623978847,0.6184729344729344,0.7783953903228352,0.2216046096771648,0.38152706552706567,"[1376828152, 1541316946, 990523308, 600075587, 294976744, 1194596873, 144620823, 1160649019, 1286741578, 1789908567, 646876727, 2031326477, 1309352117, 1420399196, 890394338, 1194030569, 357650346, 238474318, 840258736, 487442518, 1026239392, 1006173273, 2046040485, 1109116575, 1984340147, 670690076, 930964573, 38099514, 2080595313, 1486827578, 1992549476, 2146343220, 1140305355, 1786735543, 2115769245, 1069077591, 31535998, 56692567, 898274843, 855588089, 1164551158, 1101774516, 1384178846, 2129556748, 1722792301, 576923284, 139123585, 858478381, 1887781625, 1805736741, 1827264663, 474482382, 2029572209, 117075333, 270697303, 1488157344, 1072602567, 1522884015, 1641432860, 907277245, 450383361, 1997899283, 621824765, 677171228, 1889667969, 1930359164, 1845104038, 1376696621, 1885101232, 197649490, 62979851, 1694716792, 1283359926, 529871231, 1265239209]"
Decision Tree,Random forest,0.28532410964704286,0.25125215993730698,0.6974064316987043,0.6175080721747389,0.7773047912226697,0.22269520877733048,0.3824919278252612,"[1376828152, 1541316946, 990523308, 600075587, 294976744, 1194596873, 144620823, 1160649019, 1286741578, 1789908567, 646876727, 2031326477, 1309352117, 1420399196, 890394338, 1194030569, 357650346, 238474318, 840258736, 487442518, 1026239392, 1006173273, 2046040485, 1109116575, 1984340147, 670690076, 930964573, 38099514, 2080595313, 1486827578, 1992549476, 2146343220, 1140305355, 1786735543, 2115769245, 1069077591, 31535998, 56692567, 898274843, 855588089, 1164551158, 1101774516, 1384178846, 2129556748, 1722792301, 576923284, 139123585, 858478381, 1887781625, 1805736741, 1827264663, 474482382, 2029572209, 117075333, 270697303, 1488157344, 1072602567, 1522884015, 1641432860, 907277245, 450383361, 1997899283, 621824765, 677171228, 1889667969, 1930359164, 1845104038, 1376696621, 1885101232, 197649490, 62979851, 1694716792, 1283359926, 529871231, 1265239209]"
Decision Tree,SVM (RDF),0.27690906124205172,0.24428302704960156,0.6911610972247801,0.6051358024691357,0.7771863919804247,0.22281360801957537,0.3948641975308644,"[1376828152, 1541316946, 990523308, 600075587, 294976744, 1194596873, 144620823, 1160649019, 1286741578, 1789908567, 646876727, 2031326477, 1309352117, 1420399196, 890394338, 1194030569, 357650346, 238474318, 840258736, 487442518, 1026239392, 1006173273, 2046040485, 1109116575, 1984340147, 670690076, 930964573, 38099514, 2080595313, 1486827578, 1992549476, 2146343220, 1140305355, 1786735543, 2115769245, 1069077591, 31535998, 56692567, 898274843, 855588089, 1164551158, 1101774516, 1384178846, 2129556748, 1722792301, 576923284, 139123585, 858478381, 1887781625, 1805736741, 1827264663, 474482382, 2029572209, 117075333, 270697303, 1488157344, 1072602567, 1522884015, 1641432860, 907277245, 450383361, 1997899283, 621824765, 677171228, 1889667969, 1930359164, 1845104038, 1376696621, 1885101232, 197649490, 62979851, 1694716792, 1283359926, 529871231, 1265239209]"
Decision Tree,SVM (linear),0.29340906956363549,0.27229847209938013,0.6907470899085392,0.5593504273504275,0.822143752466651,0.17785624753334905,0.44064957264957266,"[1376828152, 1541316946, 990523308, 600075587, 294976744, 1194596873, 144620823, 1160649019, 1286741578, 1789908567, 646876727, 2031326477, 1309352117, 1420399196, 890394338, 1194030569, 357650346, 238474318, 840258736, 487442518, 1026239392, 1006173273, 2046040485, 1109116575, 1984340147, 670690076, 930964573, 38099514, 2080595313, 1486827578, 1992549476, 2146343220, 1140305355, 1786735543, 2115769245, 1069077591, 31535998, 56692567, 898274843, 855588089, 1164551158, 1101774516, 1384178846, 2129556748, 1722792301, 576923284, 139123585, 858478381, 1887781625, 1805736741, 1827264663, 474482382, 2029572209, 117075333, 270697303, 1488157344, 1072602567, 1522884015, 1641432860, 907277245, 450383361, 1997899283, 621824765, 677171228, 1889667969, 1930359164, 1845104038, 1376696621, 1885101232, 197649490, 62979851, 1694716792, 1283359926, 529871231, 1265239209]"
Decision Tree,SVM (polynomial),0.32667105832681476,0.30904484016484923,0.7057737451423143,0.567513770180437,0.8440337201041914,0.15596627989580866,0.4324862298195631,"[1376828152, 1541316946, 990523308, 600075587, 294976744, 1194596873, 144620823, 1160649019, 1286741578, 1789908567, 646876727, 2031326477, 1309352117, 1420399196, 890394338, 1194030569, 357650346, 238474318, 840258736, 487442518, 1026239392, 1006173273, 2046040485, 1109116575, 1984340147, 670690076, 930964573, 38099514, 2080595313, 1486827578, 1992549476, 2146343220, 1140305355, 1786735543, 2115769245, 1069077591, 31535998, 56692567, 898274843, 855588089, 1164551158, 1101774516, 1384178846, 2129556748, 1722792301, 576923284, 139123585, 858478381, 1887781625, 1805736741, 1827264663, 474482382, 2029572209, 117075333, 270697303, 1488157344, 1072602567, 1522884015, 1641432860, 907277245, 450383361, 1997899283, 621824765, 677171228, 1889667969, 1930359164, 1845104038, 1376696621, 1885101232, 197649490, 62979851, 1694716792, 1283359926, 529871231, 1265239209]"
Random forest,AdaBoost,0.30167295852085591,0.26517049971425827,0.7093610831473014,0.6394643874643877,0.7792577788302156,0.22074222116978456,0.36053561253561245,"[1376828152, 1541316946, 990523308, 600075587, 294976744, 1194596873, 144620823, 1160649019, 1286741578, 1789908567, 646876727, 2031326477, 1309352117, 1420399196, 890394338, 1194030569, 357650346, 238474318, 840258736, 487442518, 1026239392, 1006173273, 2046040485, 1109116575, 1984340147, 670690076, 930964573, 38099514, 2080595313, 1486827578, 1992549476, 2146343220, 1140305355, 1786735543, 2115769245, 1069077591, 31535998, 56692567, 898274843, 855588089, 1164551158, 1101774516, 1384178846, 2129556748, 1722792301, 576923284, 139123585, 858478381, 1887781625, 1805736741, 1827264663, 474482382, 2029572209, 117075333, 270697303, 1488157344, 1072602567, 1522884015, 1641432860, 907277245, 450383361, 1997899283, 621824765, 677171228, 1889667969, 1930359164, 1845104038, 1376696621, 1885101232, 197649490, 62979851, 1694716792, 1283359926, 529871231, 1265239209]"
Random forest,Artificial neural network,0.31113883876773346,0.27437040700429732,0.7152506387150005,0.6472934472934473,0.7832078301365537,0.21679216986344613,0.35270655270655277,"[1376828152, 1541316946, 990523308, 600075587, 294976744, 1194596873, 144620823, 1160649019, 1286741578, 1789908567, 646876727, 2031326477, 1309352117, 1420399196, 890394338, 1194030569, 357650346, 238474318, 840258736, 487442518, 1026239392, 1006173273, 2046040485, 1109116575, 1984340147, 670690076, 930964573, 38099514, 2080595313, 1486827578, 1992549476, 2146343220, 1140305355, 1786735543, 2115769245, 1069077591, 31535998, 56692567, 898274843, 855588089, 1164551158, 1101774516, 1384178846, 2129556748, 1722792301, 576923284, 139123585, 858478381, 1887781625, 1805736741, 1827264663, 474482382, 2029572209, 117075333, 270697303, 1488157344, 1072602567, 1522884015, 1641432860, 907277245, 450383361, 1997899283, 621824765, 677171228, 1889667969, 1930359164, 1845104038, 1376696621, 1885101232, 197649490, 62979851, 1694716792, 1283359926, 529871231, 1265239209]"
Random forest,Bernoulli Naive Bayes,0.31629142078679695,0.29203575565674511,0.7072807275492887,0.5933295346628681,0.8212319204357091,0.17876807956429083,0.4066704653371321,"[1376828152, 1541316946, 990523308, 600075587, 294976744, 1194596873, 144620823, 1160649019, 1286741578, 1789908567, 646876727, 2031326477, 1309352117, 1420399196, 890394338, 1194030569, 357650346, 238474318, 840258736, 487442518, 1026239392, 1006173273, 2046040485, 1109116575, 1984340147, 670690076, 930964573, 38099514, 2080595313, 1486827578, 1992549476, 2146343220, 1140305355, 1786735543, 2115769245, 1069077591, 31535998, 56692567, 898274843, 855588089, 1164551158, 1101774516, 1384178846, 2129556748, 1722792301, 576923284, 139123585, 858478381, 1887781625, 1805736741, 1827264663, 474482382, 2029572209, 117075333, 270697303, 1488157344, 1072602567, 1522884015, 1641432860, 907277245, 450383361, 1997899283, 621824765, 677171228, 1889667969, 1930359164, 1845104038, 1376696621, 1885101232, 197649490, 62979851, 1694716792, 1283359926, 529871231, 1265239209]"
Random forest,Decision Tree,0.27341262228238883,0.24662058702865194,0.6839516556891566,0.5744197530864199,0.7934835582918937,0.20651644170810635,0.4255802469135802,"[1376828152, 1541316946, 990523308, 600075587, 294976744, 1194596873, 144620823, 1160649019, 1286741578, 1789908567, 646876727, 2031326477, 1309352117, 1420399196, 890394338, 1194030569, 357650346, 238474318, 840258736, 487442518, 1026239392, 1006173273, 2046040485, 1109116575, 1984340147, 670690076, 930964573, 38099514, 2080595313, 1486827578, 1992549476, 2146343220, 1140305355, 1786735543, 2115769245, 1069077591, 31535998, 56692567, 898274843, 855588089, 1164551158, 1101774516, 1384178846, 2129556748, 1722792301, 576923284, 139123585, 858478381, 1887781625, 1805736741, 1827264663, 474482382, 2029572209, 117075333, 270697303, 1488157344, 1072602567, 1522884015, 1641432860, 907277245, 450383361, 1997899283, 621824765, 677171228, 1889667969, 1930359164, 1845104038, 1376696621, 1885101232, 197649490, 62979851, 1694716792, 1283359926, 529871231, 1265239209]"
Random forest,Extreme Learning Machine,0.28183409084173433,0.24418083968410675,0.6980620718765483,0.6317568850902187,0.7643672586628777,0.23563274133712211,0.3682431149097815,"[1376828152, 1541316946, 990523308, 600075587, 294976744, 1194596873, 144620823, 1160649019, 1286741578, 1789908567, 646876727, 2031326477, 1309352117, 1420399196, 890394338, 1194030569, 357650346, 238474318, 840258736, 487442518, 1026239392, 1006173273, 2046040485, 1109116575, 1984340147, 670690076, 930964573, 38099514, 2080595313, 1486827578, 1992549476, 2146343220, 1140305355, 1786735543, 2115769245, 1069077591, 31535998, 56692567, 898274843, 855588089, 1164551158, 1101774516, 1384178846, 2129556748, 1722792301, 576923284, 139123585, 858478381, 1887781625, 1805736741, 1827264663, 474482382, 2029572209, 117075333, 270697303, 1488157344, 1072602567, 1522884015, 1641432860, 907277245, 450383361, 1997899283, 621824765, 677171228, 1889667969, 1930359164, 1845104038, 1376696621, 1885101232, 197649490, 62979851, 1694716792, 1283359926, 529871231, 1265239209]"
Random forest,Gaussian Naive Bayes,0.33954994429082758,0.32131845948779658,0.7138570787792351,0.5814624881291547,0.8462516694293157,0.15374833057068435,0.41853751187084515,"[1376828152, 1541316946, 990523308, 600075587, 294976744, 1194596873, 144620823, 1160649019, 1286741578, 1789908567, 646876727, 2031326477, 1309352117, 1420399196, 890394338, 1194030569, 357650346, 238474318, 840258736, 487442518, 1026239392, 1006173273, 2046040485, 1109116575, 1984340147, 670690076, 930964573, 38099514, 2080595313, 1486827578, 1992549476, 2146343220, 1140305355, 1786735543, 2115769245, 1069077591, 31535998, 56692567, 898274843, 855588089, 1164551158, 1101774516, 1384178846, 2129556748, 1722792301, 576923284, 139123585, 858478381, 1887781625, 1805736741, 1827264663, 474482382, 2029572209, 117075333, 270697303, 1488157344, 1072602567, 1522884015, 1641432860, 907277245, 450383361, 1997899283, 621824765, 677171228, 1889667969, 1930359164, 1845104038, 1376696621, 1885101232, 197649490, 62979851, 1694716792, 1283359926, 529871231, 1265239209]"
Random forest,Logistic regression,0.3109906904697825,0.27404391983642656,0.7153424442955735,0.6480379867046533,0.7826469018864942,0.21735309811350537,0.35196201329534654,"[1376828152, 1541316946, 990523308, 600075587, 294976744, 1194596873, 144620823, 1160649019, 1286741578, 1789908567, 646876727, 2031326477, 1309352117, 1420399196, 890394338, 1194030569, 357650346, 238474318, 840258736, 487442518, 1026239392, 1006173273, 2046040485, 1109116575, 1984340147, 670690076, 930964573, 38099514, 2080595313, 1486827578, 1992549476, 2146343220, 1140305355, 1786735543, 2115769245, 1069077591, 31535998, 56692567, 898274843, 855588089, 1164551158, 1101774516, 1384178846, 2129556748, 1722792301, 576923284, 139123585, 858478381, 1887781625, 1805736741, 1827264663, 474482382, 2029572209, 117075333, 270697303, 1488157344, 1072602567, 1522884015, 1641432860, 907277245, 450383361, 1997899283, 621824765, 677171228, 1889667969, 1930359164, 1845104038, 1376696621, 1885101232, 197649490, 62979851, 1694716792, 1283359926, 529871231, 1265239209]"
Random forest,Random forest,0.29514994982858567,0.2598744780611052,0.7043131130815083,0.629432098765432,0.7791941273975849,0.22080587260241533,0.3705679012345679,"[1376828152, 1541316946, 990523308, 600075587, 294976744, 1194596873, 144620823, 1160649019, 1286741578, 1789908567, 646876727, 2031326477, 1309352117, 1420399196, 890394338, 1194030569, 357650346, 238474318, 840258736, 487442518, 1026239392, 1006173273, 2046040485, 1109116575, 1984340147, 670690076, 930964573, 38099514, 2080595313, 1486827578, 1992549476, 2146343220, 1140305355, 1786735543, 2115769245, 1069077591, 31535998, 56692567, 898274843, 855588089, 1164551158, 1101774516, 1384178846, 2129556748, 1722792301, 576923284, 139123585, 858478381, 1887781625, 1805736741, 1827264663, 474482382, 2029572209, 117075333, 270697303, 1488157344, 1072602567, 1522884015, 1641432860, 907277245, 450383361, 1997899283, 621824765, 677171228, 1889667969, 1930359164, 1845104038, 1376696621, 1885101232, 197649490, 62979851, 1694716792, 1283359926, 529871231, 1265239209]"
Random forest,SVM (RDF),0.29659758493840865,0.26036930185011326,0.7057492002260494,0.6347768281101613,0.7767215723419367,0.2232784276580631,0.36522317188983855,"[1376828152, 1541316946, 990523308, 600075587, 294976744, 1194596873, 144620823, 1160649019, 1286741578, 1789908567, 646876727, 2031326477, 1309352117, 1420399196, 890394338, 1194030569, 357650346, 238474318, 840258736, 487442518, 1026239392, 1006173273, 2046040485, 1109116575, 1984340147, 670690076, 930964573, 38099514, 2080595313, 1486827578, 1992549476, 2146343220, 1140305355, 1786735543, 2115769245, 1069077591, 31535998, 56692567, 898274843, 855588089, 1164551158, 1101774516, 1384178846, 2129556748, 1722792301, 576923284, 139123585, 858478381, 1887781625, 1805736741, 1827264663, 474482382, 2029572209, 117075333, 270697303, 1488157344, 1072602567, 1522884015, 1641432860, 907277245, 450383361, 1997899283, 621824765, 677171228, 1889667969, 1930359164, 1845104038, 1376696621, 1885101232, 197649490, 62979851, 1694716792, 1283359926, 529871231, 1265239209]"
Random forest,SVM (linear),0.32427798154130705,0.30307158968196563,0.7086001966799185,0.5843570750237418,0.8328433183360958,0.167156681663904,0.4156429249762583,"[1376828152, 1541316946, 990523308, 600075587, 294976744, 1194596873, 144620823, 1160649019, 1286741578, 1789908567, 646876727, 2031326477, 1309352117, 1420399196, 890394338, 1194030569, 357650346, 238474318, 840258736, 487442518, 1026239392, 1006173273, 2046040485, 1109116575, 1984340147, 670690076, 930964573, 38099514, 2080595313, 1486827578, 1992549476, 2146343220, 1140305355, 1786735543, 2115769245, 1069077591, 31535998, 56692567, 898274843, 855588089, 1164551158, 1101774516, 1384178846, 2129556748, 1722792301, 576923284, 139123585, 858478381, 1887781625, 1805736741, 1827264663, 474482382, 2029572209, 117075333, 270697303, 1488157344, 1072602567, 1522884015, 1641432860, 907277245, 450383361, 1997899283, 621824765, 677171228, 1889667969, 1930359164, 1845104038, 1376696621, 1885101232, 197649490, 62979851, 1694716792, 1283359926, 529871231, 1265239209]"
Random forest,SVM (polynomial),0.329881394963908,0.31144737744008744,0.7085284838442943,0.5743855650522315,0.8426714026363563,0.15732859736364352,0.42561443494776824,"[1376828152, 1541316946, 990523308, 600075587, 294976744, 1194596873, 144620823, 1160649019, 1286741578, 1789908567, 646876727, 2031326477, 1309352117, 1420399196, 890394338, 1194030569, 357650346, 238474318, 840258736, 487442518, 1026239392, 1006173273, 2046040485, 1109116575, 1984340147, 670690076, 930964573, 38099514, 2080595313, 1486827578, 1992549476, 2146343220, 1140305355, 1786735543, 2115769245, 1069077591, 31535998, 56692567, 898274843, 855588089, 1164551158, 1101774516, 1384178846, 2129556748, 1722792301, 576923284, 139123585, 858478381, 1887781625, 1805736741, 1827264663, 474482382, 2029572209, 117075333, 270697303, 1488157344, 1072602567, 1522884015, 1641432860, 907277245, 450383361, 1997899283, 621824765, 677171228, 1889667969, 1930359164, 1845104038, 1376696621, 1885101232, 197649490, 62979851, 1694716792, 1283359926, 529871231, 1265239209]"
