Default time range,Classifier description,Matthews correlation coefficient,Cohen Kappa score,Average true rate,Average true positive rate,Average true negative rate,Average false positive rate,Average false negative rate,initialisation_values
"(0, 30)",AdaBoost,0.34427754381758435,0.34129875921592329,0.6781161448625234,0.49843880650081857,0.8577934832242282,0.14220651677577192,0.5015611934991814,"[169468104, 762760306, 363192952, 1882434301, 450521391, 697815202, 650029168, 1353833038, 1865484769, 1166227900, 461337686, 1430910404, 230871471, 1761891313, 357680657, 1154398934, 1956922857, 1774335574, 1779502725, 1108632375, 1959463521, 816190823, 1668461252, 941116804, 1279452795, 1209740738, 632767087, 1836686147, 1079039028, 1025603057, 1155820120, 123724761, 1460011638, 1060017496, 478926807, 884677656, 45466159, 1494419694, 783605083, 794595428, 1826914088, 325938006, 612011540, 2088941227, 1162797581, 689516967, 66424485, 277968112, 1194732326, 416171083]"
"(0, 60)",AdaBoost,0.31578046481370298,0.31338028420358677,0.6623855345324778,0.46048365163724325,0.8642874174277128,0.13571258257228716,0.5395163483627566,"[169468104, 762760306, 363192952, 1882434301, 450521391, 697815202, 650029168, 1353833038, 1865484769, 1166227900, 461337686, 1430910404, 230871471, 1761891313, 357680657, 1154398934, 1956922857, 1774335574, 1779502725, 1108632375, 1959463521, 816190823, 1668461252, 941116804, 1279452795, 1209740738, 632767087, 1836686147, 1079039028, 1025603057, 1155820120, 123724761, 1460011638, 1060017496, 478926807, 884677656, 45466159, 1494419694, 783605083, 794595428, 1826914088, 325938006, 612011540, 2088941227, 1162797581, 689516967, 66424485, 277968112, 1194732326, 416171083]"
"(0, 100)",AdaBoost,0.25598090814657076,0.24319846379312629,0.6550161243942716,0.5059902084871399,0.804042040301403,0.19595795969859672,0.49400979151286023,"[169468104, 762760306, 363192952, 1882434301, 450521391, 697815202, 650029168, 1353833038, 1865484769, 1166227900, 461337686, 1430910404, 230871471, 1761891313, 357680657, 1154398934, 1956922857, 1774335574, 1779502725, 1108632375, 1959463521, 816190823, 1668461252, 941116804, 1279452795, 1209740738, 632767087, 1836686147, 1079039028, 1025603057, 1155820120, 123724761, 1460011638, 1060017496, 478926807, 884677656, 45466159, 1494419694, 783605083, 794595428, 1826914088, 325938006, 612011540, 2088941227, 1162797581, 689516967, 66424485, 277968112, 1194732326, 416171083]"
"(0, 200)",AdaBoost,0.15681550253700194,0.12289710023235718,0.6328055663389036,0.4864591746170693,0.7791519580607382,0.22084804193926175,0.5135408253829307,"[169468104, 762760306, 363192952, 1882434301, 450521391, 697815202, 650029168, 1353833038, 1865484769, 1166227900, 461337686, 1430910404, 230871471, 1761891313, 357680657, 1154398934, 1956922857, 1774335574, 1779502725, 1108632375, 1959463521, 816190823, 1668461252, 941116804, 1279452795, 1209740738, 632767087, 1836686147, 1079039028, 1025603057, 1155820120, 123724761, 1460011638, 1060017496, 478926807, 884677656, 45466159, 1494419694, 783605083, 794595428, 1826914088, 325938006, 612011540, 2088941227, 1162797581, 689516967, 66424485, 277968112, 1194732326, 416171083]"
"(50, 100)",AdaBoost,0.29621483397889087,0.28071569032144406,0.6772056635338997,0.5747647782720925,0.7796465487957068,0.220353451204293,0.4252352217279076,"[169468104, 762760306, 363192952, 1882434301, 450521391, 697815202, 650029168, 1353833038, 1865484769, 1166227900, 461337686, 1430910404, 230871471, 1761891313, 357680657, 1154398934, 1956922857, 1774335574, 1779502725, 1108632375, 1959463521, 816190823, 1668461252, 941116804, 1279452795, 1209740738, 632767087, 1836686147, 1079039028, 1025603057, 1155820120, 123724761, 1460011638, 1060017496, 478926807, 884677656, 45466159, 1494419694, 783605083, 794595428, 1826914088, 325938006, 612011540, 2088941227, 1162797581, 689516967, 66424485, 277968112, 1194732326, 416171083]"
"(50, 150)",AdaBoost,0.30360949016482519,0.27225451814451751,0.7028287424061616,0.6273520602072873,0.7783054246050355,0.22169457539496434,0.37264793979271277,"[169468104, 762760306, 363192952, 1882434301, 450521391, 697815202, 650029168, 1353833038, 1865484769, 1166227900, 461337686, 1430910404, 230871471, 1761891313, 357680657, 1154398934, 1956922857, 1774335574, 1779502725, 1108632375, 1959463521, 816190823, 1668461252, 941116804, 1279452795, 1209740738, 632767087, 1836686147, 1079039028, 1025603057, 1155820120, 123724761, 1460011638, 1060017496, 478926807, 884677656, 45466159, 1494419694, 783605083, 794595428, 1826914088, 325938006, 612011540, 2088941227, 1162797581, 689516967, 66424485, 277968112, 1194732326, 416171083]"
"(100, 200)",AdaBoost,0.30939337575207793,0.28122017744420413,0.7007844637262984,0.6276296710911266,0.77393925636147,0.2260607436385299,0.37237032890887334,"[169468104, 762760306, 363192952, 1882434301, 450521391, 697815202, 650029168, 1353833038, 1865484769, 1166227900, 461337686, 1430910404, 230871471, 1761891313, 357680657, 1154398934, 1956922857, 1774335574, 1779502725, 1108632375, 1959463521, 816190823, 1668461252, 941116804, 1279452795, 1209740738, 632767087, 1836686147, 1079039028, 1025603057, 1155820120, 123724761, 1460011638, 1060017496, 478926807, 884677656, 45466159, 1494419694, 783605083, 794595428, 1826914088, 325938006, 612011540, 2088941227, 1162797581, 689516967, 66424485, 277968112, 1194732326, 416171083]"
"(200, 1000)",AdaBoost,0.30949488049677748,0.2923871999621187,0.6871170405025488,0.5847929590455366,0.7894411219595611,0.21055887804043874,0.41520704095446365,"[169468104, 762760306, 363192952, 1882434301, 450521391, 697815202, 650029168, 1353833038, 1865484769, 1166227900, 461337686, 1430910404, 230871471, 1761891313, 357680657, 1154398934, 1956922857, 1774335574, 1779502725, 1108632375, 1959463521, 816190823, 1668461252, 941116804, 1279452795, 1209740738, 632767087, 1836686147, 1079039028, 1025603057, 1155820120, 123724761, 1460011638, 1060017496, 478926807, 884677656, 45466159, 1494419694, 783605083, 794595428, 1826914088, 325938006, 612011540, 2088941227, 1162797581, 689516967, 66424485, 277968112, 1194732326, 416171083]"
"(0, 30)",Artificial neural network,0.3386904992812837,0.33699421573463989,0.6776445440427956,0.5001658187923812,0.8551232692932104,0.14487673070678966,0.4998341812076188,"[169468104, 762760306, 363192952, 1882434301, 450521391, 697815202, 650029168, 1353833038, 1865484769, 1166227900, 461337686, 1430910404, 230871471, 1761891313, 357680657, 1154398934, 1956922857, 1774335574, 1779502725, 1108632375, 1959463521, 816190823, 1668461252, 941116804, 1279452795, 1209740738, 632767087, 1836686147, 1079039028, 1025603057, 1155820120, 123724761, 1460011638, 1060017496, 478926807, 884677656, 45466159, 1494419694, 783605083, 794595428, 1826914088, 325938006, 612011540, 2088941227, 1162797581, 689516967, 66424485, 277968112, 1194732326, 416171083]"
"(0, 60)",Artificial neural network,0.32364831510141323,0.32242334186829263,0.6676666757427386,0.4689553341339008,0.8663780173515764,0.1336219826484234,0.5310446658660993,"[169468104, 762760306, 363192952, 1882434301, 450521391, 697815202, 650029168, 1353833038, 1865484769, 1166227900, 461337686, 1430910404, 230871471, 1761891313, 357680657, 1154398934, 1956922857, 1774335574, 1779502725, 1108632375, 1959463521, 816190823, 1668461252, 941116804, 1279452795, 1209740738, 632767087, 1836686147, 1079039028, 1025603057, 1155820120, 123724761, 1460011638, 1060017496, 478926807, 884677656, 45466159, 1494419694, 783605083, 794595428, 1826914088, 325938006, 612011540, 2088941227, 1162797581, 689516967, 66424485, 277968112, 1194732326, 416171083]"
"(0, 100)",Artificial neural network,0.26403145917888199,0.25032682150110924,0.6612880510528886,0.5186641188083623,0.8039119832974151,0.19608801670258486,0.48133588119163767,"[169468104, 762760306, 363192952, 1882434301, 450521391, 697815202, 650029168, 1353833038, 1865484769, 1166227900, 461337686, 1430910404, 230871471, 1761891313, 357680657, 1154398934, 1956922857, 1774335574, 1779502725, 1108632375, 1959463521, 816190823, 1668461252, 941116804, 1279452795, 1209740738, 632767087, 1836686147, 1079039028, 1025603057, 1155820120, 123724761, 1460011638, 1060017496, 478926807, 884677656, 45466159, 1494419694, 783605083, 794595428, 1826914088, 325938006, 612011540, 2088941227, 1162797581, 689516967, 66424485, 277968112, 1194732326, 416171083]"
"(0, 200)",Artificial neural network,0.1438190644554177,0.10991453135657991,0.6243896510136895,0.4848375529954476,0.7639417490319316,0.2360582509680687,0.5151624470045523,"[169468104, 762760306, 363192952, 1882434301, 450521391, 697815202, 650029168, 1353833038, 1865484769, 1166227900, 461337686, 1430910404, 230871471, 1761891313, 357680657, 1154398934, 1956922857, 1774335574, 1779502725, 1108632375, 1959463521, 816190823, 1668461252, 941116804, 1279452795, 1209740738, 632767087, 1836686147, 1079039028, 1025603057, 1155820120, 123724761, 1460011638, 1060017496, 478926807, 884677656, 45466159, 1494419694, 783605083, 794595428, 1826914088, 325938006, 612011540, 2088941227, 1162797581, 689516967, 66424485, 277968112, 1194732326, 416171083]"
"(50, 100)",Artificial neural network,0.31431498000836544,0.2974376545345595,0.6889611242499944,0.5965651948517412,0.7813570536482477,0.21864294635175224,0.40343480514825886,"[169468104, 762760306, 363192952, 1882434301, 450521391, 697815202, 650029168, 1353833038, 1865484769, 1166227900, 461337686, 1430910404, 230871471, 1761891313, 357680657, 1154398934, 1956922857, 1774335574, 1779502725, 1108632375, 1959463521, 816190823, 1668461252, 941116804, 1279452795, 1209740738, 632767087, 1836686147, 1079039028, 1025603057, 1155820120, 123724761, 1460011638, 1060017496, 478926807, 884677656, 45466159, 1494419694, 783605083, 794595428, 1826914088, 325938006, 612011540, 2088941227, 1162797581, 689516967, 66424485, 277968112, 1194732326, 416171083]"
"(50, 150)",Artificial neural network,0.29544260466771394,0.25874961245712358,0.702015218147463,0.6465298527077907,0.7575005835871358,0.2424994164128644,0.3534701472922093,"[169468104, 762760306, 363192952, 1882434301, 450521391, 697815202, 650029168, 1353833038, 1865484769, 1166227900, 461337686, 1430910404, 230871471, 1761891313, 357680657, 1154398934, 1956922857, 1774335574, 1779502725, 1108632375, 1959463521, 816190823, 1668461252, 941116804, 1279452795, 1209740738, 632767087, 1836686147, 1079039028, 1025603057, 1155820120, 123724761, 1460011638, 1060017496, 478926807, 884677656, 45466159, 1494419694, 783605083, 794595428, 1826914088, 325938006, 612011540, 2088941227, 1162797581, 689516967, 66424485, 277968112, 1194732326, 416171083]"
"(100, 200)",Artificial neural network,0.26952291578517618,0.23928320057019878,0.6792141473537202,0.612064278536264,0.7463640161711766,0.2536359838288234,0.38793572146373606,"[169468104, 762760306, 363192952, 1882434301, 450521391, 697815202, 650029168, 1353833038, 1865484769, 1166227900, 461337686, 1430910404, 230871471, 1761891313, 357680657, 1154398934, 1956922857, 1774335574, 1779502725, 1108632375, 1959463521, 816190823, 1668461252, 941116804, 1279452795, 1209740738, 632767087, 1836686147, 1079039028, 1025603057, 1155820120, 123724761, 1460011638, 1060017496, 478926807, 884677656, 45466159, 1494419694, 783605083, 794595428, 1826914088, 325938006, 612011540, 2088941227, 1162797581, 689516967, 66424485, 277968112, 1194732326, 416171083]"
"(200, 1000)",Artificial neural network,0.29733159186321029,0.28242830160961652,0.6791786630947773,0.5665987758731637,0.7917585503163913,0.20824144968360878,0.43340122412683646,"[169468104, 762760306, 363192952, 1882434301, 450521391, 697815202, 650029168, 1353833038, 1865484769, 1166227900, 461337686, 1430910404, 230871471, 1761891313, 357680657, 1154398934, 1956922857, 1774335574, 1779502725, 1108632375, 1959463521, 816190823, 1668461252, 941116804, 1279452795, 1209740738, 632767087, 1836686147, 1079039028, 1025603057, 1155820120, 123724761, 1460011638, 1060017496, 478926807, 884677656, 45466159, 1494419694, 783605083, 794595428, 1826914088, 325938006, 612011540, 2088941227, 1162797581, 689516967, 66424485, 277968112, 1194732326, 416171083]"
"(0, 30)",Bernoulli Naive Bayes,0.37906817188525288,0.37577912666932106,0.7040624980033899,0.558429654074356,0.8496953419324248,0.15030465806757512,0.44157034592564415,"[169468104, 762760306, 363192952, 1882434301, 450521391, 697815202, 650029168, 1353833038, 1865484769, 1166227900, 461337686, 1430910404, 230871471, 1761891313, 357680657, 1154398934, 1956922857, 1774335574, 1779502725, 1108632375, 1959463521, 816190823, 1668461252, 941116804, 1279452795, 1209740738, 632767087, 1836686147, 1079039028, 1025603057, 1155820120, 123724761, 1460011638, 1060017496, 478926807, 884677656, 45466159, 1494419694, 783605083, 794595428, 1826914088, 325938006, 612011540, 2088941227, 1162797581, 689516967, 66424485, 277968112, 1194732326, 416171083]"
"(0, 60)",Bernoulli Naive Bayes,0.35637037788032266,0.35420598501463074,0.6895314703991314,0.5182491871563893,0.8608137536418735,0.13918624635812632,0.4817508128436107,"[169468104, 762760306, 363192952, 1882434301, 450521391, 697815202, 650029168, 1353833038, 1865484769, 1166227900, 461337686, 1430910404, 230871471, 1761891313, 357680657, 1154398934, 1956922857, 1774335574, 1779502725, 1108632375, 1959463521, 816190823, 1668461252, 941116804, 1279452795, 1209740738, 632767087, 1836686147, 1079039028, 1025603057, 1155820120, 123724761, 1460011638, 1060017496, 478926807, 884677656, 45466159, 1494419694, 783605083, 794595428, 1826914088, 325938006, 612011540, 2088941227, 1162797581, 689516967, 66424485, 277968112, 1194732326, 416171083]"
"(0, 100)",Bernoulli Naive Bayes,0.29395132969374055,0.28345386074601475,0.6747349375764711,0.5210415417304595,0.828428333422483,0.1715716665775173,0.47895845826954075,"[169468104, 762760306, 363192952, 1882434301, 450521391, 697815202, 650029168, 1353833038, 1865484769, 1166227900, 461337686, 1430910404, 230871471, 1761891313, 357680657, 1154398934, 1956922857, 1774335574, 1779502725, 1108632375, 1959463521, 816190823, 1668461252, 941116804, 1279452795, 1209740738, 632767087, 1836686147, 1079039028, 1025603057, 1155820120, 123724761, 1460011638, 1060017496, 478926807, 884677656, 45466159, 1494419694, 783605083, 794595428, 1826914088, 325938006, 612011540, 2088941227, 1162797581, 689516967, 66424485, 277968112, 1194732326, 416171083]"
"(0, 200)",Bernoulli Naive Bayes,0.1844018524799996,0.15365186611214982,0.6472861107207968,0.4754901008585217,0.8190821205830718,0.18091787941692808,0.5245098991414783,"[169468104, 762760306, 363192952, 1882434301, 450521391, 697815202, 650029168, 1353833038, 1865484769, 1166227900, 461337686, 1430910404, 230871471, 1761891313, 357680657, 1154398934, 1956922857, 1774335574, 1779502725, 1108632375, 1959463521, 816190823, 1668461252, 941116804, 1279452795, 1209740738, 632767087, 1836686147, 1079039028, 1025603057, 1155820120, 123724761, 1460011638, 1060017496, 478926807, 884677656, 45466159, 1494419694, 783605083, 794595428, 1826914088, 325938006, 612011540, 2088941227, 1162797581, 689516967, 66424485, 277968112, 1194732326, 416171083]"
"(50, 100)",Bernoulli Naive Bayes,0.34766129019064063,0.3366199719260714,0.7015784901435148,0.5860221556305663,0.8171348246564634,0.18286517534353647,0.4139778443694339,"[169468104, 762760306, 363192952, 1882434301, 450521391, 697815202, 650029168, 1353833038, 1865484769, 1166227900, 461337686, 1430910404, 230871471, 1761891313, 357680657, 1154398934, 1956922857, 1774335574, 1779502725, 1108632375, 1959463521, 816190823, 1668461252, 941116804, 1279452795, 1209740738, 632767087, 1836686147, 1079039028, 1025603057, 1155820120, 123724761, 1460011638, 1060017496, 478926807, 884677656, 45466159, 1494419694, 783605083, 794595428, 1826914088, 325938006, 612011540, 2088941227, 1162797581, 689516967, 66424485, 277968112, 1194732326, 416171083]"
"(50, 150)",Bernoulli Naive Bayes,0.31198942452287864,0.28779333297793658,0.7019132099526934,0.5989410610321928,0.8048853588731943,0.19511464112680602,0.401058938967807,"[169468104, 762760306, 363192952, 1882434301, 450521391, 697815202, 650029168, 1353833038, 1865484769, 1166227900, 461337686, 1430910404, 230871471, 1761891313, 357680657, 1154398934, 1956922857, 1774335574, 1779502725, 1108632375, 1959463521, 816190823, 1668461252, 941116804, 1279452795, 1209740738, 632767087, 1836686147, 1079039028, 1025603057, 1155820120, 123724761, 1460011638, 1060017496, 478926807, 884677656, 45466159, 1494419694, 783605083, 794595428, 1826914088, 325938006, 612011540, 2088941227, 1162797581, 689516967, 66424485, 277968112, 1194732326, 416171083]"
"(100, 200)",Bernoulli Naive Bayes,0.3352832055791059,0.30920958953145639,0.7146897729584474,0.6354471820693534,0.7939323638475406,0.20606763615245896,0.36455281793064637,"[169468104, 762760306, 363192952, 1882434301, 450521391, 697815202, 650029168, 1353833038, 1865484769, 1166227900, 461337686, 1430910404, 230871471, 1761891313, 357680657, 1154398934, 1956922857, 1774335574, 1779502725, 1108632375, 1959463521, 816190823, 1668461252, 941116804, 1279452795, 1209740738, 632767087, 1836686147, 1079039028, 1025603057, 1155820120, 123724761, 1460011638, 1060017496, 478926807, 884677656, 45466159, 1494419694, 783605083, 794595428, 1826914088, 325938006, 612011540, 2088941227, 1162797581, 689516967, 66424485, 277968112, 1194732326, 416171083]"
"(200, 1000)",Bernoulli Naive Bayes,0.37294773023776367,0.35410809914291069,0.7250352624467434,0.6437959727693179,0.8062745521241693,0.19372544787583074,0.3562040272306822,"[169468104, 762760306, 363192952, 1882434301, 450521391, 697815202, 650029168, 1353833038, 1865484769, 1166227900, 461337686, 1430910404, 230871471, 1761891313, 357680657, 1154398934, 1956922857, 1774335574, 1779502725, 1108632375, 1959463521, 816190823, 1668461252, 941116804, 1279452795, 1209740738, 632767087, 1836686147, 1079039028, 1025603057, 1155820120, 123724761, 1460011638, 1060017496, 478926807, 884677656, 45466159, 1494419694, 783605083, 794595428, 1826914088, 325938006, 612011540, 2088941227, 1162797581, 689516967, 66424485, 277968112, 1194732326, 416171083]"
"(0, 30)",Decision Tree,0.27094494907471961,0.26235725147151323,0.6420617404180733,0.4774712434148672,0.8066522374212794,0.1933477625787205,0.5225287565851328,"[169468104, 762760306, 363192952, 1882434301, 450521391, 697815202, 650029168, 1353833038, 1865484769, 1166227900, 461337686, 1430910404, 230871471, 1761891313, 357680657, 1154398934, 1956922857, 1774335574, 1779502725, 1108632375, 1959463521, 816190823, 1668461252, 941116804, 1279452795, 1209740738, 632767087, 1836686147, 1079039028, 1025603057, 1155820120, 123724761, 1460011638, 1060017496, 478926807, 884677656, 45466159, 1494419694, 783605083, 794595428, 1826914088, 325938006, 612011540, 2088941227, 1162797581, 689516967, 66424485, 277968112, 1194732326, 416171083]"
"(0, 60)",Decision Tree,0.2580872586036857,0.25100016494467386,0.6355418243126361,0.4461752426228783,0.8249084060023942,0.17509159399760554,0.5538247573771217,"[169468104, 762760306, 363192952, 1882434301, 450521391, 697815202, 650029168, 1353833038, 1865484769, 1166227900, 461337686, 1430910404, 230871471, 1761891313, 357680657, 1154398934, 1956922857, 1774335574, 1779502725, 1108632375, 1959463521, 816190823, 1668461252, 941116804, 1279452795, 1209740738, 632767087, 1836686147, 1079039028, 1025603057, 1155820120, 123724761, 1460011638, 1060017496, 478926807, 884677656, 45466159, 1494419694, 783605083, 794595428, 1826914088, 325938006, 612011540, 2088941227, 1162797581, 689516967, 66424485, 277968112, 1194732326, 416171083]"
"(0, 100)",Decision Tree,0.21486918029290072,0.20150668563426966,0.626635163855015,0.46005264234175514,0.7932176853682749,0.20678231463172486,0.539947357658245,"[169468104, 762760306, 363192952, 1882434301, 450521391, 697815202, 650029168, 1353833038, 1865484769, 1166227900, 461337686, 1430910404, 230871471, 1761891313, 357680657, 1154398934, 1956922857, 1774335574, 1779502725, 1108632375, 1959463521, 816190823, 1668461252, 941116804, 1279452795, 1209740738, 632767087, 1836686147, 1079039028, 1025603057, 1155820120, 123724761, 1460011638, 1060017496, 478926807, 884677656, 45466159, 1494419694, 783605083, 794595428, 1826914088, 325938006, 612011540, 2088941227, 1162797581, 689516967, 66424485, 277968112, 1194732326, 416171083]"
"(0, 200)",Decision Tree,0.12531279769735881,0.09723948917221531,0.6049427647317702,0.46213102055207317,0.7477545089114668,0.2522454910885333,0.5378689794479269,"[169468104, 762760306, 363192952, 1882434301, 450521391, 697815202, 650029168, 1353833038, 1865484769, 1166227900, 461337686, 1430910404, 230871471, 1761891313, 357680657, 1154398934, 1956922857, 1774335574, 1779502725, 1108632375, 1959463521, 816190823, 1668461252, 941116804, 1279452795, 1209740738, 632767087, 1836686147, 1079039028, 1025603057, 1155820120, 123724761, 1460011638, 1060017496, 478926807, 884677656, 45466159, 1494419694, 783605083, 794595428, 1826914088, 325938006, 612011540, 2088941227, 1162797581, 689516967, 66424485, 277968112, 1194732326, 416171083]"
"(50, 100)",Decision Tree,0.24312865297736977,0.22699945946286676,0.6409514828083798,0.5254184516226207,0.756484513994139,0.24351548600586106,0.4745815483773792,"[169468104, 762760306, 363192952, 1882434301, 450521391, 697815202, 650029168, 1353833038, 1865484769, 1166227900, 461337686, 1430910404, 230871471, 1761891313, 357680657, 1154398934, 1956922857, 1774335574, 1779502725, 1108632375, 1959463521, 816190823, 1668461252, 941116804, 1279452795, 1209740738, 632767087, 1836686147, 1079039028, 1025603057, 1155820120, 123724761, 1460011638, 1060017496, 478926807, 884677656, 45466159, 1494419694, 783605083, 794595428, 1826914088, 325938006, 612011540, 2088941227, 1162797581, 689516967, 66424485, 277968112, 1194732326, 416171083]"
"(50, 150)",Decision Tree,0.22096686803617061,0.19780401860755198,0.6438141264981232,0.5357694068257155,0.7518588461705309,0.24814115382946905,0.46423059317428456,"[169468104, 762760306, 363192952, 1882434301, 450521391, 697815202, 650029168, 1353833038, 1865484769, 1166227900, 461337686, 1430910404, 230871471, 1761891313, 357680657, 1154398934, 1956922857, 1774335574, 1779502725, 1108632375, 1959463521, 816190823, 1668461252, 941116804, 1279452795, 1209740738, 632767087, 1836686147, 1079039028, 1025603057, 1155820120, 123724761, 1460011638, 1060017496, 478926807, 884677656, 45466159, 1494419694, 783605083, 794595428, 1826914088, 325938006, 612011540, 2088941227, 1162797581, 689516967, 66424485, 277968112, 1194732326, 416171083]"
"(100, 200)",Decision Tree,0.23859835226575996,0.21127692148238822,0.6564206408707769,0.5841128740021384,0.728728407739416,0.2712715922605841,0.41588712599786176,"[169468104, 762760306, 363192952, 1882434301, 450521391, 697815202, 650029168, 1353833038, 1865484769, 1166227900, 461337686, 1430910404, 230871471, 1761891313, 357680657, 1154398934, 1956922857, 1774335574, 1779502725, 1108632375, 1959463521, 816190823, 1668461252, 941116804, 1279452795, 1209740738, 632767087, 1836686147, 1079039028, 1025603057, 1155820120, 123724761, 1460011638, 1060017496, 478926807, 884677656, 45466159, 1494419694, 783605083, 794595428, 1826914088, 325938006, 612011540, 2088941227, 1162797581, 689516967, 66424485, 277968112, 1194732326, 416171083]"
"(200, 1000)",Decision Tree,0.22095515884651484,0.2098809069912006,0.6258539399582382,0.47809715986478424,0.773610720051692,0.22638927994830815,0.5219028401352158,"[169468104, 762760306, 363192952, 1882434301, 450521391, 697815202, 650029168, 1353833038, 1865484769, 1166227900, 461337686, 1430910404, 230871471, 1761891313, 357680657, 1154398934, 1956922857, 1774335574, 1779502725, 1108632375, 1959463521, 816190823, 1668461252, 941116804, 1279452795, 1209740738, 632767087, 1836686147, 1079039028, 1025603057, 1155820120, 123724761, 1460011638, 1060017496, 478926807, 884677656, 45466159, 1494419694, 783605083, 794595428, 1826914088, 325938006, 612011540, 2088941227, 1162797581, 689516967, 66424485, 277968112, 1194732326, 416171083]"
"(0, 30)",Extreme Learning Machine,0.18694767490667219,0.17470707539299413,0.6098883222906148,0.5051248754268307,0.7146517691543989,0.28534823084560107,0.4948751245731694,"[169468104, 762760306, 363192952, 1882434301, 450521391, 697815202, 650029168, 1353833038, 1865484769, 1166227900, 461337686, 1430910404, 230871471, 1761891313, 357680657, 1154398934, 1956922857, 1774335574, 1779502725, 1108632375, 1959463521, 816190823, 1668461252, 941116804, 1279452795, 1209740738, 632767087, 1836686147, 1079039028, 1025603057, 1155820120, 123724761, 1460011638, 1060017496, 478926807, 884677656, 45466159, 1494419694, 783605083, 794595428, 1826914088, 325938006, 612011540, 2088941227, 1162797581, 689516967, 66424485, 277968112, 1194732326, 416171083]"
"(0, 60)",Extreme Learning Machine,0.23834177468752746,0.22775561308520498,0.6377206794578261,0.5044027071363106,0.7710386517793417,0.22896134822065833,0.49559729286368936,"[169468104, 762760306, 363192952, 1882434301, 450521391, 697815202, 650029168, 1353833038, 1865484769, 1166227900, 461337686, 1430910404, 230871471, 1761891313, 357680657, 1154398934, 1956922857, 1774335574, 1779502725, 1108632375, 1959463521, 816190823, 1668461252, 941116804, 1279452795, 1209740738, 632767087, 1836686147, 1079039028, 1025603057, 1155820120, 123724761, 1460011638, 1060017496, 478926807, 884677656, 45466159, 1494419694, 783605083, 794595428, 1826914088, 325938006, 612011540, 2088941227, 1162797581, 689516967, 66424485, 277968112, 1194732326, 416171083]"
"(0, 100)",Extreme Learning Machine,0.22010145798961189,0.20144174314068711,0.6406016484458248,0.5227401366938985,0.7584631601977514,0.2415368398022487,0.4772598633061015,"[169468104, 762760306, 363192952, 1882434301, 450521391, 697815202, 650029168, 1353833038, 1865484769, 1166227900, 461337686, 1430910404, 230871471, 1761891313, 357680657, 1154398934, 1956922857, 1774335574, 1779502725, 1108632375, 1959463521, 816190823, 1668461252, 941116804, 1279452795, 1209740738, 632767087, 1836686147, 1079039028, 1025603057, 1155820120, 123724761, 1460011638, 1060017496, 478926807, 884677656, 45466159, 1494419694, 783605083, 794595428, 1826914088, 325938006, 612011540, 2088941227, 1162797581, 689516967, 66424485, 277968112, 1194732326, 416171083]"
"(0, 200)",Extreme Learning Machine,0.14562788479406352,0.11172853139663901,0.62527442508455,0.48729172029172013,0.7632571298773795,0.23674287012262055,0.5127082797082799,"[169468104, 762760306, 363192952, 1882434301, 450521391, 697815202, 650029168, 1353833038, 1865484769, 1166227900, 461337686, 1430910404, 230871471, 1761891313, 357680657, 1154398934, 1956922857, 1774335574, 1779502725, 1108632375, 1959463521, 816190823, 1668461252, 941116804, 1279452795, 1209740738, 632767087, 1836686147, 1079039028, 1025603057, 1155820120, 123724761, 1460011638, 1060017496, 478926807, 884677656, 45466159, 1494419694, 783605083, 794595428, 1826914088, 325938006, 612011540, 2088941227, 1162797581, 689516967, 66424485, 277968112, 1194732326, 416171083]"
"(50, 100)",Extreme Learning Machine,0.22274188775859835,0.19780571432808561,0.6414577774277204,0.589774510383868,0.6931410444715724,0.30685895552842746,0.4102254896161321,"[169468104, 762760306, 363192952, 1882434301, 450521391, 697815202, 650029168, 1353833038, 1865484769, 1166227900, 461337686, 1430910404, 230871471, 1761891313, 357680657, 1154398934, 1956922857, 1774335574, 1779502725, 1108632375, 1959463521, 816190823, 1668461252, 941116804, 1279452795, 1209740738, 632767087, 1836686147, 1079039028, 1025603057, 1155820120, 123724761, 1460011638, 1060017496, 478926807, 884677656, 45466159, 1494419694, 783605083, 794595428, 1826914088, 325938006, 612011540, 2088941227, 1162797581, 689516967, 66424485, 277968112, 1194732326, 416171083]"
"(50, 150)",Extreme Learning Machine,0.23990848688792113,0.20287374984166792,0.6683012430830371,0.6180359464006184,0.7185665397654566,0.2814334602345436,0.38196405359938146,"[169468104, 762760306, 363192952, 1882434301, 450521391, 697815202, 650029168, 1353833038, 1865484769, 1166227900, 461337686, 1430910404, 230871471, 1761891313, 357680657, 1154398934, 1956922857, 1774335574, 1779502725, 1108632375, 1959463521, 816190823, 1668461252, 941116804, 1279452795, 1209740738, 632767087, 1836686147, 1079039028, 1025603057, 1155820120, 123724761, 1460011638, 1060017496, 478926807, 884677656, 45466159, 1494419694, 783605083, 794595428, 1826914088, 325938006, 612011540, 2088941227, 1162797581, 689516967, 66424485, 277968112, 1194732326, 416171083]"
"(100, 200)",Extreme Learning Machine,0.23587062623001384,0.20215754931520347,0.660849367760892,0.6115809818186154,0.7101177537031689,0.2898822462968312,0.3884190181813848,"[169468104, 762760306, 363192952, 1882434301, 450521391, 697815202, 650029168, 1353833038, 1865484769, 1166227900, 461337686, 1430910404, 230871471, 1761891313, 357680657, 1154398934, 1956922857, 1774335574, 1779502725, 1108632375, 1959463521, 816190823, 1668461252, 941116804, 1279452795, 1209740738, 632767087, 1836686147, 1079039028, 1025603057, 1155820120, 123724761, 1460011638, 1060017496, 478926807, 884677656, 45466159, 1494419694, 783605083, 794595428, 1826914088, 325938006, 612011540, 2088941227, 1162797581, 689516967, 66424485, 277968112, 1194732326, 416171083]"
"(200, 1000)",Extreme Learning Machine,0.1900043824806612,0.16955566869369806,0.62073177762167,0.5344669361570571,0.7069966190862829,0.2930033809137171,0.4655330638429428,"[169468104, 762760306, 363192952, 1882434301, 450521391, 697815202, 650029168, 1353833038, 1865484769, 1166227900, 461337686, 1430910404, 230871471, 1761891313, 357680657, 1154398934, 1956922857, 1774335574, 1779502725, 1108632375, 1959463521, 816190823, 1668461252, 941116804, 1279452795, 1209740738, 632767087, 1836686147, 1079039028, 1025603057, 1155820120, 123724761, 1460011638, 1060017496, 478926807, 884677656, 45466159, 1494419694, 783605083, 794595428, 1826914088, 325938006, 612011540, 2088941227, 1162797581, 689516967, 66424485, 277968112, 1194732326, 416171083]"
"(0, 30)",Gaussian Naive Bayes,0.099986794085725486,0.046464470490158068,0.5524185468726288,0.9270813657994077,0.17775572794584962,0.8222442720541503,0.07291863420059225,"[169468104, 762760306, 363192952, 1882434301, 450521391, 697815202, 650029168, 1353833038, 1865484769, 1166227900, 461337686, 1430910404, 230871471, 1761891313, 357680657, 1154398934, 1956922857, 1774335574, 1779502725, 1108632375, 1959463521, 816190823, 1668461252, 941116804, 1279452795, 1209740738, 632767087, 1836686147, 1079039028, 1025603057, 1155820120, 123724761, 1460011638, 1060017496, 478926807, 884677656, 45466159, 1494419694, 783605083, 794595428, 1826914088, 325938006, 612011540, 2088941227, 1162797581, 689516967, 66424485, 277968112, 1194732326, 416171083]"
"(0, 60)",Gaussian Naive Bayes,0.11604104662259289,0.056387535720660444,0.5657778040806604,0.9222640517426254,0.20929155641869548,0.7907084435813044,0.07773594825737468,"[169468104, 762760306, 363192952, 1882434301, 450521391, 697815202, 650029168, 1353833038, 1865484769, 1166227900, 461337686, 1430910404, 230871471, 1761891313, 357680657, 1154398934, 1956922857, 1774335574, 1779502725, 1108632375, 1959463521, 816190823, 1668461252, 941116804, 1279452795, 1209740738, 632767087, 1836686147, 1079039028, 1025603057, 1155820120, 123724761, 1460011638, 1060017496, 478926807, 884677656, 45466159, 1494419694, 783605083, 794595428, 1826914088, 325938006, 612011540, 2088941227, 1162797581, 689516967, 66424485, 277968112, 1194732326, 416171083]"
"(0, 100)",Gaussian Naive Bayes,-0.03357925800514365,-0.0098449688141948304,0.4842375392849614,0.8993554785069939,0.06911960006292865,0.9308803999370712,0.10064452149300601,"[169468104, 762760306, 363192952, 1882434301, 450521391, 697815202, 650029168, 1353833038, 1865484769, 1166227900, 461337686, 1430910404, 230871471, 1761891313, 357680657, 1154398934, 1956922857, 1774335574, 1779502725, 1108632375, 1959463521, 816190823, 1668461252, 941116804, 1279452795, 1209740738, 632767087, 1836686147, 1079039028, 1025603057, 1155820120, 123724761, 1460011638, 1060017496, 478926807, 884677656, 45466159, 1494419694, 783605083, 794595428, 1826914088, 325938006, 612011540, 2088941227, 1162797581, 689516967, 66424485, 277968112, 1194732326, 416171083]"
"(0, 200)",Gaussian Naive Bayes,-0.027201620008339561,-0.0055797055711837729,0.4814284020968577,0.9067362498415129,0.05612055435220273,0.9438794456477975,0.093263750158487,"[169468104, 762760306, 363192952, 1882434301, 450521391, 697815202, 650029168, 1353833038, 1865484769, 1166227900, 461337686, 1430910404, 230871471, 1761891313, 357680657, 1154398934, 1956922857, 1774335574, 1779502725, 1108632375, 1959463521, 816190823, 1668461252, 941116804, 1279452795, 1209740738, 632767087, 1836686147, 1079039028, 1025603057, 1155820120, 123724761, 1460011638, 1060017496, 478926807, 884677656, 45466159, 1494419694, 783605083, 794595428, 1826914088, 325938006, 612011540, 2088941227, 1162797581, 689516967, 66424485, 277968112, 1194732326, 416171083]"
"(50, 100)",Gaussian Naive Bayes,0.029924587698131021,0.0045056186742456397,0.5067578804331092,0.9486743096043493,0.06484145126186888,0.9351585487381313,0.0513256903956504,"[169468104, 762760306, 363192952, 1882434301, 450521391, 697815202, 650029168, 1353833038, 1865484769, 1166227900, 461337686, 1430910404, 230871471, 1761891313, 357680657, 1154398934, 1956922857, 1774335574, 1779502725, 1108632375, 1959463521, 816190823, 1668461252, 941116804, 1279452795, 1209740738, 632767087, 1836686147, 1079039028, 1025603057, 1155820120, 123724761, 1460011638, 1060017496, 478926807, 884677656, 45466159, 1494419694, 783605083, 794595428, 1826914088, 325938006, 612011540, 2088941227, 1162797581, 689516967, 66424485, 277968112, 1194732326, 416171083]"
"(50, 150)",Gaussian Naive Bayes,0.04042391414608125,0.0069407073551523155,0.5133390427601079,0.9520686527190493,0.07460943280116637,0.9253905671988335,0.04793134728095075,"[169468104, 762760306, 363192952, 1882434301, 450521391, 697815202, 650029168, 1353833038, 1865484769, 1166227900, 461337686, 1430910404, 230871471, 1761891313, 357680657, 1154398934, 1956922857, 1774335574, 1779502725, 1108632375, 1959463521, 816190823, 1668461252, 941116804, 1279452795, 1209740738, 632767087, 1836686147, 1079039028, 1025603057, 1155820120, 123724761, 1460011638, 1060017496, 478926807, 884677656, 45466159, 1494419694, 783605083, 794595428, 1826914088, 325938006, 612011540, 2088941227, 1162797581, 689516967, 66424485, 277968112, 1194732326, 416171083]"
"(100, 200)",Gaussian Naive Bayes,0.073497130859116078,0.019403111558434681,0.5322595789624793,0.9539860770997268,0.11053308082523178,0.8894669191747682,0.046013922900273195,"[169468104, 762760306, 363192952, 1882434301, 450521391, 697815202, 650029168, 1353833038, 1865484769, 1166227900, 461337686, 1430910404, 230871471, 1761891313, 357680657, 1154398934, 1956922857, 1774335574, 1779502725, 1108632375, 1959463521, 816190823, 1668461252, 941116804, 1279452795, 1209740738, 632767087, 1836686147, 1079039028, 1025603057, 1155820120, 123724761, 1460011638, 1060017496, 478926807, 884677656, 45466159, 1494419694, 783605083, 794595428, 1826914088, 325938006, 612011540, 2088941227, 1162797581, 689516967, 66424485, 277968112, 1194732326, 416171083]"
"(200, 1000)",Gaussian Naive Bayes,0.081899782957631048,0.01463205298610047,0.52228809798423,0.9954587876338323,0.04911740833462771,0.9508825916653723,0.004541212366167796,"[169468104, 762760306, 363192952, 1882434301, 450521391, 697815202, 650029168, 1353833038, 1865484769, 1166227900, 461337686, 1430910404, 230871471, 1761891313, 357680657, 1154398934, 1956922857, 1774335574, 1779502725, 1108632375, 1959463521, 816190823, 1668461252, 941116804, 1279452795, 1209740738, 632767087, 1836686147, 1079039028, 1025603057, 1155820120, 123724761, 1460011638, 1060017496, 478926807, 884677656, 45466159, 1494419694, 783605083, 794595428, 1826914088, 325938006, 612011540, 2088941227, 1162797581, 689516967, 66424485, 277968112, 1194732326, 416171083]"
"(0, 30)",Logistic regression,0.32432647508867951,0.32242300460954809,0.6708251903922648,0.49091574524272885,0.8507346355418004,0.1492653644581995,0.5090842547572711,"[169468104, 762760306, 363192952, 1882434301, 450521391, 697815202, 650029168, 1353833038, 1865484769, 1166227900, 461337686, 1430910404, 230871471, 1761891313, 357680657, 1154398934, 1956922857, 1774335574, 1779502725, 1108632375, 1959463521, 816190823, 1668461252, 941116804, 1279452795, 1209740738, 632767087, 1836686147, 1079039028, 1025603057, 1155820120, 123724761, 1460011638, 1060017496, 478926807, 884677656, 45466159, 1494419694, 783605083, 794595428, 1826914088, 325938006, 612011540, 2088941227, 1162797581, 689516967, 66424485, 277968112, 1194732326, 416171083]"
"(0, 60)",Logistic regression,0.30900956217249409,0.3077929610567296,0.6610696240896878,0.46047025812784637,0.8616689900515289,0.13833100994847108,0.5395297418721536,"[169468104, 762760306, 363192952, 1882434301, 450521391, 697815202, 650029168, 1353833038, 1865484769, 1166227900, 461337686, 1430910404, 230871471, 1761891313, 357680657, 1154398934, 1956922857, 1774335574, 1779502725, 1108632375, 1959463521, 816190823, 1668461252, 941116804, 1279452795, 1209740738, 632767087, 1836686147, 1079039028, 1025603057, 1155820120, 123724761, 1460011638, 1060017496, 478926807, 884677656, 45466159, 1494419694, 783605083, 794595428, 1826914088, 325938006, 612011540, 2088941227, 1162797581, 689516967, 66424485, 277968112, 1194732326, 416171083]"
"(0, 100)",Logistic regression,0.25178218643991473,0.23719037120693517,0.6557085785958792,0.515713196562574,0.7957039606291846,0.20429603937081547,0.48428680343742614,"[169468104, 762760306, 363192952, 1882434301, 450521391, 697815202, 650029168, 1353833038, 1865484769, 1166227900, 461337686, 1430910404, 230871471, 1761891313, 357680657, 1154398934, 1956922857, 1774335574, 1779502725, 1108632375, 1959463521, 816190823, 1668461252, 941116804, 1279452795, 1209740738, 632767087, 1836686147, 1079039028, 1025603057, 1155820120, 123724761, 1460011638, 1060017496, 478926807, 884677656, 45466159, 1494419694, 783605083, 794595428, 1826914088, 325938006, 612011540, 2088941227, 1162797581, 689516967, 66424485, 277968112, 1194732326, 416171083]"
"(0, 200)",Logistic regression,0.14148481318163841,0.10782365449066354,0.6227017490680108,0.4821902295586505,0.7632132685773714,0.2367867314226285,0.5178097704413495,"[169468104, 762760306, 363192952, 1882434301, 450521391, 697815202, 650029168, 1353833038, 1865484769, 1166227900, 461337686, 1430910404, 230871471, 1761891313, 357680657, 1154398934, 1956922857, 1774335574, 1779502725, 1108632375, 1959463521, 816190823, 1668461252, 941116804, 1279452795, 1209740738, 632767087, 1836686147, 1079039028, 1025603057, 1155820120, 123724761, 1460011638, 1060017496, 478926807, 884677656, 45466159, 1494419694, 783605083, 794595428, 1826914088, 325938006, 612011540, 2088941227, 1162797581, 689516967, 66424485, 277968112, 1194732326, 416171083]"
"(50, 100)",Logistic regression,0.30836008919963243,0.29070565022873818,0.6864372648575895,0.596282658610217,0.7765918711049623,0.22340812889503767,0.4037173413897832,"[169468104, 762760306, 363192952, 1882434301, 450521391, 697815202, 650029168, 1353833038, 1865484769, 1166227900, 461337686, 1430910404, 230871471, 1761891313, 357680657, 1154398934, 1956922857, 1774335574, 1779502725, 1108632375, 1959463521, 816190823, 1668461252, 941116804, 1279452795, 1209740738, 632767087, 1836686147, 1079039028, 1025603057, 1155820120, 123724761, 1460011638, 1060017496, 478926807, 884677656, 45466159, 1494419694, 783605083, 794595428, 1826914088, 325938006, 612011540, 2088941227, 1162797581, 689516967, 66424485, 277968112, 1194732326, 416171083]"
"(50, 150)",Logistic regression,0.28810796882249573,0.24996871684979444,0.6988739587551913,0.6480844272534972,0.7496634902568857,0.25033650974311444,0.3519155727465028,"[169468104, 762760306, 363192952, 1882434301, 450521391, 697815202, 650029168, 1353833038, 1865484769, 1166227900, 461337686, 1430910404, 230871471, 1761891313, 357680657, 1154398934, 1956922857, 1774335574, 1779502725, 1108632375, 1959463521, 816190823, 1668461252, 941116804, 1279452795, 1209740738, 632767087, 1836686147, 1079039028, 1025603057, 1155820120, 123724761, 1460011638, 1060017496, 478926807, 884677656, 45466159, 1494419694, 783605083, 794595428, 1826914088, 325938006, 612011540, 2088941227, 1162797581, 689516967, 66424485, 277968112, 1194732326, 416171083]"
"(100, 200)",Logistic regression,0.25766895184619665,0.22865891527283191,0.6714849101241421,0.5988431752561932,0.7441266449920915,0.2558733550079086,0.40115682474380676,"[169468104, 762760306, 363192952, 1882434301, 450521391, 697815202, 650029168, 1353833038, 1865484769, 1166227900, 461337686, 1430910404, 230871471, 1761891313, 357680657, 1154398934, 1956922857, 1774335574, 1779502725, 1108632375, 1959463521, 816190823, 1668461252, 941116804, 1279452795, 1209740738, 632767087, 1836686147, 1079039028, 1025603057, 1155820120, 123724761, 1460011638, 1060017496, 478926807, 884677656, 45466159, 1494419694, 783605083, 794595428, 1826914088, 325938006, 612011540, 2088941227, 1162797581, 689516967, 66424485, 277968112, 1194732326, 416171083]"
"(200, 1000)",Logistic regression,0.28653268973979701,0.27324502626765729,0.6716386742542452,0.5489577928369592,0.7943195556715311,0.205680444328469,0.4510422071630408,"[169468104, 762760306, 363192952, 1882434301, 450521391, 697815202, 650029168, 1353833038, 1865484769, 1166227900, 461337686, 1430910404, 230871471, 1761891313, 357680657, 1154398934, 1956922857, 1774335574, 1779502725, 1108632375, 1959463521, 816190823, 1668461252, 941116804, 1279452795, 1209740738, 632767087, 1836686147, 1079039028, 1025603057, 1155820120, 123724761, 1460011638, 1060017496, 478926807, 884677656, 45466159, 1494419694, 783605083, 794595428, 1826914088, 325938006, 612011540, 2088941227, 1162797581, 689516967, 66424485, 277968112, 1194732326, 416171083]"
"(0, 30)",Random forest,0.2883177495438885,0.2782640808363932,0.6614751593309953,0.5350113997188374,0.7879389189431529,0.21206108105684682,0.46498860028116257,"[169468104, 762760306, 363192952, 1882434301, 450521391, 697815202, 650029168, 1353833038, 1865484769, 1166227900, 461337686, 1430910404, 230871471, 1761891313, 357680657, 1154398934, 1956922857, 1774335574, 1779502725, 1108632375, 1959463521, 816190823, 1668461252, 941116804, 1279452795, 1209740738, 632767087, 1836686147, 1079039028, 1025603057, 1155820120, 123724761, 1460011638, 1060017496, 478926807, 884677656, 45466159, 1494419694, 783605083, 794595428, 1826914088, 325938006, 612011540, 2088941227, 1162797581, 689516967, 66424485, 277968112, 1194732326, 416171083]"
"(0, 60)",Random forest,0.27824594905627342,0.27042123076490127,0.6544336499483514,0.5004885011125743,0.8083787987841284,0.19162120121587145,0.49951149888742563,"[169468104, 762760306, 363192952, 1882434301, 450521391, 697815202, 650029168, 1353833038, 1865484769, 1166227900, 461337686, 1430910404, 230871471, 1761891313, 357680657, 1154398934, 1956922857, 1774335574, 1779502725, 1108632375, 1959463521, 816190823, 1668461252, 941116804, 1279452795, 1209740738, 632767087, 1836686147, 1079039028, 1025603057, 1155820120, 123724761, 1460011638, 1060017496, 478926807, 884677656, 45466159, 1494419694, 783605083, 794595428, 1826914088, 325938006, 612011540, 2088941227, 1162797581, 689516967, 66424485, 277968112, 1194732326, 416171083]"
"(0, 100)",Random forest,0.24306980658387189,0.22631345314431706,0.6517799348447021,0.5229973939547317,0.7805624757346724,0.2194375242653275,0.47700260604526834,"[169468104, 762760306, 363192952, 1882434301, 450521391, 697815202, 650029168, 1353833038, 1865484769, 1166227900, 461337686, 1430910404, 230871471, 1761891313, 357680657, 1154398934, 1956922857, 1774335574, 1779502725, 1108632375, 1959463521, 816190823, 1668461252, 941116804, 1279452795, 1209740738, 632767087, 1836686147, 1079039028, 1025603057, 1155820120, 123724761, 1460011638, 1060017496, 478926807, 884677656, 45466159, 1494419694, 783605083, 794595428, 1826914088, 325938006, 612011540, 2088941227, 1162797581, 689516967, 66424485, 277968112, 1194732326, 416171083]"
"(0, 200)",Random forest,0.15161989971389261,0.11910251519743305,0.6277793885549109,0.4803786875365823,0.7751800895732395,0.2248199104267605,0.5196213124634176,"[169468104, 762760306, 363192952, 1882434301, 450521391, 697815202, 650029168, 1353833038, 1865484769, 1166227900, 461337686, 1430910404, 230871471, 1761891313, 357680657, 1154398934, 1956922857, 1774335574, 1779502725, 1108632375, 1959463521, 816190823, 1668461252, 941116804, 1279452795, 1209740738, 632767087, 1836686147, 1079039028, 1025603057, 1155820120, 123724761, 1460011638, 1060017496, 478926807, 884677656, 45466159, 1494419694, 783605083, 794595428, 1826914088, 325938006, 612011540, 2088941227, 1162797581, 689516967, 66424485, 277968112, 1194732326, 416171083]"
"(50, 100)",Random forest,0.25388448024062288,0.22732476698012782,0.6599333185624287,0.6108774538749461,0.7089891832499113,0.29101081675008883,0.389122546125054,"[169468104, 762760306, 363192952, 1882434301, 450521391, 697815202, 650029168, 1353833038, 1865484769, 1166227900, 461337686, 1430910404, 230871471, 1761891313, 357680657, 1154398934, 1956922857, 1774335574, 1779502725, 1108632375, 1959463521, 816190823, 1668461252, 941116804, 1279452795, 1209740738, 632767087, 1836686147, 1079039028, 1025603057, 1155820120, 123724761, 1460011638, 1060017496, 478926807, 884677656, 45466159, 1494419694, 783605083, 794595428, 1826914088, 325938006, 612011540, 2088941227, 1162797581, 689516967, 66424485, 277968112, 1194732326, 416171083]"
"(50, 150)",Random forest,0.24708578903849435,0.21419552763563021,0.6693489256572701,0.6015191897737678,0.7371786615407723,0.26282133845922767,0.3984808102262321,"[169468104, 762760306, 363192952, 1882434301, 450521391, 697815202, 650029168, 1353833038, 1865484769, 1166227900, 461337686, 1430910404, 230871471, 1761891313, 357680657, 1154398934, 1956922857, 1774335574, 1779502725, 1108632375, 1959463521, 816190823, 1668461252, 941116804, 1279452795, 1209740738, 632767087, 1836686147, 1079039028, 1025603057, 1155820120, 123724761, 1460011638, 1060017496, 478926807, 884677656, 45466159, 1494419694, 783605083, 794595428, 1826914088, 325938006, 612011540, 2088941227, 1162797581, 689516967, 66424485, 277968112, 1194732326, 416171083]"
"(100, 200)",Random forest,0.26150825981324866,0.22668526841495698,0.6763276192879363,0.6317907856746381,0.7208644529012347,0.2791355470987655,0.36820921432536197,"[169468104, 762760306, 363192952, 1882434301, 450521391, 697815202, 650029168, 1353833038, 1865484769, 1166227900, 461337686, 1430910404, 230871471, 1761891313, 357680657, 1154398934, 1956922857, 1774335574, 1779502725, 1108632375, 1959463521, 816190823, 1668461252, 941116804, 1279452795, 1209740738, 632767087, 1836686147, 1079039028, 1025603057, 1155820120, 123724761, 1460011638, 1060017496, 478926807, 884677656, 45466159, 1494419694, 783605083, 794595428, 1826914088, 325938006, 612011540, 2088941227, 1162797581, 689516967, 66424485, 277968112, 1194732326, 416171083]"
"(200, 1000)",Random forest,0.2526018666419329,0.23111197354941129,0.6571266560878516,0.5704383983455762,0.743814913830127,0.256185086169873,0.4295616016544239,"[169468104, 762760306, 363192952, 1882434301, 450521391, 697815202, 650029168, 1353833038, 1865484769, 1166227900, 461337686, 1430910404, 230871471, 1761891313, 357680657, 1154398934, 1956922857, 1774335574, 1779502725, 1108632375, 1959463521, 816190823, 1668461252, 941116804, 1279452795, 1209740738, 632767087, 1836686147, 1079039028, 1025603057, 1155820120, 123724761, 1460011638, 1060017496, 478926807, 884677656, 45466159, 1494419694, 783605083, 794595428, 1826914088, 325938006, 612011540, 2088941227, 1162797581, 689516967, 66424485, 277968112, 1194732326, 416171083]"
"(0, 30)",SVM (RDF),0.31829418799696901,0.30970990981462859,0.6737987300346103,0.5415563852831926,0.806041074786028,0.19395892521397204,0.4584436147168073,"[169468104, 762760306, 363192952, 1882434301, 450521391, 697815202, 650029168, 1353833038, 1865484769, 1166227900, 461337686, 1430910404, 230871471, 1761891313, 357680657, 1154398934, 1956922857, 1774335574, 1779502725, 1108632375, 1959463521, 816190823, 1668461252, 941116804, 1279452795, 1209740738, 632767087, 1836686147, 1079039028, 1025603057, 1155820120, 123724761, 1460011638, 1060017496, 478926807, 884677656, 45466159, 1494419694, 783605083, 794595428, 1826914088, 325938006, 612011540, 2088941227, 1162797581, 689516967, 66424485, 277968112, 1194732326, 416171083]"
"(0, 60)",SVM (RDF),0.31282970645999247,0.30796466585896176,0.6653305823694908,0.48761571837195283,0.8430454463670293,0.15695455363297087,0.5123842816280471,"[169468104, 762760306, 363192952, 1882434301, 450521391, 697815202, 650029168, 1353833038, 1865484769, 1166227900, 461337686, 1430910404, 230871471, 1761891313, 357680657, 1154398934, 1956922857, 1774335574, 1779502725, 1108632375, 1959463521, 816190823, 1668461252, 941116804, 1279452795, 1209740738, 632767087, 1836686147, 1079039028, 1025603057, 1155820120, 123724761, 1460011638, 1060017496, 478926807, 884677656, 45466159, 1494419694, 783605083, 794595428, 1826914088, 325938006, 612011540, 2088941227, 1162797581, 689516967, 66424485, 277968112, 1194732326, 416171083]"
"(0, 100)",SVM (RDF),0.24370126778349813,0.22648212839092255,0.6513041805055383,0.5260748951748312,0.7765334658362449,0.2234665341637551,0.4739251048251687,"[169468104, 762760306, 363192952, 1882434301, 450521391, 697815202, 650029168, 1353833038, 1865484769, 1166227900, 461337686, 1430910404, 230871471, 1761891313, 357680657, 1154398934, 1956922857, 1774335574, 1779502725, 1108632375, 1959463521, 816190823, 1668461252, 941116804, 1279452795, 1209740738, 632767087, 1836686147, 1079039028, 1025603057, 1155820120, 123724761, 1460011638, 1060017496, 478926807, 884677656, 45466159, 1494419694, 783605083, 794595428, 1826914088, 325938006, 612011540, 2088941227, 1162797581, 689516967, 66424485, 277968112, 1194732326, 416171083]"
"(0, 200)",SVM (RDF),0.14640895940492205,0.11275987596237158,0.624997282680917,0.49345084297715863,0.7565437223846755,0.2434562776153247,0.5065491570228414,"[169468104, 762760306, 363192952, 1882434301, 450521391, 697815202, 650029168, 1353833038, 1865484769, 1166227900, 461337686, 1430910404, 230871471, 1761891313, 357680657, 1154398934, 1956922857, 1774335574, 1779502725, 1108632375, 1959463521, 816190823, 1668461252, 941116804, 1279452795, 1209740738, 632767087, 1836686147, 1079039028, 1025603057, 1155820120, 123724761, 1460011638, 1060017496, 478926807, 884677656, 45466159, 1494419694, 783605083, 794595428, 1826914088, 325938006, 612011540, 2088941227, 1162797581, 689516967, 66424485, 277968112, 1194732326, 416171083]"
"(50, 100)",SVM (RDF),0.26219773547584108,0.23581445732649484,0.6639892695903543,0.6153032198334715,0.7126753193472375,0.28732468065276284,0.38469678016652864,"[169468104, 762760306, 363192952, 1882434301, 450521391, 697815202, 650029168, 1353833038, 1865484769, 1166227900, 461337686, 1430910404, 230871471, 1761891313, 357680657, 1154398934, 1956922857, 1774335574, 1779502725, 1108632375, 1959463521, 816190823, 1668461252, 941116804, 1279452795, 1209740738, 632767087, 1836686147, 1079039028, 1025603057, 1155820120, 123724761, 1460011638, 1060017496, 478926807, 884677656, 45466159, 1494419694, 783605083, 794595428, 1826914088, 325938006, 612011540, 2088941227, 1162797581, 689516967, 66424485, 277968112, 1194732326, 416171083]"
"(50, 150)",SVM (RDF),0.25071592845011903,0.21520014848582369,0.6730446927091849,0.6159944157567803,0.7300949696615894,0.2699050303384104,0.38400558424321957,"[169468104, 762760306, 363192952, 1882434301, 450521391, 697815202, 650029168, 1353833038, 1865484769, 1166227900, 461337686, 1430910404, 230871471, 1761891313, 357680657, 1154398934, 1956922857, 1774335574, 1779502725, 1108632375, 1959463521, 816190823, 1668461252, 941116804, 1279452795, 1209740738, 632767087, 1836686147, 1079039028, 1025603057, 1155820120, 123724761, 1460011638, 1060017496, 478926807, 884677656, 45466159, 1494419694, 783605083, 794595428, 1826914088, 325938006, 612011540, 2088941227, 1162797581, 689516967, 66424485, 277968112, 1194732326, 416171083]"
"(100, 200)",SVM (RDF),0.26491996511506083,0.23071487356537673,0.6768634320876096,0.6287931592157766,0.7249337049594432,0.2750662950405568,0.3712068407842235,"[169468104, 762760306, 363192952, 1882434301, 450521391, 697815202, 650029168, 1353833038, 1865484769, 1166227900, 461337686, 1430910404, 230871471, 1761891313, 357680657, 1154398934, 1956922857, 1774335574, 1779502725, 1108632375, 1959463521, 816190823, 1668461252, 941116804, 1279452795, 1209740738, 632767087, 1836686147, 1079039028, 1025603057, 1155820120, 123724761, 1460011638, 1060017496, 478926807, 884677656, 45466159, 1494419694, 783605083, 794595428, 1826914088, 325938006, 612011540, 2088941227, 1162797581, 689516967, 66424485, 277968112, 1194732326, 416171083]"
"(200, 1000)",SVM (RDF),0.27301310469534179,0.25593702558052739,0.664009058657555,0.5580783268559895,0.7699397904591205,0.2300602095408794,0.4419216731440106,"[169468104, 762760306, 363192952, 1882434301, 450521391, 697815202, 650029168, 1353833038, 1865484769, 1166227900, 461337686, 1430910404, 230871471, 1761891313, 357680657, 1154398934, 1956922857, 1774335574, 1779502725, 1108632375, 1959463521, 816190823, 1668461252, 941116804, 1279452795, 1209740738, 632767087, 1836686147, 1079039028, 1025603057, 1155820120, 123724761, 1460011638, 1060017496, 478926807, 884677656, 45466159, 1494419694, 783605083, 794595428, 1826914088, 325938006, 612011540, 2088941227, 1162797581, 689516967, 66424485, 277968112, 1194732326, 416171083]"
"(0, 30)",SVM (linear),0.33909473266571266,0.33762722561059427,0.6724593909510415,0.4788538885021222,0.8660648933999604,0.1339351066000394,0.5211461114978778,"[169468104, 762760306, 363192952, 1882434301, 450521391, 697815202, 650029168, 1353833038, 1865484769, 1166227900, 461337686, 1430910404, 230871471, 1761891313, 357680657, 1154398934, 1956922857, 1774335574, 1779502725, 1108632375, 1959463521, 816190823, 1668461252, 941116804, 1279452795, 1209740738, 632767087, 1836686147, 1079039028, 1025603057, 1155820120, 123724761, 1460011638, 1060017496, 478926807, 884677656, 45466159, 1494419694, 783605083, 794595428, 1826914088, 325938006, 612011540, 2088941227, 1162797581, 689516967, 66424485, 277968112, 1194732326, 416171083]"
"(0, 60)",SVM (linear),0.32477423870049971,0.32425549059142261,0.6652848846512097,0.45573093094362105,0.8748388383587983,0.12516116164120134,0.544269069056379,"[169468104, 762760306, 363192952, 1882434301, 450521391, 697815202, 650029168, 1353833038, 1865484769, 1166227900, 461337686, 1430910404, 230871471, 1761891313, 357680657, 1154398934, 1956922857, 1774335574, 1779502725, 1108632375, 1959463521, 816190823, 1668461252, 941116804, 1279452795, 1209740738, 632767087, 1836686147, 1079039028, 1025603057, 1155820120, 123724761, 1460011638, 1060017496, 478926807, 884677656, 45466159, 1494419694, 783605083, 794595428, 1826914088, 325938006, 612011540, 2088941227, 1162797581, 689516967, 66424485, 277968112, 1194732326, 416171083]"
"(0, 100)",SVM (linear),0.26321501095709982,0.25295909509795228,0.6563575229566291,0.49346946536220687,0.8192455805510511,0.180754419448949,0.5065305346377931,"[169468104, 762760306, 363192952, 1882434301, 450521391, 697815202, 650029168, 1353833038, 1865484769, 1166227900, 461337686, 1430910404, 230871471, 1761891313, 357680657, 1154398934, 1956922857, 1774335574, 1779502725, 1108632375, 1959463521, 816190823, 1668461252, 941116804, 1279452795, 1209740738, 632767087, 1836686147, 1079039028, 1025603057, 1155820120, 123724761, 1460011638, 1060017496, 478926807, 884677656, 45466159, 1494419694, 783605083, 794595428, 1826914088, 325938006, 612011540, 2088941227, 1162797581, 689516967, 66424485, 277968112, 1194732326, 416171083]"
"(0, 200)",SVM (linear),0.14245776490104545,0.11124627326758972,0.6203138196607237,0.4810205103889313,0.7596071289325163,0.24039287106748375,0.5189794896110687,"[169468104, 762760306, 363192952, 1882434301, 450521391, 697815202, 650029168, 1353833038, 1865484769, 1166227900, 461337686, 1430910404, 230871471, 1761891313, 357680657, 1154398934, 1956922857, 1774335574, 1779502725, 1108632375, 1959463521, 816190823, 1668461252, 941116804, 1279452795, 1209740738, 632767087, 1836686147, 1079039028, 1025603057, 1155820120, 123724761, 1460011638, 1060017496, 478926807, 884677656, 45466159, 1494419694, 783605083, 794595428, 1826914088, 325938006, 612011540, 2088941227, 1162797581, 689516967, 66424485, 277968112, 1194732326, 416171083]"
"(50, 100)",SVM (linear),0.29293538080727766,0.27361597470863808,0.6789453243053294,0.5950536045709554,0.7628370440397031,0.23716295596029674,0.4049463954290446,"[169468104, 762760306, 363192952, 1882434301, 450521391, 697815202, 650029168, 1353833038, 1865484769, 1166227900, 461337686, 1430910404, 230871471, 1761891313, 357680657, 1154398934, 1956922857, 1774335574, 1779502725, 1108632375, 1959463521, 816190823, 1668461252, 941116804, 1279452795, 1209740738, 632767087, 1836686147, 1079039028, 1025603057, 1155820120, 123724761, 1460011638, 1060017496, 478926807, 884677656, 45466159, 1494419694, 783605083, 794595428, 1826914088, 325938006, 612011540, 2088941227, 1162797581, 689516967, 66424485, 277968112, 1194732326, 416171083]"
"(50, 150)",SVM (linear),0.3022836267302258,0.26311255646238513,0.707617242460175,0.66122054621312,0.7540139387072299,0.24598606129277006,0.3387794537868799,"[169468104, 762760306, 363192952, 1882434301, 450521391, 697815202, 650029168, 1353833038, 1865484769, 1166227900, 461337686, 1430910404, 230871471, 1761891313, 357680657, 1154398934, 1956922857, 1774335574, 1779502725, 1108632375, 1959463521, 816190823, 1668461252, 941116804, 1279452795, 1209740738, 632767087, 1836686147, 1079039028, 1025603057, 1155820120, 123724761, 1460011638, 1060017496, 478926807, 884677656, 45466159, 1494419694, 783605083, 794595428, 1826914088, 325938006, 612011540, 2088941227, 1162797581, 689516967, 66424485, 277968112, 1194732326, 416171083]"
"(100, 200)",SVM (linear),0.24517054766869742,0.21341139336644729,0.6650471673940049,0.606382602030266,0.7237117327577443,0.27628826724225575,0.3936173979697342,"[169468104, 762760306, 363192952, 1882434301, 450521391, 697815202, 650029168, 1353833038, 1865484769, 1166227900, 461337686, 1430910404, 230871471, 1761891313, 357680657, 1154398934, 1956922857, 1774335574, 1779502725, 1108632375, 1959463521, 816190823, 1668461252, 941116804, 1279452795, 1209740738, 632767087, 1836686147, 1079039028, 1025603057, 1155820120, 123724761, 1460011638, 1060017496, 478926807, 884677656, 45466159, 1494419694, 783605083, 794595428, 1826914088, 325938006, 612011540, 2088941227, 1162797581, 689516967, 66424485, 277968112, 1194732326, 416171083]"
"(200, 1000)",SVM (linear),0.31313513236154866,0.30472182802284631,0.6776487204281106,0.5315969066320687,0.8237005342241523,0.17629946577584732,0.4684030933679313,"[169468104, 762760306, 363192952, 1882434301, 450521391, 697815202, 650029168, 1353833038, 1865484769, 1166227900, 461337686, 1430910404, 230871471, 1761891313, 357680657, 1154398934, 1956922857, 1774335574, 1779502725, 1108632375, 1959463521, 816190823, 1668461252, 941116804, 1279452795, 1209740738, 632767087, 1836686147, 1079039028, 1025603057, 1155820120, 123724761, 1460011638, 1060017496, 478926807, 884677656, 45466159, 1494419694, 783605083, 794595428, 1826914088, 325938006, 612011540, 2088941227, 1162797581, 689516967, 66424485, 277968112, 1194732326, 416171083]"
"(0, 30)",SVM (polynomial),0.35686739974633552,0.35461508081580151,0.6863774262954245,0.5148824632492647,0.8578723893415844,0.1421276106584154,0.4851175367507354,"[169468104, 762760306, 363192952, 1882434301, 450521391, 697815202, 650029168, 1353833038, 1865484769, 1166227900, 461337686, 1430910404, 230871471, 1761891313, 357680657, 1154398934, 1956922857, 1774335574, 1779502725, 1108632375, 1959463521, 816190823, 1668461252, 941116804, 1279452795, 1209740738, 632767087, 1836686147, 1079039028, 1025603057, 1155820120, 123724761, 1460011638, 1060017496, 478926807, 884677656, 45466159, 1494419694, 783605083, 794595428, 1826914088, 325938006, 612011540, 2088941227, 1162797581, 689516967, 66424485, 277968112, 1194732326, 416171083]"
"(0, 60)",SVM (polynomial),0.34008269356913423,0.33972910462640565,0.6720914289607555,0.4641921203333022,0.8799907375882081,0.12000926241179158,0.5358078796666979,"[169468104, 762760306, 363192952, 1882434301, 450521391, 697815202, 650029168, 1353833038, 1865484769, 1166227900, 461337686, 1430910404, 230871471, 1761891313, 357680657, 1154398934, 1956922857, 1774335574, 1779502725, 1108632375, 1959463521, 816190823, 1668461252, 941116804, 1279452795, 1209740738, 632767087, 1836686147, 1079039028, 1025603057, 1155820120, 123724761, 1460011638, 1060017496, 478926807, 884677656, 45466159, 1494419694, 783605083, 794595428, 1826914088, 325938006, 612011540, 2088941227, 1162797581, 689516967, 66424485, 277968112, 1194732326, 416171083]"
"(0, 100)",SVM (polynomial),0.29631603162646991,0.29213980719271154,0.6650082019450076,0.4696561508749544,0.8603602530150606,0.13963974698493933,0.5303438491250457,"[169468104, 762760306, 363192952, 1882434301, 450521391, 697815202, 650029168, 1353833038, 1865484769, 1166227900, 461337686, 1430910404, 230871471, 1761891313, 357680657, 1154398934, 1956922857, 1774335574, 1779502725, 1108632375, 1959463521, 816190823, 1668461252, 941116804, 1279452795, 1209740738, 632767087, 1836686147, 1079039028, 1025603057, 1155820120, 123724761, 1460011638, 1060017496, 478926807, 884677656, 45466159, 1494419694, 783605083, 794595428, 1826914088, 325938006, 612011540, 2088941227, 1162797581, 689516967, 66424485, 277968112, 1194732326, 416171083]"
"(0, 200)",SVM (polynomial),0.23147523127318856,0.20998817624374336,0.6649194748060556,0.4580179450705765,0.8718210045415341,0.12817899545846553,0.5419820549294235,"[169468104, 762760306, 363192952, 1882434301, 450521391, 697815202, 650029168, 1353833038, 1865484769, 1166227900, 461337686, 1430910404, 230871471, 1761891313, 357680657, 1154398934, 1956922857, 1774335574, 1779502725, 1108632375, 1959463521, 816190823, 1668461252, 941116804, 1279452795, 1209740738, 632767087, 1836686147, 1079039028, 1025603057, 1155820120, 123724761, 1460011638, 1060017496, 478926807, 884677656, 45466159, 1494419694, 783605083, 794595428, 1826914088, 325938006, 612011540, 2088941227, 1162797581, 689516967, 66424485, 277968112, 1194732326, 416171083]"
"(50, 100)",SVM (polynomial),0.31109913022143248,0.30473675975669301,0.6752683702248475,0.5222282765589618,0.828308463890733,0.1716915361092669,0.477771723441038,"[169468104, 762760306, 363192952, 1882434301, 450521391, 697815202, 650029168, 1353833038, 1865484769, 1166227900, 461337686, 1430910404, 230871471, 1761891313, 357680657, 1154398934, 1956922857, 1774335574, 1779502725, 1108632375, 1959463521, 816190823, 1668461252, 941116804, 1279452795, 1209740738, 632767087, 1836686147, 1079039028, 1025603057, 1155820120, 123724761, 1460011638, 1060017496, 478926807, 884677656, 45466159, 1494419694, 783605083, 794595428, 1826914088, 325938006, 612011540, 2088941227, 1162797581, 689516967, 66424485, 277968112, 1194732326, 416171083]"
"(50, 150)",SVM (polynomial),0.32256847571260677,0.30649924177244697,0.6992695124373128,0.5636736974176774,0.8348653274569486,0.1651346725430513,0.43632630258232263,"[169468104, 762760306, 363192952, 1882434301, 450521391, 697815202, 650029168, 1353833038, 1865484769, 1166227900, 461337686, 1430910404, 230871471, 1761891313, 357680657, 1154398934, 1956922857, 1774335574, 1779502725, 1108632375, 1959463521, 816190823, 1668461252, 941116804, 1279452795, 1209740738, 632767087, 1836686147, 1079039028, 1025603057, 1155820120, 123724761, 1460011638, 1060017496, 478926807, 884677656, 45466159, 1494419694, 783605083, 794595428, 1826914088, 325938006, 612011540, 2088941227, 1162797581, 689516967, 66424485, 277968112, 1194732326, 416171083]"
"(100, 200)",SVM (polynomial),0.3571492836871854,0.34129630745620537,0.7152720594530533,0.5989592088835404,0.8315849100225654,0.1684150899774344,0.4010407911164597,"[169468104, 762760306, 363192952, 1882434301, 450521391, 697815202, 650029168, 1353833038, 1865484769, 1166227900, 461337686, 1430910404, 230871471, 1761891313, 357680657, 1154398934, 1956922857, 1774335574, 1779502725, 1108632375, 1959463521, 816190823, 1668461252, 941116804, 1279452795, 1209740738, 632767087, 1836686147, 1079039028, 1025603057, 1155820120, 123724761, 1460011638, 1060017496, 478926807, 884677656, 45466159, 1494419694, 783605083, 794595428, 1826914088, 325938006, 612011540, 2088941227, 1162797581, 689516967, 66424485, 277968112, 1194732326, 416171083]"
"(200, 1000)",SVM (polynomial),0.31785720878783114,0.31368793926451821,0.6737700650398923,0.4923389520740307,0.8552011780057538,0.14479882199424604,0.5076610479259692,"[169468104, 762760306, 363192952, 1882434301, 450521391, 697815202, 650029168, 1353833038, 1865484769, 1166227900, 461337686, 1430910404, 230871471, 1761891313, 357680657, 1154398934, 1956922857, 1774335574, 1779502725, 1108632375, 1959463521, 816190823, 1668461252, 941116804, 1279452795, 1209740738, 632767087, 1836686147, 1079039028, 1025603057, 1155820120, 123724761, 1460011638, 1060017496, 478926807, 884677656, 45466159, 1494419694, 783605083, 794595428, 1826914088, 325938006, 612011540, 2088941227, 1162797581, 689516967, 66424485, 277968112, 1194732326, 416171083]"
"(300, 1000)",SVM (RDF),0.21147772039626267,0.20171988778084896,0.616391478061427,0.4438279114233843,0.7889550446994699,0.21104495530053022,0.5561720885766158,"[169468104, 762760306, 363192952, 1882434301, 450521391, 697815202, 650029168, 1353833038, 1865484769, 1166227900, 461337686, 1430910404, 230871471, 1761891313, 357680657, 1154398934, 1956922857, 1774335574, 1779502725, 1108632375, 1959463521, 816190823, 1668461252, 941116804, 1279452795, 1209740738, 632767087, 1836686147, 1079039028, 1025603057, 1155820120, 123724761, 1460011638, 1060017496, 478926807, 884677656, 45466159, 1494419694, 783605083, 794595428, 1826914088, 325938006, 612011540, 2088941227, 1162797581, 689516967, 66424485, 277968112, 1194732326, 416171083]"
"(300, 1000)",Decision Tree,0.18241824404017631,0.17582678182757966,0.594136982871873,0.3913154931255763,0.7969584726181701,0.20304152738183004,0.6086845068744237,"[169468104, 762760306, 363192952, 1882434301, 450521391, 697815202, 650029168, 1353833038, 1865484769, 1166227900, 461337686, 1430910404, 230871471, 1761891313, 357680657, 1154398934, 1956922857, 1774335574, 1779502725, 1108632375, 1959463521, 816190823, 1668461252, 941116804, 1279452795, 1209740738, 632767087, 1836686147, 1079039028, 1025603057, 1155820120, 123724761, 1460011638, 1060017496, 478926807, 884677656, 45466159, 1494419694, 783605083, 794595428, 1826914088, 325938006, 612011540, 2088941227, 1162797581, 689516967, 66424485, 277968112, 1194732326, 416171083]"
"(300, 1000)",Extreme Learning Machine,0.1408344380055935,0.13176850466358722,0.5845892536728036,0.4409114072097867,0.7282671001358203,0.2717328998641797,0.5590885927902132,"[169468104, 762760306, 363192952, 1882434301, 450521391, 697815202, 650029168, 1353833038, 1865484769, 1166227900, 461337686, 1430910404, 230871471, 1761891313, 357680657, 1154398934, 1956922857, 1774335574, 1779502725, 1108632375, 1959463521, 816190823, 1668461252, 941116804, 1279452795, 1209740738, 632767087, 1836686147, 1079039028, 1025603057, 1155820120, 123724761, 1460011638, 1060017496, 478926807, 884677656, 45466159, 1494419694, 783605083, 794595428, 1826914088, 325938006, 612011540, 2088941227, 1162797581, 689516967, 66424485, 277968112, 1194732326, 416171083]"
"(300, 1000)",Logistic regression,0.17782741705392971,0.17706224571054527,0.5912723413553834,0.33820253502393605,0.8443421476868305,0.15565785231316942,0.6617974649760641,"[169468104, 762760306, 363192952, 1882434301, 450521391, 697815202, 650029168, 1353833038, 1865484769, 1166227900, 461337686, 1430910404, 230871471, 1761891313, 357680657, 1154398934, 1956922857, 1774335574, 1779502725, 1108632375, 1959463521, 816190823, 1668461252, 941116804, 1279452795, 1209740738, 632767087, 1836686147, 1079039028, 1025603057, 1155820120, 123724761, 1460011638, 1060017496, 478926807, 884677656, 45466159, 1494419694, 783605083, 794595428, 1826914088, 325938006, 612011540, 2088941227, 1162797581, 689516967, 66424485, 277968112, 1194732326, 416171083]"
"(300, 1000)",AdaBoost,0.19175257264790677,0.19042260320949672,0.5994710855871965,0.3606093098859111,0.8383328612884822,0.16166713871151792,0.639390690114089,"[169468104, 762760306, 363192952, 1882434301, 450521391, 697815202, 650029168, 1353833038, 1865484769, 1166227900, 461337686, 1430910404, 230871471, 1761891313, 357680657, 1154398934, 1956922857, 1774335574, 1779502725, 1108632375, 1959463521, 816190823, 1668461252, 941116804, 1279452795, 1209740738, 632767087, 1836686147, 1079039028, 1025603057, 1155820120, 123724761, 1460011638, 1060017496, 478926807, 884677656, 45466159, 1494419694, 783605083, 794595428, 1826914088, 325938006, 612011540, 2088941227, 1162797581, 689516967, 66424485, 277968112, 1194732326, 416171083]"
"(300, 1000)",Random forest,0.20901642341740628,0.19879529758223821,0.6210503770211768,0.4704409652417027,0.7716597888006508,0.22834021119934927,0.5295590347582972,"[169468104, 762760306, 363192952, 1882434301, 450521391, 697815202, 650029168, 1353833038, 1865484769, 1166227900, 461337686, 1430910404, 230871471, 1761891313, 357680657, 1154398934, 1956922857, 1774335574, 1779502725, 1108632375, 1959463521, 816190823, 1668461252, 941116804, 1279452795, 1209740738, 632767087, 1836686147, 1079039028, 1025603057, 1155820120, 123724761, 1460011638, 1060017496, 478926807, 884677656, 45466159, 1494419694, 783605083, 794595428, 1826914088, 325938006, 612011540, 2088941227, 1162797581, 689516967, 66424485, 277968112, 1194732326, 416171083]"
"(300, 1000)",Gaussian Naive Bayes,0.01245836787348251,0.0043925177665909932,0.5055238307569648,0.8865768211368826,0.12447084037704656,0.8755291596229534,0.11342317886311717,"[169468104, 762760306, 363192952, 1882434301, 450521391, 697815202, 650029168, 1353833038, 1865484769, 1166227900, 461337686, 1430910404, 230871471, 1761891313, 357680657, 1154398934, 1956922857, 1774335574, 1779502725, 1108632375, 1959463521, 816190823, 1668461252, 941116804, 1279452795, 1209740738, 632767087, 1836686147, 1079039028, 1025603057, 1155820120, 123724761, 1460011638, 1060017496, 478926807, 884677656, 45466159, 1494419694, 783605083, 794595428, 1826914088, 325938006, 612011540, 2088941227, 1162797581, 689516967, 66424485, 277968112, 1194732326, 416171083]"
"(300, 1000)",Bernoulli Naive Bayes,0.31450009791495448,0.30978983446574004,0.6734199993551907,0.5140073700632732,0.8328326286471074,0.1671673713528925,0.48599262993672676,"[169468104, 762760306, 363192952, 1882434301, 450521391, 697815202, 650029168, 1353833038, 1865484769, 1166227900, 461337686, 1430910404, 230871471, 1761891313, 357680657, 1154398934, 1956922857, 1774335574, 1779502725, 1108632375, 1959463521, 816190823, 1668461252, 941116804, 1279452795, 1209740738, 632767087, 1836686147, 1079039028, 1025603057, 1155820120, 123724761, 1460011638, 1060017496, 478926807, 884677656, 45466159, 1494419694, 783605083, 794595428, 1826914088, 325938006, 612011540, 2088941227, 1162797581, 689516967, 66424485, 277968112, 1194732326, 416171083]"
"(300, 1000)",SVM (linear),0.18458591570895383,0.18293457250591286,0.5978570685735534,0.36844699630921013,0.8272671408378965,0.17273285916210346,0.6315530036907899,"[169468104, 762760306, 363192952, 1882434301, 450521391, 697815202, 650029168, 1353833038, 1865484769, 1166227900, 461337686, 1430910404, 230871471, 1761891313, 357680657, 1154398934, 1956922857, 1774335574, 1779502725, 1108632375, 1959463521, 816190823, 1668461252, 941116804, 1279452795, 1209740738, 632767087, 1836686147, 1079039028, 1025603057, 1155820120, 123724761, 1460011638, 1060017496, 478926807, 884677656, 45466159, 1494419694, 783605083, 794595428, 1826914088, 325938006, 612011540, 2088941227, 1162797581, 689516967, 66424485, 277968112, 1194732326, 416171083]"
"(300, 1000)",SVM (polynomial),0.21526058648036198,0.21076882907398814,0.5950097119128437,0.28425590293745995,0.9057635208882273,0.09423647911177245,0.7157440970625398,"[169468104, 762760306, 363192952, 1882434301, 450521391, 697815202, 650029168, 1353833038, 1865484769, 1166227900, 461337686, 1430910404, 230871471, 1761891313, 357680657, 1154398934, 1956922857, 1774335574, 1779502725, 1108632375, 1959463521, 816190823, 1668461252, 941116804, 1279452795, 1209740738, 632767087, 1836686147, 1079039028, 1025603057, 1155820120, 123724761, 1460011638, 1060017496, 478926807, 884677656, 45466159, 1494419694, 783605083, 794595428, 1826914088, 325938006, 612011540, 2088941227, 1162797581, 689516967, 66424485, 277968112, 1194732326, 416171083]"
"(300, 1000)",Artificial neural network,0.19417428122943001,0.19301553565337376,0.6006987930029741,0.3587749635396896,0.8426226224662591,0.1573773775337411,0.6412250364603105,"[169468104, 762760306, 363192952, 1882434301, 450521391, 697815202, 650029168, 1353833038, 1865484769, 1166227900, 461337686, 1430910404, 230871471, 1761891313, 357680657, 1154398934, 1956922857, 1774335574, 1779502725, 1108632375, 1959463521, 816190823, 1668461252, 941116804, 1279452795, 1209740738, 632767087, 1836686147, 1079039028, 1025603057, 1155820120, 123724761, 1460011638, 1060017496, 478926807, 884677656, 45466159, 1494419694, 783605083, 794595428, 1826914088, 325938006, 612011540, 2088941227, 1162797581, 689516967, 66424485, 277968112, 1194732326, 416171083]"
