d,Data balancer,Matthews correlation coefficient,Cohen Kappa score,Average true rate,Average true positive rate,Average true negative rate,Average false positive rate,Average false negative rate,Average true positive with cutoff,Average true negative rate with cutoff,Average false positive rate with cutoff,Average false negative rate with cutoff,Average unclassified from cutoff
0.11421052631578947,None,0.16515008020516889,0.16365985254855428,0.577936507936508,0.3611111111111111,0.7947619047619048,0.20523809523809522,0.638888888888889,0.0,0.0,0.0,0.0,0.0
0.01,None,0.16372050059945306,0.16343765368155608,0.579920634920635,0.3888888888888889,0.7709523809523811,0.22904761904761906,0.611111111111111,0.0,0.0,0.0,0.0,0.0
0.06210526315789474,None,0.13494528294965302,0.13455127264489253,0.5656349206349206,0.3655555555555556,0.7657142857142857,0.2342857142857143,0.6344444444444445,0.0,0.0,0.0,0.0,0.0
0.21842105263157896,None,0.15128334130901142,0.15100143280913639,0.5738888888888889,0.3811111111111111,0.7666666666666667,0.2333333333333333,0.6188888888888889,0.0,0.0,0.0,0.0,0.0
0.27052631578947373,None,0.14092137530741869,0.14038467706228197,0.5678571428571428,0.36000000000000004,0.7757142857142858,0.22428571428571428,0.64,0.0,0.0,0.0,0.0,0.0
0.16631578947368422,None,0.13168321988780107,0.13139138312302598,0.564047619047619,0.3633333333333333,0.7647619047619046,0.23523809523809525,0.6366666666666667,0.0,0.0,0.0,0.0,0.0
0.32263157894736844,None,0.17266205245293706,0.17066757024808973,0.5807142857142856,0.3566666666666667,0.8047619047619047,0.19523809523809524,0.6433333333333334,0.0,0.0,0.0,0.0,0.0
0.37473684210526315,None,0.16270805439722838,0.16108947670582885,0.5767460317460317,0.3577777777777778,0.7957142857142857,0.2042857142857143,0.6422222222222222,0.0,0.0,0.0,0.0,0.0
0.01,ClusterCentroids,0.15006657788384878,0.14961452604589198,0.572936507936508,0.3744444444444444,0.7714285714285714,0.22857142857142856,0.6255555555555556,0.0,0.0,0.0,0.0,0.0
0.11421052631578947,ClusterCentroids,0.12321115019002205,0.12311250547560419,0.5606349206349207,0.3688888888888888,0.7523809523809524,0.24761904761904763,0.6311111111111112,0.0,0.0,0.0,0.0,0.0
0.27052631578947373,ClusterCentroids,0.14439015497763147,0.14409938718608786,0.5728571428571428,0.41333333333333333,0.7323809523809524,0.26761904761904765,0.5866666666666666,0.0,0.0,0.0,0.0,0.0
0.16631578947368422,ClusterCentroids,0.13458637117021557,0.13450318576616446,0.5663492063492064,0.3788888888888889,0.7538095238095238,0.24619047619047618,0.6211111111111111,0.0,0.0,0.0,0.0,0.0
0.21842105263157896,ClusterCentroids,0.11212255272133166,0.111959922511643,0.5557142857142857,0.3733333333333333,0.7380952380952381,0.2619047619047619,0.6266666666666667,0.0,0.0,0.0,0.0,0.0
0.06210526315789474,ClusterCentroids,0.1206568662029092,0.12056291431926196,0.5606349206349206,0.38888888888888884,0.7323809523809522,0.2676190476190476,0.611111111111111,0.0,0.0,0.0,0.0,0.0
0.32263157894736844,ClusterCentroids,0.10267070668806222,0.10262701036221622,0.5511111111111111,0.3688888888888889,0.7333333333333334,0.26666666666666666,0.6311111111111111,0.0,0.0,0.0,0.0,0.0
0.37473684210526315,ClusterCentroids,0.13494325947614957,0.13489696652793762,0.5669047619047619,0.3833333333333333,0.7504761904761904,0.2495238095238095,0.6166666666666666,0.0,0.0,0.0,0.0,0.0
0.01,EditedNearestNeighbours,0.17687264946246631,0.1714151663790443,0.5949206349206348,0.5455555555555555,0.6442857142857142,0.3557142857142857,0.4544444444444445,0.0,0.0,0.0,0.0,0.0
0.11421052631578947,EditedNearestNeighbours,0.15814829460440388,0.15387390098641118,0.5846825396825398,0.5255555555555557,0.6438095238095237,0.35619047619047617,0.47444444444444445,0.0,0.0,0.0,0.0,0.0
0.27052631578947373,EditedNearestNeighbours,0.16056439980205936,0.15520354995672239,0.5864285714285714,0.5399999999999999,0.6328571428571429,0.36714285714285716,0.46,0.0,0.0,0.0,0.0,0.0
0.16631578947368422,EditedNearestNeighbours,0.18469793211339494,0.17761654624785972,0.5996825396825397,0.5688888888888889,0.6304761904761905,0.36952380952380953,0.43111111111111117,0.0,0.0,0.0,0.0,0.0
0.21842105263157896,EditedNearestNeighbours,0.17531984722479454,0.17001624972168819,0.5942063492063493,0.5455555555555556,0.6428571428571429,0.3571428571428572,0.45444444444444443,0.0,0.0,0.0,0.0,0.0
0.06210526315789474,EditedNearestNeighbours,0.16978765030344725,0.16442332114155234,0.5912698412698414,0.5444444444444444,0.638095238095238,0.36190476190476195,0.45555555555555555,0.0,0.0,0.0,0.0,0.0
0.32263157894736844,EditedNearestNeighbours,0.13648346073119852,0.1329657123548732,0.573015873015873,0.5055555555555555,0.6404761904761904,0.3595238095238096,0.4944444444444444,0.0,0.0,0.0,0.0,0.0
0.37473684210526315,EditedNearestNeighbours,0.16842317978707852,0.16271291125145712,0.5907142857142857,0.5466666666666666,0.6347619047619047,0.3652380952380952,0.4533333333333333,0.0,0.0,0.0,0.0,0.0
0.16631578947368422,InstanceHardnessThreshold,0.1896235316196776,0.18072293530424244,0.6026984126984126,0.5877777777777777,0.6176190476190476,0.38238095238095243,0.41222222222222227,0.0,0.0,0.0,0.0,0.0
0.01,InstanceHardnessThreshold,0.20216645219246099,0.19264077706534322,0.6096031746031746,0.5977777777777779,0.6214285714285714,0.37857142857142856,0.4022222222222223,0.0,0.0,0.0,0.0,0.0
0.11421052631578947,InstanceHardnessThreshold,0.17730590363345192,0.16944659016724672,0.596031746031746,0.5744444444444444,0.6176190476190476,0.38238095238095243,0.42555555555555563,0.0,0.0,0.0,0.0,0.0
0.27052631578947373,InstanceHardnessThreshold,0.20227727271640494,0.19110171368910112,0.60984126984127,0.611111111111111,0.6085714285714285,0.39142857142857146,0.3888888888888889,0.0,0.0,0.0,0.0,0.0
0.21842105263157896,InstanceHardnessThreshold,0.20917164074530023,0.19911934305995624,0.6132539682539684,0.6022222222222222,0.6242857142857143,0.3757142857142857,0.3977777777777778,0.0,0.0,0.0,0.0,0.0
0.06210526315789474,InstanceHardnessThreshold,0.19527302197149021,0.18508503367344895,0.6057936507936508,0.5977777777777777,0.6138095238095237,0.3861904761904762,0.4022222222222222,0.0,0.0,0.0,0.0,0.0
0.32263157894736844,InstanceHardnessThreshold,0.17883669108718814,0.17037343723671569,0.5969047619047619,0.58,0.6138095238095238,0.3861904761904762,0.4200000000000001,0.0,0.0,0.0,0.0,0.0
0.16631578947368422,NearMiss,0.16994178658227313,0.16426440938171685,0.5915079365079365,0.5477777777777778,0.635238095238095,0.3647619047619048,0.4522222222222223,0.0,0.0,0.0,0.0,0.0
0.37473684210526315,InstanceHardnessThreshold,0.19965496213983588,0.18909240859719878,0.6083333333333333,0.6,0.6166666666666667,0.38333333333333336,0.4000000000000001,0.0,0.0,0.0,0.0,0.0
0.01,NearMiss,0.1700652803338896,0.16620841705636255,0.5907936507936508,0.5244444444444446,0.6571428571428571,0.3428571428571428,0.47555555555555556,0.0,0.0,0.0,0.0,0.0
0.11421052631578947,NearMiss,0.15352053847252131,0.14743524869738656,0.582936507936508,0.5477777777777778,0.6180952380952381,0.38190476190476197,0.45222222222222225,0.0,0.0,0.0,0.0,0.0
0.27052631578947373,NearMiss,0.16156835483654514,0.15496398276184731,0.5872222222222222,0.5511111111111111,0.6233333333333334,0.37666666666666665,0.4488888888888889,0.0,0.0,0.0,0.0,0.0
0.21842105263157896,NearMiss,0.12864320874300941,0.12372673700262533,0.5694444444444444,0.5255555555555556,0.6133333333333333,0.38666666666666666,0.4744444444444445,0.0,0.0,0.0,0.0,0.0
0.06210526315789474,NearMiss,0.15474700988483039,0.15035206727003261,0.5830158730158731,0.5255555555555556,0.6404761904761905,0.3595238095238095,0.47444444444444445,0.0,0.0,0.0,0.0,0.0
0.32263157894736844,NearMiss,0.13029439467042256,0.12666841839961615,0.5696825396825397,0.5055555555555555,0.6338095238095237,0.36619047619047623,0.49444444444444446,0.0,0.0,0.0,0.0,0.0
0.37473684210526315,NearMiss,0.17186015346016484,0.16695114344138554,0.5921428571428572,0.5366666666666667,0.6476190476190475,0.35238095238095246,0.4633333333333334,0.0,0.0,0.0,0.0,0.0
0.16631578947368422,NeighbourhoodCleaningRule,0.15354801766435688,0.14976337005040638,0.5820634920634921,0.5155555555555555,0.6485714285714285,0.3514285714285714,0.48444444444444446,0.0,0.0,0.0,0.0,0.0
0.27052631578947373,NeighbourhoodCleaningRule,0.18371853158158805,0.17934383271806584,0.5981746031746032,0.5377777777777778,0.6585714285714285,0.3414285714285714,0.46222222222222226,0.0,0.0,0.0,0.0,0.0
0.11421052631578947,NeighbourhoodCleaningRule,0.21101972393781687,0.2058630982522183,0.6127777777777778,0.5588888888888889,0.6666666666666666,0.3333333333333333,0.44111111111111106,0.0,0.0,0.0,0.0,0.0
0.01,NeighbourhoodCleaningRule,0.14630590966766274,0.14301815441505547,0.578015873015873,0.5055555555555555,0.6504761904761905,0.3495238095238095,0.49444444444444446,0.0,0.0,0.0,0.0,0.0
0.21842105263157896,NeighbourhoodCleaningRule,0.15738027375234573,0.15453625322046374,0.5835714285714286,0.5033333333333333,0.6638095238095237,0.3361904761904762,0.49666666666666665,0.0,0.0,0.0,0.0,0.0
0.06210526315789474,NeighbourhoodCleaningRule,0.15217872567459623,0.14906658721401034,0.581031746031746,0.5044444444444444,0.6576190476190477,0.3423809523809524,0.4955555555555556,0.0,0.0,0.0,0.0,0.0
0.32263157894736844,NeighbourhoodCleaningRule,0.17717465648117856,0.17360821248945388,0.5942857142857143,0.5233333333333333,0.6652380952380953,0.33476190476190476,0.47666666666666674,0.0,0.0,0.0,0.0,0.0
0.37473684210526315,NeighbourhoodCleaningRule,0.15226951483143131,0.14894361051534652,0.5811904761904761,0.5099999999999999,0.6523809523809524,0.34761904761904766,0.49000000000000005,0.0,0.0,0.0,0.0,0.0
0.16631578947368422,OneSidedSelection,0.16686925981995748,0.16679500735353417,0.5828571428571429,0.41,0.7557142857142857,0.2442857142857143,0.59,0.0,0.0,0.0,0.0,0.0
0.27052631578947373,OneSidedSelection,0.14921694687145601,0.14896150901285857,0.5759523809523809,0.4266666666666666,0.7252380952380952,0.27476190476190476,0.5733333333333334,0.0,0.0,0.0,0.0,0.0
0.01,OneSidedSelection,0.15231672886140682,0.15222973644589052,0.5765873015873016,0.4122222222222222,0.7409523809523811,0.259047619047619,0.5877777777777778,0.0,0.0,0.0,0.0,0.0
0.11421052631578947,OneSidedSelection,0.14528406032891425,0.14517614555938521,0.5722222222222223,0.3944444444444444,0.75,0.25000000000000006,0.6055555555555555,0.0,0.0,0.0,0.0,0.0
0.21842105263157896,OneSidedSelection,0.16810761387237996,0.16804606048420609,0.5834920634920634,0.40888888888888886,0.7580952380952382,0.24190476190476193,0.591111111111111,0.0,0.0,0.0,0.0,0.0
0.06210526315789474,OneSidedSelection,0.15670816508358917,0.15664906898765782,0.5787301587301588,0.4155555555555555,0.741904761904762,0.2580952380952381,0.5844444444444444,0.0,0.0,0.0,0.0,0.0
0.16631578947368422,RandomUnderSampler,0.12415299424163495,0.1164420963356269,0.5675396825396825,0.5655555555555556,0.5695238095238095,0.43047619047619046,0.4344444444444444,0.0,0.0,0.0,0.0,0.0
0.27052631578947373,RandomUnderSampler,0.14458544139304211,0.13409987297118134,0.5788095238095238,0.5933333333333334,0.5642857142857143,0.4357142857142857,0.40666666666666673,0.0,0.0,0.0,0.0,0.0
0.01,RandomUnderSampler,0.14262480965190982,0.13154760933436216,0.5777777777777778,0.6022222222222222,0.5533333333333332,0.4466666666666667,0.3977777777777778,0.0,0.0,0.0,0.0,0.0
0.11421052631578947,RandomUnderSampler,0.10789334522770604,0.10074025687171902,0.5587301587301586,0.5622222222222222,0.5552380952380952,0.44476190476190475,0.4377777777777778,0.0,0.0,0.0,0.0,0.0
0.21842105263157896,RandomUnderSampler,0.13727160626208057,0.12563984304796058,0.5748412698412698,0.6044444444444445,0.5452380952380952,0.45476190476190476,0.3955555555555556,0.0,0.0,0.0,0.0,0.0
0.06210526315789474,RandomUnderSampler,0.119177999737773,0.11220286891973807,0.5648412698412698,0.5544444444444445,0.5752380952380953,0.42476190476190473,0.44555555555555554,0.0,0.0,0.0,0.0,0.0
0.32263157894736844,OneSidedSelection,0.14347227395175599,0.14339782771809742,0.5711904761904762,0.39333333333333337,0.749047619047619,0.250952380952381,0.6066666666666667,0.0,0.0,0.0,0.0,0.0
0.32263157894736844,RandomUnderSampler,0.16826405650568313,0.15654335134476768,0.5916666666666667,0.61,0.5733333333333334,0.4266666666666667,0.38999999999999996,0.0,0.0,0.0,0.0,0.0
0.37473684210526315,OneSidedSelection,0.16760942935282333,0.1664293145879151,0.5795238095238094,0.36666666666666664,0.7923809523809524,0.2076190476190476,0.6333333333333334,0.0,0.0,0.0,0.0,0.0
0.16631578947368422,TomekLinks,0.14152511123870604,0.14149360440654354,0.5712698412698414,0.40777777777777774,0.7347619047619048,0.2652380952380952,0.5922222222222223,0.0,0.0,0.0,0.0,0.0
0.27052631578947373,TomekLinks,0.16512954129851318,0.16504083817245718,0.5817460317460318,0.40444444444444444,0.7590476190476191,0.24095238095238095,0.5955555555555555,0.0,0.0,0.0,0.0,0.0
0.01,TomekLinks,0.15392671418127216,0.15384589941422136,0.576984126984127,0.41111111111111104,0.7428571428571429,0.2571428571428571,0.5888888888888889,0.0,0.0,0.0,0.0,0.0
0.11421052631578947,TomekLinks,0.16923030288226279,0.16914300109310598,0.5846031746031747,0.4177777777777778,0.7514285714285713,0.24857142857142855,0.5822222222222222,0.0,0.0,0.0,0.0,0.0
0.21842105263157896,TomekLinks,0.14897744843610217,0.14893125590255199,0.5750793650793652,0.41444444444444445,0.7357142857142858,0.2642857142857143,0.5855555555555556,0.0,0.0,0.0,0.0,0.0
0.06210526315789474,TomekLinks,0.17793580741149831,0.17788227490091391,0.5884920634920636,0.4188888888888889,0.758095238095238,0.24190476190476193,0.581111111111111,0.0,0.0,0.0,0.0,0.0
0.37473684210526315,RandomUnderSampler,0.13036702623354809,0.11891388129356202,0.5711111111111111,0.6055555555555556,0.5366666666666667,0.4633333333333333,0.39444444444444443,0.0,0.0,0.0,0.0,0.0
0.32263157894736844,TomekLinks,0.16278808472175516,0.16259870720537328,0.5826190476190476,0.43333333333333335,0.731904761904762,0.2680952380952381,0.5666666666666668,0.0,0.0,0.0,0.0,0.0
0.16631578947368422,ADASYN,0.13114081738386296,0.1305259083394561,0.5628571428571428,0.35000000000000003,0.7757142857142858,0.22428571428571428,0.65,0.0,0.0,0.0,0.0,0.0
0.27052631578947373,ADASYN,0.13439858650567713,0.13416956890034459,0.5655555555555555,0.36777777777777776,0.7633333333333333,0.23666666666666666,0.6322222222222222,0.0,0.0,0.0,0.0,0.0
0.01,ADASYN,0.14471626032396501,0.14436799773806872,0.5702380952380952,0.37000000000000005,0.7704761904761904,0.2295238095238095,0.63,0.0,0.0,0.0,0.0,0.0
0.11421052631578947,ADASYN,0.12907273225754334,0.12891606818732324,0.5638888888888889,0.37777777777777777,0.75,0.25,0.6222222222222221,0.0,0.0,0.0,0.0,0.0
0.21842105263157896,ADASYN,0.11963895803713535,0.11947891713811458,0.5585714285714285,0.36000000000000004,0.7571428571428571,0.24285714285714285,0.64,0.0,0.0,0.0,0.0,0.0
0.06210526315789474,ADASYN,0.13831934928952808,0.13791276710109868,0.5671428571428571,0.3666666666666667,0.7676190476190475,0.23238095238095238,0.6333333333333333,0.0,0.0,0.0,0.0,0.0
0.37473684210526315,TomekLinks,0.16117929803314923,0.15992877454610532,0.5762698412698413,0.3577777777777778,0.7947619047619048,0.20523809523809522,0.6422222222222221,0.0,0.0,0.0,0.0,0.0
0.32263157894736844,ADASYN,0.13823226207144357,0.13787758097221015,0.5671428571428572,0.36666666666666664,0.7676190476190475,0.23238095238095235,0.6333333333333334,0.0,0.0,0.0,0.0,0.0
0.16631578947368422,RandomOverSampler,0.14751496875731443,0.1473240523873435,0.5722222222222223,0.3811111111111112,0.7633333333333333,0.23666666666666666,0.6188888888888889,0.0,0.0,0.0,0.0,0.0
0.01,RandomOverSampler,0.15884215710313487,0.15822919714911202,0.5768253968253968,0.3788888888888889,0.7747619047619048,0.22523809523809524,0.6211111111111112,0.0,0.0,0.0,0.0,0.0
0.27052631578947373,RandomOverSampler,0.12571848816273637,0.12529984061225444,0.5607936507936507,0.3544444444444445,0.7671428571428572,0.23285714285714287,0.6455555555555555,0.0,0.0,0.0,0.0,0.0
0.11421052631578947,RandomOverSampler,0.12086955613714419,0.12043439156701381,0.5584920634920635,0.34888888888888897,0.768095238095238,0.23190476190476192,0.6511111111111111,0.0,0.0,0.0,0.0,0.0
0.21842105263157896,RandomOverSampler,0.14172936215888055,0.14131907023391829,0.5686507936507937,0.36777777777777776,0.7695238095238094,0.23047619047619047,0.6322222222222221,0.0,0.0,0.0,0.0,0.0
0.06210526315789474,RandomOverSampler,0.14417631675948786,0.14394812295991544,0.5705555555555556,0.37777777777777777,0.7633333333333333,0.23666666666666666,0.6222222222222222,0.0,0.0,0.0,0.0,0.0
0.37473684210526315,ADASYN,0.13937760129574192,0.13907377845153265,0.5677777777777778,0.3688888888888889,0.7666666666666666,0.2333333333333333,0.6311111111111112,0.0,0.0,0.0,0.0,0.0
0.32263157894736844,RandomOverSampler,0.12079515002223018,0.12026579167815359,0.5583333333333332,0.3499999999999999,0.7666666666666666,0.2333333333333333,0.65,0.0,0.0,0.0,0.0,0.0
0.16631578947368422,SMOTE,0.1615832383863505,0.15501614014324958,0.5871428571428572,0.5566666666666666,0.6176190476190476,0.38238095238095243,0.44333333333333336,0.0,0.0,0.0,0.0,0.0
0.27052631578947373,SMOTE,0.1675249010140594,0.16197952981572053,0.5901587301587302,0.5455555555555555,0.6347619047619047,0.3652380952380952,0.4544444444444445,0.0,0.0,0.0,0.0,0.0
0.01,SMOTE,0.13424862441577953,0.12834626384249501,0.5726984126984127,0.5411111111111112,0.6042857142857143,0.39571428571428574,0.45888888888888885,0.0,0.0,0.0,0.0,0.0
0.21842105263157896,SMOTE,0.15912212831254227,0.15315603869066596,0.5857936507936509,0.5444444444444445,0.6271428571428571,0.37285714285714283,0.45555555555555555,0.0,0.0,0.0,0.0,0.0
0.11421052631578947,SMOTE,0.12428857102016688,0.11987373274001985,0.566984126984127,0.5211111111111112,0.6128571428571429,0.3871428571428572,0.4788888888888889,0.0,0.0,0.0,0.0,0.0
0.06210526315789474,SMOTE,0.13713382006293195,0.13153264060624462,0.5741269841269842,0.5377777777777778,0.6104761904761905,0.38952380952380955,0.46222222222222226,0.0,0.0,0.0,0.0,0.0
0.37473684210526315,RandomOverSampler,0.12341067907021636,0.12311425525162789,0.5601587301587302,0.35888888888888887,0.7614285714285715,0.23857142857142857,0.6411111111111111,0.0,0.0,0.0,0.0,0.0
0.32263157894736844,SMOTE,0.15524574234202401,0.15070328388437881,0.5831746031746032,0.5244444444444444,0.6419047619047619,0.3580952380952381,0.47555555555555556,0.0,0.0,0.0,0.0,0.0
0.16631578947368422,SMOTEENN,0.16929849868571092,0.16793118979297916,0.5882539682539683,0.47888888888888886,0.6976190476190475,0.3023809523809524,0.5211111111111112,0.0,0.0,0.0,0.0,0.0
0.27052631578947373,SMOTEENN,0.19419727576191273,0.19159536722204487,0.6022222222222222,0.5144444444444444,0.6900000000000001,0.31,0.4855555555555555,0.0,0.0,0.0,0.0,0.0
0.01,SMOTEENN,0.17717229390389908,0.17425629900476505,0.5937301587301587,0.5155555555555555,0.671904761904762,0.32809523809523805,0.48444444444444446,0.0,0.0,0.0,0.0,0.0
0.21842105263157896,SMOTEENN,0.15751301862313449,0.15530110317315959,0.5831746031746031,0.49111111111111105,0.6752380952380953,0.32476190476190475,0.508888888888889,0.0,0.0,0.0,0.0,0.0
0.11421052631578947,SMOTEENN,0.13755350078383125,0.13564297016554017,0.5725396825396827,0.47555555555555556,0.6695238095238096,0.3304761904761904,0.5244444444444445,0.0,0.0,0.0,0.0,0.0
0.06210526315789474,SMOTEENN,0.16067511423633293,0.15810783547779264,0.5850793650793651,0.4977777777777779,0.6723809523809523,0.32761904761904764,0.5022222222222222,0.0,0.0,0.0,0.0,0.0
0.37473684210526315,SMOTE,0.13431098580778697,0.12866417767027061,0.5726190476190477,0.5366666666666667,0.6085714285714285,0.3914285714285714,0.4633333333333334,0.0,0.0,0.0,0.0,0.0
0.32263157894736844,SMOTEENN,0.15455758331000247,0.15151982418423351,0.581984126984127,0.4977777777777777,0.6661904761904761,0.3338095238095238,0.5022222222222222,0.0,0.0,0.0,0.0,0.0
0.16631578947368422,SMOTETomek,0.12823231651687103,0.12427851593790913,0.5688095238095238,0.5100000000000001,0.6276190476190476,0.3723809523809524,0.49,0.0,0.0,0.0,0.0,0.0
0.27052631578947373,SMOTETomek,0.148352321522318,0.14216884115136677,0.5801587301587302,0.548888888888889,0.6114285714285714,0.38857142857142857,0.4511111111111112,0.0,0.0,0.0,0.0,0.0
0.21842105263157896,SMOTETomek,0.15021302587108012,0.14397264488049208,0.5811904761904761,0.5466666666666667,0.6157142857142858,0.38428571428571434,0.4533333333333333,0.0,0.0,0.0,0.0,0.0
0.01,SMOTETomek,0.16151771380999475,0.1575772631798972,0.5863492063492064,0.5222222222222223,0.6504761904761904,0.3495238095238095,0.47777777777777786,0.0,0.0,0.0,0.0,0.0
0.11421052631578947,SMOTETomek,0.18189850892823345,0.17517226713716341,0.598015873015873,0.5622222222222223,0.6338095238095238,0.36619047619047623,0.43777777777777777,0.0,0.0,0.0,0.0,0.0
0.37473684210526315,SMOTEENN,0.14774292555375435,0.14544679054149676,0.5780952380952381,0.48666666666666664,0.6695238095238095,0.3304761904761905,0.5133333333333333,0.0,0.0,0.0,0.0,0.0
0.06210526315789474,SMOTETomek,0.17001618930787823,0.16439870000784831,0.5915079365079365,0.5477777777777778,0.6352380952380953,0.3647619047619048,0.45222222222222225,0.0,0.0,0.0,0.0,0.0
0.32263157894736844,SMOTETomek,0.18956044603975986,0.18271326033565058,0.6022222222222222,0.5677777777777778,0.6366666666666666,0.36333333333333334,0.43222222222222223,0.0,0.0,0.0,0.0,0.0
0.42684210526315791,None,0.15453166031468604,0.15251586635254719,0.5716666666666668,0.33666666666666667,0.8066666666666666,0.19333333333333336,0.6633333333333332,0.0,0.0,0.0,0.0,0.0
0.47894736842105268,None,0.16379043633475168,0.16184510908563179,0.5762698412698412,0.34777777777777774,0.8047619047619049,0.19523809523809524,0.6522222222222221,0.0,0.0,0.0,0.0,0.0
0.53105263157894744,None,0.14601023237094324,0.14514622490231174,0.5696031746031747,0.3544444444444444,0.7847619047619047,0.21523809523809523,0.6455555555555555,0.0,0.0,0.0,0.0,0.0
0.5831578947368421,None,0.12661514664021215,0.12597441485546368,0.5605555555555556,0.3444444444444445,0.7766666666666667,0.22333333333333336,0.6555555555555556,0.0,0.0,0.0,0.0,0.0
0.63526315789473686,None,0.12110486380162384,0.12067216615088354,0.5584126984126984,0.34777777777777774,0.769047619047619,0.23095238095238094,0.6522222222222223,0.0,0.0,0.0,0.0,0.0
0.37473684210526315,SMOTETomek,0.15439363421249652,0.14972536758755561,0.582936507936508,0.5277777777777778,0.638095238095238,0.36190476190476195,0.47222222222222227,0.0,0.0,0.0,0.0,0.0
0.68736842105263163,None,0.15608815830391135,0.15564354135915534,0.5755555555555555,0.3744444444444444,0.7766666666666667,0.22333333333333336,0.6255555555555555,0.0,0.0,0.0,0.0,0.0
0.73947368421052628,None,0.11236143097684381,0.11195027374308934,0.5541269841269841,0.3411111111111111,0.7671428571428572,0.23285714285714287,0.6588888888888889,0.0,0.0,0.0,0.0,0.0
0.79157894736842105,None,0.14819397416723315,0.14739848143946191,0.5707936507936507,0.35777777777777775,0.7838095238095238,0.21619047619047618,0.6422222222222222,0.0,0.0,0.0,0.0,0.0
0.42684210526315791,ClusterCentroids,0.12908368041235921,0.12874027472109228,0.5653174603174603,0.40777777777777774,0.7228571428571429,0.27714285714285714,0.5922222222222222,0.0,0.0,0.0,0.0,0.0
0.47894736842105268,ClusterCentroids,0.11324658523171961,0.11323245148585381,0.5565873015873016,0.3788888888888889,0.7342857142857143,0.26571428571428574,0.6211111111111111,0.0,0.0,0.0,0.0,0.0
0.5831578947368421,ClusterCentroids,0.14056835448708199,0.14043896001683867,0.569126984126984,0.3811111111111111,0.7571428571428571,0.24285714285714288,0.6188888888888889,0.0,0.0,0.0,0.0,0.0
0.53105263157894744,ClusterCentroids,0.13844836966773363,0.13833494222577494,0.5681746031746032,0.3811111111111111,0.7552380952380952,0.24476190476190474,0.6188888888888889,0.0,0.0,0.0,0.0,0.0
0.63526315789473686,ClusterCentroids,0.14496702122116312,0.14494530054874885,0.572063492063492,0.3955555555555556,0.7485714285714287,0.2514285714285714,0.6044444444444445,0.0,0.0,0.0,0.0,0.0
0.68736842105263163,ClusterCentroids,0.14217624641784582,0.14200455078645147,0.57,0.3833333333333333,0.7566666666666667,0.24333333333333337,0.6166666666666667,0.0,0.0,0.0,0.0,0.0
0.42684210526315791,EditedNearestNeighbours,0.15730402803982912,0.15321948489625314,0.5842063492063492,0.5222222222222223,0.6461904761904762,0.3538095238095238,0.4777777777777778,0.0,0.0,0.0,0.0,0.0
0.47894736842105268,EditedNearestNeighbours,0.18471588302841471,0.18063308199637984,0.5984920634920634,0.5322222222222223,0.6647619047619048,0.3352380952380953,0.4677777777777778,0.0,0.0,0.0,0.0,0.0
0.5831578947368421,EditedNearestNeighbours,0.17809302486951228,0.17429869786372176,0.594920634920635,0.5255555555555556,0.6642857142857143,0.3357142857142857,0.47444444444444445,0.0,0.0,0.0,0.0,0.0
0.53105263157894744,EditedNearestNeighbours,0.15337185436841602,0.150135738868344,0.5817460317460318,0.5077777777777778,0.6557142857142857,0.3442857142857143,0.49222222222222217,0.0,0.0,0.0,0.0,0.0
0.63526315789473686,EditedNearestNeighbours,0.17707620917088263,0.17372301251934352,0.5939682539682539,0.5188888888888888,0.669047619047619,0.33095238095238094,0.4811111111111111,0.0,0.0,0.0,0.0,0.0
0.68736842105263163,EditedNearestNeighbours,0.19070041322215414,0.18781680568709888,0.6008730158730159,0.5188888888888888,0.6828571428571429,0.3171428571428571,0.4811111111111111,0.0,0.0,0.0,0.0,0.0
0.42684210526315791,InstanceHardnessThreshold,0.18554132492803307,0.17789342739688752,0.6003174603174602,0.5744444444444445,0.6261904761904762,0.3738095238095238,0.42555555555555563,0.0,0.0,0.0,0.0,0.0
0.73947368421052628,ClusterCentroids,0.13062699741206543,0.13044470323082169,0.5638888888888888,0.36777777777777776,0.7600000000000001,0.24,0.6322222222222222,0.0,0.0,0.0,0.0,0.0
0.47894736842105268,InstanceHardnessThreshold,0.20151044959956976,0.19181800165441043,0.6091269841269842,0.5944444444444446,0.6238095238095238,0.3761904761904762,0.4055555555555556,0.0,0.0,0.0,0.0,0.0
0.42684210526315791,NearMiss,0.15900908770187797,0.15497107423484255,0.5850793650793651,0.5211111111111111,0.649047619047619,0.35095238095238096,0.4788888888888889,0.0,0.0,0.0,0.0,0.0
0.79157894736842105,ClusterCentroids,0.14496609454691364,0.14483822832393622,0.5716666666666667,0.38999999999999996,0.7533333333333333,0.24666666666666667,0.61,0.0,0.0,0.0,0.0,0.0
0.5831578947368421,InstanceHardnessThreshold,0.19335413577970459,0.1872626417521617,0.6039682539682539,0.5622222222222222,0.6457142857142857,0.3542857142857143,0.4377777777777778,0.0,0.0,0.0,0.0,0.0
0.53105263157894744,InstanceHardnessThreshold,0.21208159726170417,0.2039678165604917,0.6145238095238095,0.59,0.639047619047619,0.36095238095238097,0.41,0.0,0.0,0.0,0.0,0.0
0.63526315789473686,InstanceHardnessThreshold,0.22571354520391865,0.2178138363378008,0.6216666666666667,0.5933333333333334,0.65,0.3499999999999999,0.4066666666666667,0.0,0.0,0.0,0.0,0.0
0.68736842105263163,InstanceHardnessThreshold,0.18704408704801634,0.18100325954152127,0.6006349206349207,0.5588888888888889,0.6423809523809524,0.35761904761904767,0.44111111111111106,0.0,0.0,0.0,0.0,0.0
0.47894736842105268,NearMiss,0.17391620724642506,0.16910248705185957,0.5931746031746031,0.5411111111111111,0.6452380952380953,0.3547619047619048,0.4588888888888889,0.0,0.0,0.0,0.0,0.0
0.73947368421052628,EditedNearestNeighbours,0.19414367425867921,0.19065881268282961,0.6030952380952381,0.53,0.6761904761904761,0.3238095238095238,0.47,0.0,0.0,0.0,0.0,0.0
0.5831578947368421,NearMiss,0.1802837863580993,0.17635279809780294,0.596111111111111,0.5288888888888889,0.6633333333333334,0.3366666666666666,0.4711111111111112,0.0,0.0,0.0,0.0,0.0
0.42684210526315791,NeighbourhoodCleaningRule,0.15877212438784696,0.15589910257534156,0.5842857142857143,0.5033333333333333,0.6652380952380952,0.33476190476190476,0.49666666666666665,0.0,0.0,0.0,0.0,0.0
0.53105263157894744,NearMiss,0.18711602794486334,0.18322319533995099,0.5996825396825397,0.5322222222222223,0.6671428571428571,0.33285714285714285,0.4677777777777778,0.0,0.0,0.0,0.0,0.0
0.79157894736842105,EditedNearestNeighbours,0.17197218194543371,0.16858526972955179,0.5915079365079364,0.5177777777777778,0.6652380952380952,0.33476190476190476,0.4822222222222223,0.0,0.0,0.0,0.0,0.0
0.63526315789473686,NearMiss,0.15759678090758419,0.15350356578642466,0.5843650793650794,0.5211111111111111,0.6476190476190476,0.3523809523809524,0.47888888888888886,0.0,0.0,0.0,0.0,0.0
0.68736842105263163,NearMiss,0.16020795980421232,0.15652507924836676,0.5855555555555556,0.5177777777777778,0.6533333333333332,0.3466666666666667,0.4822222222222223,0.0,0.0,0.0,0.0,0.0
0.47894736842105268,NeighbourhoodCleaningRule,0.17159818534969704,0.16994085201164544,0.5898412698412699,0.48444444444444446,0.6952380952380951,0.30476190476190473,0.5155555555555555,0.0,0.0,0.0,0.0,0.0
0.73947368421052628,InstanceHardnessThreshold,0.20751263741604883,0.19974912600189909,0.611984126984127,0.5844444444444444,0.6395238095238095,0.36047619047619045,0.4155555555555555,0.0,0.0,0.0,0.0,0.0
0.5831578947368421,NeighbourhoodCleaningRule,0.15932729966632744,0.15720750817269877,0.584047619047619,0.49,0.6780952380952381,0.32190476190476186,0.51,0.0,0.0,0.0,0.0,0.0
0.53105263157894744,NeighbourhoodCleaningRule,0.16441817182694166,0.16266843797855524,0.5863492063492063,0.4855555555555556,0.6871428571428572,0.3128571428571429,0.5144444444444444,0.0,0.0,0.0,0.0,0.0
0.63526315789473686,NeighbourhoodCleaningRule,0.18149501903564091,0.17901496630413205,0.5957936507936509,0.5077777777777778,0.6838095238095239,0.3161904761904762,0.4922222222222223,0.0,0.0,0.0,0.0,0.0
0.79157894736842105,InstanceHardnessThreshold,0.17712314696680101,0.17031218810068938,0.5956349206349206,0.5622222222222223,0.629047619047619,0.370952380952381,0.43777777777777777,0.0,0.0,0.0,0.0,0.0
0.68736842105263163,NeighbourhoodCleaningRule,0.17158462767042013,0.16991453419236782,0.5899206349206348,0.48888888888888893,0.690952380952381,0.309047619047619,0.5111111111111111,0.0,0.0,0.0,0.0,0.0
0.73947368421052628,NearMiss,0.15659842053794548,0.15232663564957602,0.5838888888888889,0.5244444444444445,0.6433333333333333,0.3566666666666667,0.47555555555555556,0.0,0.0,0.0,0.0,0.0
0.42684210526315791,OneSidedSelection,0.14916708813015159,0.14869550405523113,0.572063492063492,0.3688888888888889,0.7752380952380952,0.22476190476190472,0.6311111111111111,0.0,0.0,0.0,0.0,0.0
0.42684210526315791,RandomUnderSampler,0.14300477399727951,0.13444696478562976,0.5777777777777777,0.5755555555555555,0.5800000000000001,0.4200000000000001,0.42444444444444446,0.0,0.0,0.0,0.0,0.0
0.47894736842105268,OneSidedSelection,0.18450652954965707,0.1832629127554615,0.5876190476190476,0.37666666666666665,0.7985714285714285,0.20142857142857143,0.6233333333333332,0.0,0.0,0.0,0.0,0.0
0.79157894736842105,NearMiss,0.1614229074735215,0.15708360964746726,0.5865079365079365,0.5277777777777778,0.6452380952380952,0.3547619047619048,0.47222222222222227,0.0,0.0,0.0,0.0,0.0
0.73947368421052628,NeighbourhoodCleaningRule,0.16671520244096549,0.16460584384513177,0.5878571428571429,0.4933333333333334,0.6823809523809524,0.3176190476190476,0.5066666666666667,0.0,0.0,0.0,0.0,0.0
0.47894736842105268,RandomUnderSampler,0.13442721754204898,0.12288287109715683,0.5731746031746031,0.601111111111111,0.5452380952380952,0.45476190476190476,0.3988888888888889,0.0,0.0,0.0,0.0,0.0
0.5831578947368421,OneSidedSelection,0.13035125070709247,0.13015536215658763,0.564047619047619,0.37333333333333335,0.7547619047619047,0.24523809523809523,0.6266666666666666,0.0,0.0,0.0,0.0,0.0
0.53105263157894744,OneSidedSelection,0.14523665988073867,0.14506387921022068,0.5714285714285714,0.3833333333333333,0.7595238095238095,0.24047619047619048,0.6166666666666667,0.0,0.0,0.0,0.0,0.0
0.63526315789473686,OneSidedSelection,0.13974192235941282,0.13953027103198679,0.5684126984126985,0.3744444444444444,0.7623809523809525,0.23761904761904762,0.6255555555555555,0.0,0.0,0.0,0.0,0.0
0.68736842105263163,OneSidedSelection,0.11350834921449339,0.11317880399857394,0.5549206349206349,0.34555555555555556,0.7642857142857142,0.23571428571428568,0.6544444444444444,0.0,0.0,0.0,0.0,0.0
0.79157894736842105,NeighbourhoodCleaningRule,0.16186927245613694,0.1601906732359597,0.584920634920635,0.4822222222222223,0.6876190476190477,0.31238095238095237,0.5177777777777778,0.0,0.0,0.0,0.0,0.0
0.42684210526315791,TomekLinks,0.1562375635078315,0.15568599014823484,0.5753968253968255,0.37222222222222223,0.7785714285714285,0.22142857142857142,0.6277777777777778,0.0,0.0,0.0,0.0,0.0
0.5831578947368421,RandomUnderSampler,0.15671482675754975,0.14585676071864392,0.5853968253968255,0.5988888888888889,0.5719047619047619,0.4280952380952381,0.4011111111111112,0.0,0.0,0.0,0.0,0.0
0.53105263157894744,RandomUnderSampler,0.15937119817385589,0.15139080536398522,0.5865079365079365,0.5711111111111111,0.6019047619047618,0.3980952380952381,0.4288888888888889,0.0,0.0,0.0,0.0,0.0
0.63526315789473686,RandomUnderSampler,0.14835874602139393,0.14019249862453897,0.5806349206349207,0.5722222222222222,0.5890476190476192,0.41095238095238096,0.4277777777777778,0.0,0.0,0.0,0.0,0.0
0.68736842105263163,RandomUnderSampler,0.14399605581452149,0.13483362922445494,0.5784126984126984,0.5811111111111112,0.5757142857142857,0.4242857142857142,0.4188888888888889,0.0,0.0,0.0,0.0,0.0
0.47894736842105268,TomekLinks,0.15393685270856805,0.1532291035295196,0.5742063492063493,0.37222222222222223,0.7761904761904761,0.22380952380952382,0.6277777777777778,0.0,0.0,0.0,0.0,0.0
0.73947368421052628,OneSidedSelection,0.11355780483087052,0.11324315898026238,0.555,0.3466666666666667,0.7633333333333333,0.23666666666666666,0.6533333333333334,0.0,0.0,0.0,0.0,0.0
0.42684210526315791,ADASYN,0.13990324418071112,0.13977405859862235,0.5687301587301588,0.3788888888888889,0.7585714285714286,0.2414285714285714,0.6211111111111112,0.0,0.0,0.0,0.0,0.0
0.79157894736842105,OneSidedSelection,0.14755376513968518,0.14733764441641573,0.5724603174603174,0.3844444444444444,0.7604761904761905,0.2395238095238095,0.6155555555555556,0.0,0.0,0.0,0.0,0.0
0.5831578947368421,TomekLinks,0.1463379690666298,0.14604862443747493,0.5713492063492063,0.3755555555555555,0.7671428571428572,0.23285714285714287,0.6244444444444445,0.0,0.0,0.0,0.0,0.0
0.73947368421052628,RandomUnderSampler,0.13838530049420583,0.13000885568987108,0.5753174603174603,0.5711111111111111,0.5795238095238097,0.4204761904761905,0.4288888888888889,0.0,0.0,0.0,0.0,0.0
0.53105263157894744,TomekLinks,0.15009584866067135,0.14981411384177357,0.5732539682539682,0.3788888888888889,0.7676190476190476,0.23238095238095238,0.6211111111111111,0.0,0.0,0.0,0.0,0.0
0.63526315789473686,TomekLinks,0.14977182544420231,0.14922486888215711,0.5722222222222222,0.36777777777777776,0.7766666666666667,0.2233333333333333,0.6322222222222221,0.0,0.0,0.0,0.0,0.0
0.68736842105263163,TomekLinks,0.15720121317042071,0.15665944763100956,0.576031746031746,0.37444444444444436,0.7776190476190475,0.22238095238095237,0.6255555555555555,0.0,0.0,0.0,0.0,0.0
0.79157894736842105,RandomUnderSampler,0.17562796253470334,0.16524275313741296,0.5955555555555555,0.5977777777777779,0.5933333333333334,0.4066666666666667,0.4022222222222222,0.0,0.0,0.0,0.0,0.0
0.47894736842105268,ADASYN,0.11601524709770773,0.1159115682721152,0.557142857142857,0.3666666666666667,0.7476190476190476,0.25238095238095243,0.6333333333333333,0.0,0.0,0.0,0.0,0.0
0.42684210526315791,RandomOverSampler,0.13371068676575118,0.1334041165054701,0.565873015873016,0.3788888888888889,0.752857142857143,0.2471428571428571,0.6211111111111112,0.0,0.0,0.0,0.0,0.0
0.73947368421052628,TomekLinks,0.14908978690134936,0.14884837000107143,0.5727777777777778,0.3788888888888889,0.7666666666666666,0.2333333333333333,0.6211111111111111,0.0,0.0,0.0,0.0,0.0
0.79157894736842105,TomekLinks,0.13840482729085299,0.13814693660769961,0.5676984126984127,0.3744444444444444,0.7609523809523809,0.23904761904761904,0.6255555555555555,0.0,0.0,0.0,0.0,0.0
0.47894736842105268,RandomOverSampler,0.12928075587442386,0.12917213117332005,0.5637301587301587,0.3755555555555555,0.751904761904762,0.24809523809523806,0.6244444444444445,0.0,0.0,0.0,0.0,0.0
0.42684210526315791,SMOTE,0.13144007719465214,0.12668316585209882,0.5708730158730159,0.5255555555555556,0.6161904761904763,0.3838095238095238,0.47444444444444445,0.0,0.0,0.0,0.0,0.0
0.5831578947368421,ADASYN,0.13969844341956031,0.13967089033063992,0.5695238095238094,0.3933333333333333,0.7457142857142859,0.2542857142857143,0.6066666666666667,0.0,0.0,0.0,0.0,0.0
0.53105263157894744,ADASYN,0.14375842003855271,0.14364637335136185,0.5711111111111112,0.38888888888888884,0.7533333333333334,0.24666666666666662,0.6111111111111112,0.0,0.0,0.0,0.0,0.0
0.63526315789473686,ADASYN,0.16930822476013915,0.16929491006691522,0.5842857142857142,0.41333333333333333,0.7552380952380952,0.24476190476190474,0.5866666666666667,0.0,0.0,0.0,0.0,0.0
0.68736842105263163,ADASYN,0.1789185999787235,0.1787726423790138,0.5882539682539684,0.40888888888888886,0.7676190476190478,0.23238095238095235,0.5911111111111111,0.0,0.0,0.0,0.0,0.0
0.42684210526315791,SMOTEENN,0.17112795906802347,0.16550572981663492,0.5918253968253969,0.5488888888888889,0.6347619047619047,0.3652380952380953,0.4511111111111111,0.0,0.0,0.0,0.0,0.0
0.73947368421052628,ADASYN,0.13165155560602249,0.13144955739835895,0.5643650793650794,0.36777777777777776,0.7609523809523809,0.23904761904761904,0.6322222222222222,0.0,0.0,0.0,0.0,0.0
0.47894736842105268,SMOTE,0.16132072346785678,0.15320362791224698,0.5875396825396826,0.5722222222222223,0.6028571428571429,0.3971428571428571,0.42777777777777776,0.0,0.0,0.0,0.0,0.0
0.79157894736842105,ADASYN,0.12708105769541941,0.12696145259780797,0.5624603174603175,0.3711111111111111,0.7538095238095238,0.24619047619047618,0.6288888888888889,0.0,0.0,0.0,0.0,0.0
0.5831578947368421,RandomOverSampler,0.15668855881322835,0.15617406671084599,0.5757142857142857,0.3733333333333333,0.7780952380952382,0.2219047619047619,0.6266666666666666,0.0,0.0,0.0,0.0,0.0
0.53105263157894744,RandomOverSampler,0.15772294862996125,0.15743974076567815,0.5769047619047619,0.3833333333333333,0.7704761904761904,0.22952380952380955,0.6166666666666666,0.0,0.0,0.0,0.0,0.0
0.63526315789473686,RandomOverSampler,0.13940564548728143,0.1389048065760724,0.5672222222222223,0.36111111111111116,0.7733333333333333,0.22666666666666666,0.6388888888888888,0.0,0.0,0.0,0.0,0.0
0.68736842105263163,RandomOverSampler,0.14460244661762225,0.14435515999255766,0.5706349206349207,0.3755555555555556,0.7657142857142857,0.2342857142857143,0.6244444444444445,0.0,0.0,0.0,0.0,0.0
0.42684210526315791,SMOTETomek,0.16568943008151069,0.16062423528069567,0.5888888888888889,0.5377777777777778,0.64,0.36000000000000004,0.46222222222222226,0.0,0.0,0.0,0.0,0.0
0.47894736842105268,SMOTEENN,0.18453264962243254,0.18181871989031026,0.5975396825396826,0.5155555555555557,0.6795238095238094,0.3204761904761905,0.48444444444444446,0.0,0.0,0.0,0.0,0.0
0.73947368421052628,RandomOverSampler,0.13553936548394588,0.13515557616471185,0.5657936507936508,0.3644444444444444,0.767142857142857,0.23285714285714285,0.6355555555555555,0.0,0.0,0.0,0.0,0.0
0.84368421052631581,None,0.14413333716227239,0.14344435616982576,0.5690476190476191,0.3566666666666667,0.7814285714285713,0.21857142857142856,0.6433333333333333,0.0,0.0,0.0,0.0,0.0
0.79157894736842105,RandomOverSampler,0.13595071612576129,0.13561065808277406,0.5659523809523809,0.3633333333333333,0.7685714285714286,0.23142857142857143,0.6366666666666667,0.0,0.0,0.0,0.0,0.0
0.5831578947368421,SMOTE,0.20981516366209066,0.20441791830339043,0.6123015873015873,0.5622222222222222,0.6623809523809524,0.33761904761904765,0.4377777777777778,0.0,0.0,0.0,0.0,0.0
0.53105263157894744,SMOTE,0.1955687365714818,0.18912569910013691,0.6052380952380952,0.5666666666666668,0.6438095238095237,0.35619047619047617,0.43333333333333335,0.0,0.0,0.0,0.0,0.0
0.63526315789473686,SMOTE,0.18274827179376171,0.1783043780242507,0.5976984126984127,0.5377777777777778,0.6576190476190477,0.3423809523809524,0.46222222222222226,0.0,0.0,0.0,0.0,0.0
0.68736842105263163,SMOTE,0.19041187956994188,0.18542911014711772,0.601984126984127,0.5477777777777778,0.6561904761904761,0.3438095238095238,0.45222222222222225,0.0,0.0,0.0,0.0,0.0
0.47894736842105268,SMOTETomek,0.16106472365448798,0.15660535007848031,0.5863492063492064,0.5288888888888889,0.6438095238095237,0.35619047619047617,0.4711111111111111,0.0,0.0,0.0,0.0,0.0
0.73947368421052628,SMOTE,0.18449191453755862,0.17903470560703205,0.599047619047619,0.55,0.6480952380952381,0.3519047619047619,0.45,0.0,0.0,0.0,0.0,0.0
0.89578947368421058,None,0.16796671971421739,0.16721183793018488,0.5805555555555556,0.3744444444444445,0.7866666666666667,0.21333333333333335,0.6255555555555555,0.0,0.0,0.0,0.0,0.0
0.79157894736842105,SMOTE,0.17720619131636686,0.17234305190198537,0.5950000000000001,0.54,0.65,0.3499999999999999,0.46,0.0,0.0,0.0,0.0,0.0
0.5831578947368421,SMOTEENN,0.1903537563541545,0.18794732312327542,0.6003174603174602,0.5111111111111111,0.6895238095238095,0.3104761904761905,0.48888888888888893,0.0,0.0,0.0,0.0,0.0
0.53105263157894744,SMOTEENN,0.17287084292143148,0.16914582287990446,0.5921428571428571,0.5233333333333334,0.6609523809523811,0.33904761904761904,0.47666666666666674,0.0,0.0,0.0,0.0,0.0
0.63526315789473686,SMOTEENN,0.19313073627503655,0.19123952098235719,0.6011904761904762,0.5033333333333333,0.6990476190476191,0.3009523809523809,0.49666666666666676,0.0,0.0,0.0,0.0,0.0
0.68736842105263163,SMOTEENN,0.20791367174663525,0.20534273471463685,0.6095238095238096,0.5233333333333333,0.6957142857142857,0.3042857142857143,0.47666666666666674,0.0,0.0,0.0,0.0,0.0
0.84368421052631581,ClusterCentroids,0.14961635239636983,0.14952031495570764,0.5738888888888889,0.39111111111111113,0.7566666666666665,0.24333333333333332,0.6088888888888888,0.0,0.0,0.0,0.0,0.0
0.73947368421052628,SMOTEENN,0.19278604513513251,0.19101535414994128,0.6008730158730159,0.4988888888888889,0.7028571428571428,0.29714285714285715,0.5011111111111112,0.0,0.0,0.0,0.0,0.0
0.84368421052631581,EditedNearestNeighbours,0.20528182721376384,0.20245808711800697,0.6083333333333333,0.5266666666666667,0.6900000000000001,0.31,0.47333333333333333,0.0,0.0,0.0,0.0,0.0
0.79157894736842105,SMOTEENN,0.19590566373624643,0.19371915918716254,0.6029365079365078,0.5111111111111112,0.6947619047619047,0.30523809523809525,0.48888888888888893,0.0,0.0,0.0,0.0,0.0
0.84368421052631581,InstanceHardnessThreshold,0.18806948907267443,0.18040281501156211,0.6016666666666667,0.5766666666666667,0.6266666666666666,0.37333333333333335,0.42333333333333334,0.0,0.0,0.0,0.0,0.0
0.5831578947368421,SMOTETomek,0.1598225960944647,0.15547967661188702,0.5856349206349206,0.5255555555555556,0.6457142857142858,0.35428571428571426,0.47444444444444445,0.0,0.0,0.0,0.0,0.0
0.53105263157894744,SMOTETomek,0.18719805292193761,0.18096854099143359,0.6007936507936508,0.5611111111111111,0.6404761904761904,0.3595238095238096,0.4388888888888889,0.0,0.0,0.0,0.0,0.0
0.63526315789473686,SMOTETomek,0.18180452617732804,0.17512426915297383,0.598015873015873,0.5622222222222223,0.6338095238095238,0.3661904761904762,0.4377777777777778,0.0,0.0,0.0,0.0,0.0
0.68736842105263163,SMOTETomek,0.17682151572846358,0.17141877276913853,0.5950000000000001,0.5466666666666667,0.6433333333333334,0.3566666666666667,0.45333333333333337,0.0,0.0,0.0,0.0,0.0
0.89578947368421058,ClusterCentroids,0.11500225392812974,0.11488886093718942,0.5565079365079365,0.3611111111111111,0.7519047619047617,0.24809523809523806,0.6388888888888888,0.0,0.0,0.0,0.0,0.0
0.84368421052631581,NearMiss,0.19536921635149371,0.19152783529072318,0.6039682539682539,0.5355555555555557,0.6723809523809523,0.3276190476190476,0.4644444444444445,0.0,0.0,0.0,0.0,0.0
0.89578947368421058,EditedNearestNeighbours,0.14650285142687244,0.14445890780372919,0.5773809523809522,0.4833333333333334,0.6714285714285714,0.3285714285714285,0.5166666666666666,0.0,0.0,0.0,0.0,0.0
0.73947368421052628,SMOTETomek,0.17861895120859103,0.17283800172196037,0.5961111111111111,0.5522222222222223,0.64,0.36000000000000004,0.4477777777777778,0.0,0.0,0.0,0.0,0.0
0.94789473684210535,None,0.12996671703777649,0.1293675402558461,0.5623015873015874,0.34888888888888897,0.7757142857142858,0.22428571428571428,0.6511111111111111,0.0,0.0,0.0,0.0,0.0
1.0,None,0.15280850262980603,0.15226439427333871,0.5737301587301588,0.3688888888888889,0.7785714285714285,0.22142857142857145,0.6311111111111111,0.0,0.0,0.0,0.0,0.0
0.84368421052631581,NeighbourhoodCleaningRule,0.17487916951826432,0.17333212308420284,0.5915079365079365,0.4877777777777778,0.6952380952380953,0.30476190476190473,0.5122222222222222,0.0,0.0,0.0,0.0,0.0
0.79157894736842105,SMOTETomek,0.17670632961992508,0.17100346625270924,0.595079365079365,0.5511111111111111,0.6390476190476191,0.36095238095238097,0.4488888888888889,0.0,0.0,0.0,0.0,0.0
0.89578947368421058,InstanceHardnessThreshold,0.22363451068140061,0.21618198714251413,0.6203968253968254,0.5888888888888889,0.6519047619047619,0.34809523809523807,0.41111111111111115,0.0,0.0,0.0,0.0,0.0
0.94789473684210535,ClusterCentroids,0.13369787954439141,0.13368322641889166,0.5665079365079365,0.3877777777777778,0.7452380952380953,0.2547619047619048,0.6122222222222222,0.0,0.0,0.0,0.0,0.0
1.0,ClusterCentroids,0.15974377943095788,0.15966128208349306,0.5788888888888889,0.3977777777777778,0.7600000000000001,0.24,0.6022222222222222,0.0,0.0,0.0,0.0,0.0
0.89578947368421058,NearMiss,0.18214655295288332,0.17722632172648367,0.5976190476190476,0.5433333333333333,0.6519047619047619,0.34809523809523807,0.4566666666666666,0.0,0.0,0.0,0.0,0.0
0.84368421052631581,OneSidedSelection,0.13586386553327892,0.13554231079817672,0.5661111111111111,0.3655555555555556,0.7666666666666666,0.23333333333333336,0.6344444444444445,0.0,0.0,0.0,0.0,0.0
0.94789473684210535,EditedNearestNeighbours,0.16918407247172637,0.16615906375661879,0.5898412698412698,0.5111111111111112,0.6685714285714287,0.3314285714285714,0.48888888888888893,0.0,0.0,0.0,0.0,0.0
1.0,EditedNearestNeighbours,0.1489581715928818,0.14605948849236383,0.5792063492063492,0.4988888888888889,0.6595238095238095,0.34047619047619043,0.5011111111111112,0.0,0.0,0.0,0.0,0.0
0.84368421052631581,RandomUnderSampler,0.11997439959863972,0.11308652294009876,0.5652380952380952,0.5533333333333333,0.5771428571428572,0.4228571428571429,0.4466666666666666,0.0,0.0,0.0,0.0,0.0
0.89578947368421058,NeighbourhoodCleaningRule,0.16584598447613449,0.16464788278171663,0.5864285714285714,0.4733333333333334,0.6995238095238095,0.30047619047619045,0.5266666666666666,0.0,0.0,0.0,0.0,0.0
0.94789473684210535,InstanceHardnessThreshold,0.20323100770805391,0.1947803392918892,0.609920634920635,0.5888888888888889,0.6309523809523809,0.36904761904761907,0.41111111111111115,0.0,0.0,0.0,0.0,0.0
1.0,InstanceHardnessThreshold,0.19289729041551271,0.18608291860332296,0.6039682539682539,0.5688888888888889,0.6390476190476191,0.3609523809523809,0.43111111111111117,0.0,0.0,0.0,0.0,0.0
0.84368421052631581,TomekLinks,0.14452429943757772,0.14425633807123472,0.5704761904761905,0.37333333333333335,0.7676190476190476,0.23238095238095238,0.6266666666666667,0.0,0.0,0.0,0.0,0.0
0.94789473684210535,NearMiss,0.1974177724934191,0.19296875193171301,0.6052380952380952,0.5433333333333333,0.6671428571428571,0.3328571428571429,0.4566666666666666,0.0,0.0,0.0,0.0,0.0
1.0,NearMiss,0.1523220972669955,0.14995281613842326,0.5806349206349206,0.4922222222222223,0.669047619047619,0.330952380952381,0.5077777777777778,0.0,0.0,0.0,0.0,0.0
0.89578947368421058,OneSidedSelection,0.16413004246732862,0.16390949722637468,0.5805555555555556,0.39444444444444443,0.7666666666666666,0.2333333333333333,0.6055555555555555,0.0,0.0,0.0,0.0,0.0
0.89578947368421058,RandomUnderSampler,0.12517100753056415,0.11743833559125179,0.5680952380952381,0.5599999999999999,0.5761904761904761,0.4238095238095238,0.44,0.0,0.0,0.0,0.0,0.0
0.94789473684210535,NeighbourhoodCleaningRule,0.1713332486982857,0.16914604932558117,0.5903174603174604,0.4977777777777777,0.6828571428571429,0.31714285714285717,0.5022222222222222,0.0,0.0,0.0,0.0,0.0
1.0,NeighbourhoodCleaningRule,0.14626125936228843,0.14509689061120445,0.5763492063492063,0.46222222222222226,0.6904761904761904,0.30952380952380953,0.5377777777777778,0.0,0.0,0.0,0.0,0.0
0.84368421052631581,ADASYN,0.13169437732510461,0.13156609762753591,0.5646825396825397,0.37222222222222223,0.7571428571428571,0.24285714285714288,0.6277777777777778,0.0,0.0,0.0,0.0,0.0
0.89578947368421058,TomekLinks,0.15818784567584426,0.15794059124869167,0.5773015873015873,0.3855555555555556,0.769047619047619,0.23095238095238094,0.6144444444444445,0.0,0.0,0.0,0.0,0.0
0.94789473684210535,OneSidedSelection,0.1468366895031141,0.1466294327346446,0.5719047619047619,0.38000000000000006,0.7638095238095238,0.2361904761904762,0.62,0.0,0.0,0.0,0.0,0.0
1.0,OneSidedSelection,0.1436765384356318,0.14313249338164746,0.5692857142857143,0.36333333333333334,0.7752380952380952,0.22476190476190475,0.6366666666666667,0.0,0.0,0.0,0.0,0.0
0.94789473684210535,RandomUnderSampler,0.16438856913231778,0.15444950813841829,0.5893650793650793,0.5944444444444444,0.5842857142857142,0.4157142857142857,0.4055555555555556,0.0,0.0,0.0,0.0,0.0
1.0,RandomUnderSampler,0.15343649197246342,0.14361362552152024,0.5834920634920635,0.5888888888888889,0.5780952380952381,0.42190476190476184,0.41111111111111115,0.0,0.0,0.0,0.0,0.0
0.84368421052631581,RandomOverSampler,0.1283722024741947,0.12808118921933589,0.5623809523809523,0.36000000000000004,0.7647619047619049,0.23523809523809525,0.64,0.0,0.0,0.0,0.0,0.0
0.94789473684210535,TomekLinks,0.15444479368602218,0.15440156787545159,0.5765873015873016,0.3988888888888889,0.7542857142857141,0.2457142857142857,0.601111111111111,0.0,0.0,0.0,0.0,0.0
0.89578947368421058,ADASYN,0.15176031339549689,0.15171756282853044,0.5751587301587301,0.3955555555555555,0.7547619047619047,0.24523809523809523,0.6044444444444443,0.0,0.0,0.0,0.0,0.0
1.0,TomekLinks,0.13390126809357,0.13356212531748915,0.5651587301587301,0.3655555555555556,0.7647619047619049,0.23523809523809525,0.6344444444444444,0.0,0.0,0.0,0.0,0.0
0.89578947368421058,RandomOverSampler,0.14852762105404924,0.14822725392306435,0.5725396825396826,0.3788888888888889,0.7661904761904762,0.2338095238095238,0.6211111111111111,0.0,0.0,0.0,0.0,0.0
0.84368421052631581,SMOTE,0.15311653448977605,0.14930709834311995,0.5819047619047618,0.5166666666666666,0.6471428571428571,0.3528571428571428,0.4833333333333334,0.0,0.0,0.0,0.0,0.0
0.94789473684210535,ADASYN,0.12817282427717766,0.12809471528361729,0.5631746031746032,0.3744444444444444,0.751904761904762,0.24809523809523812,0.6255555555555555,0.0,0.0,0.0,0.0,0.0
1.0,ADASYN,0.14332846806150512,0.14321909149764786,0.5710317460317461,0.39111111111111113,0.7509523809523809,0.24904761904761905,0.6088888888888889,0.0,0.0,0.0,0.0,0.0
0.84368421052631581,SMOTEENN,0.20374709345462358,0.20060963886824124,0.6077777777777779,0.5288888888888889,0.6866666666666666,0.3133333333333333,0.47111111111111104,0.0,0.0,0.0,0.0,0.0
0.94789473684210535,RandomOverSampler,0.17247053534156165,0.17202780859631825,0.5836507936507935,0.3877777777777778,0.7795238095238094,0.2204761904761905,0.6122222222222223,0.0,0.0,0.0,0.0,0.0
1.0,RandomOverSampler,0.13718963734376236,0.1368343166799447,0.5665873015873015,0.3655555555555556,0.7676190476190475,0.23238095238095235,0.6344444444444445,0.0,0.0,0.0,0.0,0.0
0.89578947368421058,SMOTE,0.18747139085137465,0.18201895487017317,0.6006349206349206,0.5522222222222223,0.649047619047619,0.35095238095238096,0.44777777777777783,0.0,0.0,0.0,0.0,0.0
0.89578947368421058,SMOTEENN,0.19229018836973702,0.18987889458136928,0.6011904761904762,0.51,0.6923809523809524,0.3076190476190476,0.49,0.0,0.0,0.0,0.0,0.0
0.94789473684210535,SMOTE,0.1997330905349155,0.19332751039960475,0.6074603174603174,0.5677777777777777,0.6471428571428571,0.3528571428571429,0.43222222222222223,0.0,0.0,0.0,0.0,0.0
0.84368421052631581,SMOTETomek,0.19818308164681983,0.19271275178275518,0.6061904761904762,0.5566666666666668,0.6557142857142858,0.3442857142857143,0.44333333333333336,0.0,0.0,0.0,0.0,0.0
1.0,SMOTE,0.22211758579765303,0.21652304931761171,0.6187301587301587,0.5688888888888889,0.6685714285714285,0.3314285714285714,0.43111111111111117,0.0,0.0,0.0,0.0,0.0
0.94789473684210535,SMOTEENN,0.16108145372432511,0.15917402421466556,0.5847619047619047,0.48666666666666664,0.6828571428571429,0.3171428571428571,0.5133333333333333,0.0,0.0,0.0,0.0,0.0
1.0,SMOTEENN,0.1755915592171495,0.17251928637396005,0.5931746031746031,0.5144444444444445,0.6719047619047619,0.32809523809523816,0.4855555555555555,0.0,0.0,0.0,0.0,0.0
0.89578947368421058,SMOTETomek,0.21345007784083034,0.20706085395089346,0.6146031746031747,0.5744444444444444,0.6547619047619048,0.3452380952380952,0.42555555555555563,0.0,0.0,0.0,0.0,0.0
0.94789473684210535,SMOTETomek,0.17894152677059605,0.17393614325972681,0.595952380952381,0.5433333333333333,0.6485714285714286,0.3514285714285714,0.4566666666666667,0.0,0.0,0.0,0.0,0.0
1.0,SMOTETomek,0.17893150943852718,0.17388847425169862,0.5959523809523809,0.5433333333333333,0.6485714285714286,0.3514285714285714,0.4566666666666667,0.0,0.0,0.0,0.0,0.0
