-1 1:0.450675	2:-0.478709	3:-0.194648	4:0.000000	5:0.000000	6:0.000000	7:0.000000	8:0.000000	9:0.000000	10:0.000000	11:0.000000	12:0.000000	13:1.000000	14:0.000000	15:0.000000	16:0.000000	17:1.000000	18:1.000000	19:1.000000	20:1.000000	21:0.000000	
1 1:-0.845161	2:-0.075084	3:-0.194648	4:0.000000	5:0.000000	6:0.000000	7:0.000000	8:0.000000	9:0.000000	10:0.000000	11:0.000000	12:0.000000	13:0.000000	14:0.000000	15:0.000000	16:0.000000	17:0.000000	18:0.000000	19:1.000000	20:1.000000	21:0.000000	
1 1:0.466835	2:0.126728	3:-0.185930	4:0.000000	5:0.000000	6:0.000000	7:0.000000	8:0.000000	9:0.000000	10:1.000000	11:0.000000	12:0.000000	13:0.000000	14:0.000000	15:0.000000	16:0.000000	17:0.000000	18:0.000000	19:0.000000	20:1.000000	21:0.000000	
1 1:-0.710831	2:0.126728	3:-0.158033	4:1.000000	5:0.000000	6:0.000000	7:0.000000	8:0.000000	9:0.000000	10:0.000000	11:0.000000	12:0.000000	13:0.000000	14:0.000000	15:0.000000	16:0.000000	17:0.000000	18:0.000000	19:0.000000	20:1.000000	21:0.000000	
-1 1:-0.415909	2:-0.478709	3:-0.194648	4:1.000000	5:0.000000	6:0.000000	7:0.000000	8:0.000000	9:0.000000	10:0.000000	11:0.000000	12:0.000000	13:1.000000	14:0.000000	15:0.000000	16:0.000000	17:1.000000	18:1.000000	19:0.000000	20:1.000000	21:0.000000	
1 1:0.854677	2:-0.075084	3:-0.091602	4:0.000000	5:0.000000	6:1.000000	7:0.000000	8:0.000000	9:0.000000	10:0.000000	11:0.000000	12:0.000000	13:1.000000	14:0.000000	15:0.000000	16:0.000000	17:0.000000	18:0.000000	19:1.000000	20:1.000000	21:0.000000	
-1 1:-0.845161	2:-0.478709	3:-0.194648	4:0.000000	5:0.000000	6:1.000000	7:0.000000	8:0.000000	9:0.000000	10:0.000000	11:0.000000	12:0.000000	13:1.000000	14:0.000000	15:0.000000	16:0.000000	17:0.000000	18:1.000000	19:0.000000	20:1.000000	21:0.000000	
1 1:-0.660330	2:0.126728	3:-0.194648	4:1.000000	5:0.000000	6:0.000000	7:1.000000	8:0.000000	9:0.000000	10:0.000000	11:0.000000	12:0.000000	13:0.000000	14:0.000000	15:0.000000	16:0.000000	17:0.000000	18:0.000000	19:0.000000	20:1.000000	21:0.000000	
1 1:1.460679	2:-0.276897	3:-0.191335	4:0.000000	5:0.000000	6:0.000000	7:0.000000	8:0.000000	9:0.000000	10:0.000000	11:0.000000	12:0.000000	13:1.000000	14:0.000000	15:0.000000	16:0.000000	17:0.000000	18:0.000000	19:1.000000	20:1.000000	21:0.000000	
1 1:-0.458329	2:1.741225	3:0.186152	4:1.000000	5:0.000000	6:0.000000	7:0.000000	8:0.000000	9:0.000000	10:0.000000	11:0.000000	12:0.000000	13:1.000000	14:0.000000	15:0.000000	16:0.000000	17:0.000000	18:0.000000	19:0.000000	20:1.000000	21:0.000000	
-1 1:1.157678	2:-0.478709	3:-0.189068	4:0.000000	5:0.000000	6:0.000000	7:0.000000	8:0.000000	9:0.000000	10:0.000000	11:0.000000	12:0.000000	13:0.000000	14:0.000000	15:0.000000	16:0.000000	17:1.000000	18:1.000000	19:0.000000	20:1.000000	21:0.000000	
1 1:0.652676	2:0.732164	3:0.025044	4:0.000000	5:0.000000	6:0.000000	7:0.000000	8:0.000000	9:0.000000	10:0.000000	11:0.000000	12:0.000000	13:1.000000	14:0.000000	15:0.000000	16:0.000000	17:0.000000	18:0.000000	19:0.000000	20:1.000000	21:0.000000	
1 1:-0.854251	2:0.126728	3:-0.194648	4:1.000000	5:0.000000	6:0.000000	7:0.000000	8:0.000000	9:0.000000	10:0.000000	11:0.000000	12:0.000000	13:1.000000	14:0.000000	15:0.000000	16:0.000000	17:0.000000	18:0.000000	19:0.000000	20:1.000000	21:0.000000	
1 1:1.107178	2:-0.075084	3:-0.194648	4:0.000000	5:0.000000	6:0.000000	7:0.000000	8:0.000000	9:0.000000	10:0.000000	11:1.000000	12:0.000000	13:1.000000	14:0.000000	15:0.000000	16:0.000000	17:0.000000	18:0.000000	19:0.000000	20:1.000000	21:0.000000	
1 1:-0.938082	2:-0.478709	3:0.171506	4:1.000000	5:0.000000	6:0.000000	7:0.000000	8:0.000000	9:0.000000	10:1.000000	11:0.000000	12:0.000000	13:1.000000	14:0.000000	15:0.000000	16:0.000000	17:1.000000	18:1.000000	19:1.000000	20:1.000000	21:0.000000	
1 1:0.349674	2:-0.276897	3:-0.107468	4:1.000000	5:0.000000	6:1.000000	7:0.000000	8:0.000000	9:0.000000	10:0.000000	11:0.000000	12:0.000000	13:0.000000	14:0.000000	15:0.000000	16:1.000000	17:0.000000	18:0.000000	19:1.000000	20:1.000000	21:0.000000	
1 1:-0.862331	2:-0.478709	3:-0.050976	4:0.000000	5:0.000000	6:0.000000	7:0.000000	8:0.000000	9:0.000000	10:0.000000	11:1.000000	12:0.000000	13:0.000000	14:0.000000	15:0.000000	16:0.000000	17:0.000000	18:1.000000	19:1.000000	20:1.000000	21:0.000000	
-1 1:-0.685580	2:0.126728	3:-0.188894	4:0.000000	5:0.000000	6:0.000000	7:0.000000	8:0.000000	9:0.000000	10:0.000000	11:0.000000	12:1.000000	13:0.000000	14:0.000000	15:0.000000	16:0.000000	17:1.000000	18:0.000000	19:1.000000	20:1.000000	21:0.000000	
-1 1:0.046673	2:-0.478709	3:-0.194648	4:1.000000	5:0.000000	6:0.000000	7:0.000000	8:0.000000	9:1.000000	10:0.000000	11:0.000000	12:0.000000	13:0.000000	14:0.000000	15:0.000000	16:1.000000	17:1.000000	18:1.000000	19:1.000000	20:1.000000	21:0.000000	
1 1:1.662680	2:1.337601	3:-0.194648	4:0.000000	5:0.000000	6:0.000000	7:0.000000	8:0.000000	9:1.000000	10:0.000000	11:0.000000	12:0.000000	13:0.000000	14:0.000000	15:0.000000	16:1.000000	17:0.000000	18:0.000000	19:0.000000	20:1.000000	21:0.000000	
1 1:0.046673	2:0.732164	3:-0.130658	4:1.000000	5:0.000000	6:0.000000	7:0.000000	8:0.000000	9:0.000000	10:0.000000	11:0.000000	12:0.000000	13:0.000000	14:0.000000	15:0.000000	16:1.000000	17:0.000000	18:0.000000	19:1.000000	20:1.000000	21:0.000000	
1 1:1.056677	2:-0.478709	3:-0.194648	4:0.000000	5:0.000000	6:0.000000	7:0.000000	8:0.000000	9:0.000000	10:0.000000	11:1.000000	12:0.000000	13:0.000000	14:0.000000	15:0.000000	16:0.000000	17:1.000000	18:1.000000	19:1.000000	20:1.000000	21:0.000000	
-1 1:-0.955252	2:-0.478709	3:-0.194648	4:1.000000	5:0.000000	6:0.000000	7:0.000000	8:0.000000	9:0.000000	10:0.000000	11:0.000000	12:0.000000	13:1.000000	14:0.000000	15:0.000000	16:0.000000	17:1.000000	18:1.000000	19:1.000000	20:1.000000	21:0.000000	
1 1:0.955677	2:1.539413	3:-0.192904	4:0.000000	5:0.000000	6:1.000000	7:0.000000	8:0.000000	9:0.000000	10:0.000000	11:0.000000	12:0.000000	13:1.000000	14:0.000000	15:0.000000	16:0.000000	17:1.000000	18:0.000000	19:0.000000	20:1.000000	21:0.000000	
1 1:-0.920912	2:-0.478709	3:-0.194648	4:1.000000	5:0.000000	6:0.000000	7:0.000000	8:0.000000	9:0.000000	10:1.000000	11:0.000000	12:0.000000	13:1.000000	14:0.000000	15:0.000000	16:0.000000	17:0.000000	18:1.000000	19:0.000000	20:1.000000	21:0.000000	
1 1:-0.559330	2:0.328540	3:1.120717	4:1.000000	5:0.000000	6:0.000000	7:0.000000	8:0.000000	9:0.000000	10:0.000000	11:0.000000	12:0.000000	13:0.000000	14:0.000000	15:0.000000	16:0.000000	17:0.000000	18:0.000000	19:1.000000	20:1.000000	21:0.000000	
-1 1:-0.458329	2:-0.478709	3:-0.194648	4:1.000000	5:0.000000	6:0.000000	7:0.000000	8:0.000000	9:0.000000	10:0.000000	11:0.000000	12:0.000000	13:1.000000	14:0.000000	15:0.000000	16:0.000000	17:1.000000	18:1.000000	19:0.000000	20:1.000000	21:0.000000	
-1 1:1.081928	2:-0.478709	3:-0.194648	4:1.000000	5:0.000000	6:0.000000	7:0.000000	8:0.000000	9:0.000000	10:1.000000	11:0.000000	12:0.000000	13:1.000000	14:0.000000	15:0.000000	16:0.000000	17:1.000000	18:1.000000	19:1.000000	20:1.000000	21:0.000000	
1 1:1.124348	2:-0.276897	3:-0.185930	4:0.000000	5:0.000000	6:0.000000	7:1.000000	8:0.000000	9:0.000000	10:0.000000	11:0.000000	12:0.000000	13:0.000000	14:0.000000	15:0.000000	16:0.000000	17:0.000000	18:0.000000	19:0.000000	20:1.000000	21:0.000000	
-1 1:-0.794661	2:-0.478709	3:-0.194648	4:1.000000	5:0.000000	6:0.000000	7:0.000000	8:0.000000	9:0.000000	10:0.000000	11:0.000000	12:0.000000	13:1.000000	14:0.000000	15:0.000000	16:0.000000	17:1.000000	18:1.000000	19:0.000000	20:0.000000	21:1.000000	
-1 1:-0.660330	2:-0.478709	3:-0.194648	4:0.000000	5:0.000000	6:0.000000	7:0.000000	8:0.000000	9:0.000000	10:0.000000	11:0.000000	12:0.000000	13:0.000000	14:1.000000	15:0.000000	16:0.000000	17:1.000000	18:1.000000	19:1.000000	20:1.000000	21:0.000000	
-1 1:-0.155328	2:-0.478709	3:-0.027263	4:0.000000	5:0.000000	6:0.000000	7:0.000000	8:0.000000	9:0.000000	10:0.000000	11:0.000000	12:0.000000	13:0.000000	14:0.000000	15:1.000000	16:0.000000	17:0.000000	18:1.000000	19:1.000000	20:1.000000	21:0.000000	
-1 1:-0.862331	2:-0.478709	3:-0.194648	4:0.000000	5:0.000000	6:0.000000	7:0.000000	8:1.000000	9:0.000000	10:0.000000	11:0.000000	12:0.000000	13:0.000000	14:0.000000	15:0.000000	16:0.000000	17:1.000000	18:1.000000	19:1.000000	20:1.000000	21:0.000000	
1 1:-0.862331	2:0.530352	3:-0.194648	4:1.000000	5:0.000000	6:0.000000	7:0.000000	8:0.000000	9:0.000000	10:0.000000	11:0.000000	12:0.000000	13:1.000000	14:0.000000	15:0.000000	16:0.000000	17:0.000000	18:0.000000	19:0.000000	20:1.000000	21:0.000000	
1 1:1.056677	2:-0.478709	3:-0.194648	4:1.000000	5:0.000000	6:0.000000	7:0.000000	8:0.000000	9:0.000000	10:1.000000	11:0.000000	12:0.000000	13:0.000000	14:0.000000	15:0.000000	16:0.000000	17:0.000000	18:1.000000	19:0.000000	20:1.000000	21:0.000000	
-1 1:-0.248249	2:-0.478709	3:-0.194474	4:1.000000	5:0.000000	6:0.000000	7:0.000000	8:0.000000	9:0.000000	10:0.000000	11:0.000000	12:0.000000	13:0.000000	14:1.000000	15:0.000000	16:0.000000	17:1.000000	18:1.000000	19:0.000000	20:1.000000	21:0.000000	
-1 1:3.539269	2:-0.276897	3:-0.175643	4:1.000000	5:0.000000	6:0.000000	7:0.000000	8:1.000000	9:0.000000	10:0.000000	11:0.000000	12:0.000000	13:0.000000	14:0.000000	15:0.000000	16:0.000000	17:0.000000	18:0.000000	19:0.000000	20:1.000000	21:0.000000	
1 1:-0.382579	2:-0.478709	3:-0.194648	4:0.000000	5:0.000000	6:0.000000	7:0.000000	8:0.000000	9:0.000000	10:0.000000	11:1.000000	12:0.000000	13:1.000000	14:0.000000	15:0.000000	16:0.000000	17:1.000000	18:1.000000	19:1.000000	20:1.000000	21:0.000000	
-1 1:-0.147248	2:0.933976	3:-0.194648	4:1.000000	5:0.000000	6:0.000000	7:0.000000	8:0.000000	9:1.000000	10:0.000000	11:0.000000	12:0.000000	13:0.000000	14:0.000000	15:0.000000	16:1.000000	17:0.000000	18:0.000000	19:0.000000	20:1.000000	21:0.000000	
-1 1:-0.921922	2:-0.478709	3:-0.063879	4:1.000000	5:0.000000	6:1.000000	7:0.000000	8:0.000000	9:0.000000	10:0.000000	11:0.000000	12:0.000000	13:1.000000	14:0.000000	15:0.000000	16:0.000000	17:1.000000	18:1.000000	19:1.000000	20:1.000000	21:0.000000	
1 1:0.854677	2:0.530352	3:-0.194648	4:0.000000	5:0.000000	6:0.000000	7:0.000000	8:0.000000	9:0.000000	10:0.000000	11:1.000000	12:0.000000	13:1.000000	14:0.000000	15:0.000000	16:0.000000	17:0.000000	18:0.000000	19:0.000000	20:1.000000	21:0.000000	
-1 1:-0.652250	2:-0.478709	3:-0.194648	4:1.000000	5:0.000000	6:0.000000	7:0.000000	8:0.000000	9:0.000000	10:0.000000	11:0.000000	12:1.000000	13:1.000000	14:0.000000	15:0.000000	16:0.000000	17:1.000000	18:1.000000	19:1.000000	20:1.000000	21:0.000000	
1 1:2.024262	2:0.530352	3:-0.194648	4:1.000000	5:0.000000	6:1.000000	7:0.000000	8:0.000000	9:0.000000	10:0.000000	11:0.000000	12:0.000000	13:1.000000	14:0.000000	15:0.000000	16:0.000000	17:0.000000	18:0.000000	19:0.000000	20:1.000000	21:0.000000	
-1 1:-0.248249	2:-0.478709	3:-0.194648	4:0.000000	5:0.000000	6:0.000000	7:0.000000	8:0.000000	9:1.000000	10:0.000000	11:0.000000	12:0.000000	13:0.000000	14:0.000000	15:0.000000	16:1.000000	17:0.000000	18:1.000000	19:0.000000	20:1.000000	21:0.000000	
1 1:-0.786581	2:-0.075084	3:0.154070	4:1.000000	5:0.000000	6:0.000000	7:0.000000	8:0.000000	9:0.000000	10:0.000000	11:1.000000	12:0.000000	13:1.000000	14:0.000000	15:0.000000	16:0.000000	17:0.000000	18:0.000000	19:0.000000	20:1.000000	21:0.000000	
-1 1:0.450675	2:-0.478709	3:-0.194648	4:1.000000	5:0.000000	6:0.000000	7:0.000000	8:0.000000	9:0.000000	10:0.000000	11:0.000000	12:0.000000	13:1.000000	14:0.000000	15:0.000000	16:0.000000	17:1.000000	18:1.000000	19:1.000000	20:1.000000	21:0.000000	
1 1:0.753676	2:-0.276897	3:0.154070	4:1.000000	5:0.000000	6:0.000000	7:1.000000	8:0.000000	9:0.000000	10:0.000000	11:0.000000	12:0.000000	13:0.000000	14:0.000000	15:0.000000	16:0.000000	17:0.000000	18:0.000000	19:0.000000	20:1.000000	21:0.000000	
-1 1:-0.930002	2:-0.276897	3:-0.177212	4:0.000000	5:0.000000	6:0.000000	7:0.000000	8:0.000000	9:0.000000	10:0.000000	11:0.000000	12:0.000000	13:0.000000	14:1.000000	15:0.000000	16:0.000000	17:0.000000	18:0.000000	19:1.000000	20:1.000000	21:0.000000	
1 1:2.066682	2:-0.478709	3:2.108984	4:0.000000	5:0.000000	6:0.000000	7:0.000000	8:1.000000	9:0.000000	10:0.000000	11:0.000000	12:0.000000	13:0.000000	14:0.000000	15:0.000000	16:0.000000	17:0.000000	18:1.000000	19:1.000000	20:1.000000	21:0.000000	
-1 1:-0.710831	2:-0.478709	3:-0.194648	4:1.000000	5:0.000000	6:0.000000	7:0.000000	8:0.000000	9:0.000000	10:0.000000	11:0.000000	12:1.000000	13:1.000000	14:0.000000	15:0.000000	16:0.000000	17:1.000000	18:1.000000	19:1.000000	20:1.000000	21:0.000000	
-1 1:-0.281579	2:-0.478709	3:-0.194648	4:1.000000	5:0.000000	6:0.000000	7:0.000000	8:0.000000	9:0.000000	10:0.000000	11:0.000000	12:0.000000	13:0.000000	14:0.000000	15:0.000000	16:0.000000	17:1.000000	18:1.000000	19:0.000000	20:1.000000	21:0.000000	
1 1:-0.205828	2:-0.276897	3:-0.167797	4:0.000000	5:0.000000	6:0.000000	7:0.000000	8:0.000000	9:0.000000	10:0.000000	11:0.000000	12:0.000000	13:1.000000	14:0.000000	15:0.000000	16:0.000000	17:1.000000	18:0.000000	19:0.000000	20:1.000000	21:0.000000	
-1 1:-0.938082	2:-0.478709	3:-0.194648	4:1.000000	5:0.000000	6:0.000000	7:0.000000	8:0.000000	9:0.000000	10:0.000000	11:0.000000	12:0.000000	13:1.000000	14:0.000000	15:0.000000	16:0.000000	17:1.000000	18:1.000000	19:1.000000	20:1.000000	21:0.000000	
-1 1:-0.794661	2:-0.478709	3:-0.194648	4:1.000000	5:0.000000	6:0.000000	7:0.000000	8:0.000000	9:0.000000	10:0.000000	11:0.000000	12:0.000000	13:1.000000	14:0.000000	15:0.000000	16:0.000000	17:0.000000	18:1.000000	19:1.000000	20:0.000000	21:1.000000	
1 1:-0.458329	2:0.732164	3:0.166624	4:1.000000	5:0.000000	6:0.000000	7:1.000000	8:0.000000	9:0.000000	10:0.000000	11:0.000000	12:0.000000	13:0.000000	14:0.000000	15:0.000000	16:0.000000	17:0.000000	18:0.000000	19:1.000000	20:1.000000	21:0.000000	
-1 1:-0.718911	2:-0.478709	3:-0.194648	4:1.000000	5:0.000000	6:0.000000	7:0.000000	8:1.000000	9:0.000000	10:0.000000	11:0.000000	12:0.000000	13:0.000000	14:0.000000	15:0.000000	16:0.000000	17:1.000000	18:1.000000	19:1.000000	20:1.000000	21:0.000000	
-1 1:-0.811831	2:-0.478709	3:-0.194648	4:1.000000	5:0.000000	6:1.000000	7:0.000000	8:0.000000	9:0.000000	10:0.000000	11:0.000000	12:0.000000	13:1.000000	14:0.000000	15:0.000000	16:0.000000	17:1.000000	18:1.000000	19:0.000000	20:1.000000	21:0.000000	
1 1:1.258678	2:0.933976	3:-0.194648	4:1.000000	5:0.000000	6:0.000000	7:0.000000	8:1.000000	9:0.000000	10:0.000000	11:0.000000	12:0.000000	13:0.000000	14:0.000000	15:0.000000	16:0.000000	17:0.000000	18:0.000000	19:0.000000	20:1.000000	21:0.000000	
1 1:-0.407829	2:0.732164	3:-0.090033	4:1.000000	5:0.000000	6:0.000000	7:0.000000	8:0.000000	9:0.000000	10:0.000000	11:0.000000	12:0.000000	13:1.000000	14:0.000000	15:0.000000	16:0.000000	17:0.000000	18:0.000000	19:1.000000	20:1.000000	21:0.000000	
1 1:-0.854251	2:-0.276897	3:-0.184361	4:1.000000	5:0.000000	6:0.000000	7:0.000000	8:0.000000	9:0.000000	10:0.000000	11:0.000000	12:0.000000	13:1.000000	14:0.000000	15:0.000000	16:0.000000	17:0.000000	18:0.000000	19:0.000000	20:1.000000	21:0.000000	
-1 1:-0.660330	2:-0.075084	3:-0.176340	4:0.000000	5:0.000000	6:0.000000	7:0.000000	8:0.000000	9:0.000000	10:0.000000	11:0.000000	12:0.000000	13:0.000000	14:1.000000	15:0.000000	16:0.000000	17:1.000000	18:0.000000	19:0.000000	20:1.000000	21:0.000000	
-1 1:-0.829001	2:-0.478709	3:-0.193776	4:0.000000	5:0.000000	6:0.000000	7:0.000000	8:0.000000	9:0.000000	10:0.000000	11:0.000000	12:1.000000	13:1.000000	14:0.000000	15:0.000000	16:0.000000	17:1.000000	18:1.000000	19:1.000000	20:1.000000	21:0.000000	
-1 1:0.105253	2:-0.276897	3:-0.194648	4:1.000000	5:0.000000	6:0.000000	7:0.000000	8:0.000000	9:0.000000	10:0.000000	11:1.000000	12:0.000000	13:1.000000	14:0.000000	15:0.000000	16:0.000000	17:0.000000	18:0.000000	19:1.000000	20:1.000000	21:0.000000	
1 1:-0.071498	2:1.539413	3:-0.194648	4:1.000000	5:0.000000	6:0.000000	7:0.000000	8:0.000000	9:0.000000	10:1.000000	11:0.000000	12:0.000000	13:1.000000	14:0.000000	15:0.000000	16:0.000000	17:0.000000	18:0.000000	19:0.000000	20:1.000000	21:0.000000	
-1 1:0.349674	2:-0.478709	3:-0.194648	4:0.000000	5:0.000000	6:0.000000	7:0.000000	8:0.000000	9:1.000000	10:0.000000	11:0.000000	12:0.000000	13:0.000000	14:0.000000	15:0.000000	16:1.000000	17:1.000000	18:1.000000	19:0.000000	20:1.000000	21:0.000000	
-1 1:-0.071498	2:-0.478709	3:-0.194648	4:0.000000	5:0.000000	6:0.000000	7:0.000000	8:0.000000	9:0.000000	10:0.000000	11:0.000000	12:0.000000	13:0.000000	14:0.000000	15:0.000000	16:0.000000	17:0.000000	18:1.000000	19:1.000000	20:1.000000	21:0.000000	
1 1:-0.660330	2:-0.478709	3:-0.191161	4:1.000000	5:0.000000	6:0.000000	7:1.000000	8:0.000000	9:0.000000	10:0.000000	11:0.000000	12:0.000000	13:1.000000	14:0.000000	15:0.000000	16:0.000000	17:0.000000	18:1.000000	19:0.000000	20:1.000000	21:0.000000	
-1 1:0.291094	2:-0.276897	3:-0.142340	4:1.000000	5:0.000000	6:0.000000	7:0.000000	8:0.000000	9:0.000000	10:0.000000	11:1.000000	12:0.000000	13:1.000000	14:0.000000	15:0.000000	16:0.000000	17:0.000000	18:0.000000	19:1.000000	20:1.000000	21:0.000000	
1 1:-0.803751	2:-0.075084	3:-0.124904	4:0.000000	5:0.000000	6:0.000000	7:0.000000	8:0.000000	9:0.000000	10:0.000000	11:1.000000	12:0.000000	13:1.000000	14:0.000000	15:0.000000	16:0.000000	17:0.000000	18:0.000000	19:0.000000	20:1.000000	21:0.000000	
1 1:0.559755	2:2.346661	3:0.206378	4:0.000000	5:0.000000	6:0.000000	7:0.000000	8:0.000000	9:0.000000	10:0.000000	11:1.000000	12:0.000000	13:0.000000	14:0.000000	15:0.000000	16:0.000000	17:0.000000	18:0.000000	19:1.000000	20:1.000000	21:0.000000	
1 1:-0.862331	2:-0.478709	3:-0.194648	4:1.000000	5:0.000000	6:0.000000	7:0.000000	8:0.000000	9:0.000000	10:0.000000	11:0.000000	12:0.000000	13:0.000000	14:0.000000	15:0.000000	16:1.000000	17:0.000000	18:1.000000	19:0.000000	20:0.000000	21:1.000000	
1 1:-0.829001	2:-0.276897	3:-0.194299	4:0.000000	5:0.000000	6:0.000000	7:0.000000	8:0.000000	9:0.000000	10:0.000000	11:0.000000	12:0.000000	13:1.000000	14:0.000000	15:0.000000	16:0.000000	17:1.000000	18:0.000000	19:1.000000	20:1.000000	21:0.000000	
-1 1:-0.904751	2:1.539413	3:-0.191510	4:0.000000	5:0.000000	6:0.000000	7:0.000000	8:0.000000	9:0.000000	10:0.000000	11:0.000000	12:0.000000	13:0.000000	14:1.000000	15:0.000000	16:0.000000	17:1.000000	18:0.000000	19:1.000000	20:1.000000	21:0.000000	
1 1:0.248674	2:0.530352	3:-0.003376	4:1.000000	5:0.000000	6:0.000000	7:0.000000	8:0.000000	9:0.000000	10:0.000000	11:0.000000	12:0.000000	13:1.000000	14:0.000000	15:0.000000	16:0.000000	17:0.000000	18:0.000000	19:0.000000	20:1.000000	21:0.000000	
-1 1:-0.559330	2:-0.478709	3:-0.194474	4:0.000000	5:0.000000	6:0.000000	7:0.000000	8:0.000000	9:0.000000	10:0.000000	11:0.000000	12:0.000000	13:0.000000	14:0.000000	15:1.000000	16:0.000000	17:1.000000	18:1.000000	19:0.000000	20:1.000000	21:0.000000	
1 1:-0.887581	2:0.328540	3:-0.194648	4:0.000000	5:0.000000	6:0.000000	7:0.000000	8:0.000000	9:0.000000	10:0.000000	11:1.000000	12:0.000000	13:1.000000	14:0.000000	15:0.000000	16:0.000000	17:0.000000	18:0.000000	19:1.000000	20:1.000000	21:0.000000	
1 1:0.753676	2:1.539413	3:-0.022033	4:0.000000	5:0.000000	6:0.000000	7:0.000000	8:0.000000	9:0.000000	10:0.000000	11:1.000000	12:0.000000	13:1.000000	14:0.000000	15:0.000000	16:0.000000	17:0.000000	18:0.000000	19:1.000000	20:1.000000	21:0.000000	
-1 1:0.248674	2:-0.478709	3:-0.194648	4:0.000000	5:0.000000	6:0.000000	7:0.000000	8:0.000000	9:0.000000	10:0.000000	11:0.000000	12:0.000000	13:1.000000	14:0.000000	15:0.000000	16:0.000000	17:1.000000	18:1.000000	19:1.000000	20:1.000000	21:0.000000	
1 1:-0.205828	2:-0.276897	3:-0.194648	4:0.000000	5:0.000000	6:0.000000	7:0.000000	8:0.000000	9:0.000000	10:0.000000	11:0.000000	12:0.000000	13:1.000000	14:0.000000	15:0.000000	16:0.000000	17:0.000000	18:0.000000	19:0.000000	20:1.000000	21:0.000000	
1 1:-0.930002	2:-0.276897	3:1.200224	4:1.000000	5:0.000000	6:0.000000	7:0.000000	8:0.000000	9:0.000000	10:0.000000	11:0.000000	12:0.000000	13:0.000000	14:0.000000	15:0.000000	16:0.000000	17:0.000000	18:0.000000	19:0.000000	20:1.000000	21:0.000000	
-1 1:0.147673	2:-0.478709	3:-0.194648	4:0.000000	5:0.000000	6:0.000000	7:0.000000	8:0.000000	9:0.000000	10:1.000000	11:0.000000	12:0.000000	13:1.000000	14:0.000000	15:0.000000	16:0.000000	17:1.000000	18:1.000000	19:0.000000	20:0.000000	21:1.000000	
-1 1:-0.938082	2:-0.478709	3:-0.174945	4:1.000000	5:0.000000	6:0.000000	7:0.000000	8:0.000000	9:0.000000	10:0.000000	11:0.000000	12:0.000000	13:1.000000	14:0.000000	15:0.000000	16:0.000000	17:1.000000	18:1.000000	19:0.000000	20:1.000000	21:0.000000	
1 1:-0.710831	2:-0.478709	3:-0.194648	4:1.000000	5:0.000000	6:0.000000	7:0.000000	8:0.000000	9:0.000000	10:1.000000	11:0.000000	12:0.000000	13:1.000000	14:0.000000	15:0.000000	16:0.000000	17:1.000000	18:1.000000	19:1.000000	20:1.000000	21:0.000000	
-1 1:-0.912832	2:-0.478709	3:-0.159079	4:1.000000	5:0.000000	6:0.000000	7:0.000000	8:0.000000	9:0.000000	10:0.000000	11:0.000000	12:0.000000	13:0.000000	14:0.000000	15:0.000000	16:0.000000	17:1.000000	18:1.000000	19:1.000000	20:1.000000	21:0.000000	
-1 1:2.167682	2:-0.478709	3:-0.194648	4:1.000000	5:0.000000	6:0.000000	7:0.000000	8:0.000000	9:0.000000	10:0.000000	11:0.000000	12:0.000000	13:1.000000	14:0.000000	15:0.000000	16:0.000000	17:0.000000	18:1.000000	19:1.000000	20:1.000000	21:0.000000	
-1 1:-0.155328	2:-0.478709	3:-0.194648	4:1.000000	5:0.000000	6:0.000000	7:1.000000	8:0.000000	9:0.000000	10:0.000000	11:0.000000	12:0.000000	13:1.000000	14:0.000000	15:0.000000	16:0.000000	17:1.000000	18:1.000000	19:0.000000	20:1.000000	21:0.000000	
1 1:2.167682	2:3.557534	3:-0.171981	4:1.000000	5:0.000000	6:0.000000	7:0.000000	8:1.000000	9:0.000000	10:0.000000	11:0.000000	12:0.000000	13:0.000000	14:0.000000	15:0.000000	16:0.000000	17:0.000000	18:0.000000	19:1.000000	20:1.000000	21:0.000000	
1 1:1.561680	2:-0.478709	3:-0.194648	4:1.000000	5:0.000000	6:0.000000	7:0.000000	8:0.000000	9:0.000000	10:0.000000	11:0.000000	12:1.000000	13:1.000000	14:0.000000	15:0.000000	16:0.000000	17:0.000000	18:1.000000	19:0.000000	20:1.000000	21:0.000000	
1 1:-0.887581	2:-0.075084	3:-0.194648	4:1.000000	5:0.000000	6:0.000000	7:0.000000	8:0.000000	9:0.000000	10:0.000000	11:1.000000	12:0.000000	13:1.000000	14:0.000000	15:0.000000	16:0.000000	17:0.000000	18:0.000000	19:0.000000	20:1.000000	21:0.000000	
-1 1:-0.955252	2:-0.478709	3:0.328429	4:1.000000	5:0.000000	6:0.000000	7:0.000000	8:0.000000	9:0.000000	10:0.000000	11:0.000000	12:0.000000	13:0.000000	14:0.000000	15:0.000000	16:0.000000	17:0.000000	18:1.000000	19:1.000000	20:1.000000	21:0.000000	
-1 1:-0.920912	2:-0.478709	3:-0.194474	4:0.000000	5:0.000000	6:1.000000	7:0.000000	8:0.000000	9:0.000000	10:0.000000	11:0.000000	12:0.000000	13:1.000000	14:0.000000	15:0.000000	16:0.000000	17:1.000000	18:1.000000	19:1.000000	20:1.000000	21:0.000000	
-1 1:-0.054328	2:-0.478709	3:-0.194648	4:1.000000	5:0.000000	6:1.000000	7:0.000000	8:0.000000	9:0.000000	10:0.000000	11:0.000000	12:0.000000	13:1.000000	14:0.000000	15:0.000000	16:0.000000	17:0.000000	18:1.000000	19:0.000000	20:1.000000	21:0.000000	
1 1:-0.652250	2:-0.478709	3:-0.194648	4:1.000000	5:0.000000	6:0.000000	7:0.000000	8:0.000000	9:0.000000	10:0.000000	11:1.000000	12:0.000000	13:1.000000	14:0.000000	15:0.000000	16:0.000000	17:0.000000	18:1.000000	19:0.000000	20:1.000000	21:0.000000	
1 1:0.576925	2:1.943037	3:-0.056904	4:1.000000	5:0.000000	6:0.000000	7:0.000000	8:0.000000	9:0.000000	10:0.000000	11:0.000000	12:1.000000	13:0.000000	14:0.000000	15:0.000000	16:0.000000	17:0.000000	18:0.000000	19:1.000000	20:1.000000	21:0.000000	
-1 1:-0.895661	2:-0.478709	3:-0.194648	4:1.000000	5:0.000000	6:0.000000	7:1.000000	8:0.000000	9:0.000000	10:0.000000	11:0.000000	12:0.000000	13:1.000000	14:0.000000	15:0.000000	16:0.000000	17:1.000000	18:1.000000	19:1.000000	20:1.000000	21:0.000000	
-1 1:0.046673	2:-0.478709	3:-0.194648	4:1.000000	5:0.000000	6:1.000000	7:0.000000	8:0.000000	9:0.000000	10:0.000000	11:0.000000	12:0.000000	13:1.000000	14:0.000000	15:0.000000	16:0.000000	17:0.000000	18:1.000000	19:1.000000	20:1.000000	21:0.000000	
-1 1:-0.029078	2:-0.478709	3:-0.194648	4:1.000000	5:0.000000	6:0.000000	7:0.000000	8:0.000000	9:0.000000	10:0.000000	11:1.000000	12:0.000000	13:1.000000	14:0.000000	15:0.000000	16:0.000000	17:0.000000	18:1.000000	19:1.000000	20:0.000000	21:1.000000	
1 1:0.458755	2:0.732164	3:0.037598	4:1.000000	5:0.000000	6:0.000000	7:0.000000	8:0.000000	9:0.000000	10:0.000000	11:0.000000	12:0.000000	13:1.000000	14:0.000000	15:0.000000	16:0.000000	17:0.000000	18:0.000000	19:0.000000	20:1.000000	21:0.000000	
1 1:0.450675	2:0.126728	3:0.047885	4:1.000000	5:0.000000	6:0.000000	7:0.000000	8:0.000000	9:0.000000	10:0.000000	11:0.000000	12:0.000000	13:1.000000	14:0.000000	15:0.000000	16:0.000000	17:0.000000	18:0.000000	19:1.000000	20:1.000000	21:0.000000	
1 1:0.753676	2:0.126728	3:-0.194648	4:1.000000	5:0.000000	6:0.000000	7:0.000000	8:1.000000	9:0.000000	10:0.000000	11:0.000000	12:0.000000	13:0.000000	14:0.000000	15:0.000000	16:0.000000	17:0.000000	18:0.000000	19:1.000000	20:1.000000	21:0.000000	
-1 1:1.056677	2:-0.276897	3:-0.194474	4:1.000000	5:0.000000	6:0.000000	7:0.000000	8:0.000000	9:0.000000	10:0.000000	11:0.000000	12:1.000000	13:0.000000	14:0.000000	15:0.000000	16:0.000000	17:1.000000	18:0.000000	19:1.000000	20:1.000000	21:0.000000	
-1 1:1.107178	2:-0.478709	3:-0.192381	4:1.000000	5:0.000000	6:0.000000	7:0.000000	8:0.000000	9:0.000000	10:0.000000	11:0.000000	12:0.000000	13:0.000000	14:0.000000	15:0.000000	16:0.000000	17:1.000000	18:1.000000	19:1.000000	20:1.000000	21:0.000000	
1 1:1.157678	2:0.933976	3:-0.194648	4:0.000000	5:0.000000	6:0.000000	7:0.000000	8:0.000000	9:0.000000	10:0.000000	11:1.000000	12:0.000000	13:1.000000	14:0.000000	15:0.000000	16:0.000000	17:0.000000	18:0.000000	19:0.000000	20:1.000000	21:0.000000	
1 1:-0.256329	2:-0.478709	3:-0.194648	4:0.000000	5:0.000000	6:0.000000	7:0.000000	8:0.000000	9:0.000000	10:0.000000	11:0.000000	12:0.000000	13:1.000000	14:0.000000	15:0.000000	16:0.000000	17:0.000000	18:1.000000	19:0.000000	20:1.000000	21:0.000000	
-1 1:-0.627000	2:-0.478709	3:-0.194474	4:0.000000	5:0.000000	6:0.000000	7:0.000000	8:0.000000	9:0.000000	10:0.000000	11:0.000000	12:0.000000	13:0.000000	14:1.000000	15:0.000000	16:0.000000	17:1.000000	18:1.000000	19:1.000000	20:1.000000	21:0.000000	
-1 1:-0.803751	2:-0.478709	3:-0.194648	4:0.000000	5:0.000000	6:0.000000	7:0.000000	8:0.000000	9:1.000000	10:0.000000	11:0.000000	12:0.000000	13:1.000000	14:0.000000	15:0.000000	16:0.000000	17:1.000000	18:1.000000	19:1.000000	20:1.000000	21:0.000000	
-1 1:-0.500750	2:-0.478709	3:-0.194125	4:1.000000	5:0.000000	6:0.000000	7:0.000000	8:0.000000	9:0.000000	10:0.000000	11:0.000000	12:0.000000	13:0.000000	14:1.000000	15:0.000000	16:0.000000	17:1.000000	18:1.000000	19:1.000000	20:1.000000	21:0.000000	
-1 1:-0.710831	2:-0.478709	3:-0.194648	4:0.000000	5:0.000000	6:0.000000	7:0.000000	8:0.000000	9:1.000000	10:0.000000	11:0.000000	12:0.000000	13:0.000000	14:0.000000	15:0.000000	16:0.000000	17:1.000000	18:1.000000	19:0.000000	20:1.000000	21:0.000000	
-1 1:-0.475500	2:-0.478709	3:-0.194648	4:0.000000	5:0.000000	6:0.000000	7:0.000000	8:0.000000	9:0.000000	10:0.000000	11:0.000000	12:0.000000	13:1.000000	14:0.000000	15:0.000000	16:0.000000	17:1.000000	18:1.000000	19:1.000000	20:1.000000	21:0.000000	
-1 1:-0.660330	2:-0.478709	3:-0.159776	4:1.000000	5:0.000000	6:0.000000	7:0.000000	8:0.000000	9:0.000000	10:0.000000	11:0.000000	12:0.000000	13:0.000000	14:0.000000	15:0.000000	16:0.000000	17:0.000000	18:1.000000	19:1.000000	20:1.000000	21:0.000000	
-1 1:0.854677	2:-0.276897	3:-0.193602	4:1.000000	5:0.000000	6:0.000000	7:0.000000	8:0.000000	9:0.000000	10:0.000000	11:0.000000	12:0.000000	13:0.000000	14:1.000000	15:0.000000	16:0.000000	17:1.000000	18:0.000000	19:1.000000	20:1.000000	21:0.000000	
1 1:-0.904751	2:3.557534	3:2.420738	4:1.000000	5:0.000000	6:0.000000	7:0.000000	8:0.000000	9:0.000000	10:0.000000	11:0.000000	12:0.000000	13:0.000000	14:0.000000	15:0.000000	16:1.000000	17:0.000000	18:0.000000	19:1.000000	20:1.000000	21:0.000000	
-1 1:-0.508830	2:-0.478709	3:-0.170063	4:0.000000	5:0.000000	6:0.000000	7:1.000000	8:0.000000	9:0.000000	10:0.000000	11:0.000000	12:0.000000	13:1.000000	14:0.000000	15:0.000000	16:0.000000	17:1.000000	18:1.000000	19:0.000000	20:1.000000	21:0.000000	
1 1:-0.736081	2:-0.075084	3:-0.194648	4:0.000000	5:0.000000	6:0.000000	7:0.000000	8:0.000000	9:0.000000	10:0.000000	11:1.000000	12:0.000000	13:1.000000	14:0.000000	15:0.000000	16:0.000000	17:0.000000	18:0.000000	19:1.000000	20:1.000000	21:0.000000	
1 1:0.889017	2:1.943037	3:-0.156115	4:1.000000	5:0.000000	6:0.000000	7:0.000000	8:0.000000	9:0.000000	10:0.000000	11:0.000000	12:0.000000	13:1.000000	14:0.000000	15:0.000000	16:0.000000	17:0.000000	18:0.000000	19:0.000000	20:1.000000	21:0.000000	
-1 1:4.129111	2:-0.276897	3:-0.178956	4:1.000000	5:0.000000	6:0.000000	7:0.000000	8:0.000000	9:0.000000	10:0.000000	11:1.000000	12:0.000000	13:0.000000	14:0.000000	15:0.000000	16:0.000000	17:0.000000	18:0.000000	19:1.000000	20:1.000000	21:0.000000	
1 1:0.248674	2:-0.478709	3:-0.194648	4:0.000000	5:0.000000	6:0.000000	7:0.000000	8:0.000000	9:0.000000	10:1.000000	11:0.000000	12:0.000000	13:1.000000	14:0.000000	15:0.000000	16:0.000000	17:0.000000	18:1.000000	19:0.000000	20:1.000000	21:0.000000	
1 1:2.975686	2:2.750286	3:0.677147	4:1.000000	5:0.000000	6:0.000000	7:0.000000	8:0.000000	9:0.000000	10:0.000000	11:0.000000	12:0.000000	13:1.000000	14:0.000000	15:0.000000	16:0.000000	17:0.000000	18:0.000000	19:1.000000	20:1.000000	21:0.000000	
-1 1:-0.450249	2:-0.478709	3:-0.020289	4:1.000000	5:0.000000	6:0.000000	7:0.000000	8:0.000000	9:0.000000	10:0.000000	11:0.000000	12:0.000000	13:0.000000	14:1.000000	15:0.000000	16:0.000000	17:1.000000	18:1.000000	19:1.000000	20:1.000000	21:0.000000	
1 1:0.349674	2:1.943037	3:-0.194648	4:1.000000	5:0.000000	6:0.000000	7:0.000000	8:0.000000	9:0.000000	10:0.000000	11:0.000000	12:0.000000	13:0.000000	14:0.000000	15:0.000000	16:0.000000	17:0.000000	18:0.000000	19:0.000000	20:1.000000	21:0.000000	
1 1:-0.870411	2:1.741225	3:-0.193602	4:0.000000	5:0.000000	6:0.000000	7:1.000000	8:0.000000	9:0.000000	10:0.000000	11:0.000000	12:0.000000	13:0.000000	14:0.000000	15:0.000000	16:0.000000	17:0.000000	18:0.000000	19:0.000000	20:1.000000	21:0.000000	
1 1:-0.627000	2:-0.478709	3:-0.194648	4:0.000000	5:0.000000	6:0.000000	7:0.000000	8:0.000000	9:0.000000	10:0.000000	11:1.000000	12:0.000000	13:1.000000	14:0.000000	15:0.000000	16:0.000000	17:0.000000	18:1.000000	19:0.000000	20:1.000000	21:0.000000	
-1 1:-0.323999	2:-0.478709	3:-0.010176	4:1.000000	5:0.000000	6:0.000000	7:0.000000	8:0.000000	9:0.000000	10:0.000000	11:0.000000	12:0.000000	13:1.000000	14:0.000000	15:0.000000	16:0.000000	17:1.000000	18:1.000000	19:1.000000	20:1.000000	21:0.000000	
-1 1:-0.854251	2:-0.478709	3:-0.194474	4:1.000000	5:0.000000	6:0.000000	7:0.000000	8:0.000000	9:0.000000	10:0.000000	11:0.000000	12:0.000000	13:1.000000	14:0.000000	15:0.000000	16:0.000000	17:1.000000	18:1.000000	19:0.000000	20:1.000000	21:0.000000	
-1 1:-0.205828	2:-0.478709	3:-0.194299	4:1.000000	5:0.000000	6:0.000000	7:0.000000	8:0.000000	9:1.000000	10:0.000000	11:0.000000	12:0.000000	13:0.000000	14:0.000000	15:0.000000	16:1.000000	17:1.000000	18:1.000000	19:1.000000	20:1.000000	21:0.000000	
-1 1:-0.256329	2:-0.478709	3:-0.194648	4:0.000000	5:0.000000	6:0.000000	7:0.000000	8:0.000000	9:0.000000	10:0.000000	11:0.000000	12:1.000000	13:1.000000	14:0.000000	15:0.000000	16:0.000000	17:0.000000	18:1.000000	19:1.000000	20:0.000000	21:1.000000	
-1 1:-0.854251	2:-0.276897	3:-0.117233	4:1.000000	5:0.000000	6:0.000000	7:0.000000	8:0.000000	9:0.000000	10:0.000000	11:0.000000	12:1.000000	13:1.000000	14:0.000000	15:0.000000	16:0.000000	17:1.000000	18:0.000000	19:1.000000	20:1.000000	21:0.000000	
-1 1:-0.407829	2:-0.478709	3:-0.190289	4:1.000000	5:0.000000	6:0.000000	7:0.000000	8:0.000000	9:0.000000	10:0.000000	11:0.000000	12:0.000000	13:0.000000	14:1.000000	15:0.000000	16:0.000000	17:1.000000	18:1.000000	19:1.000000	20:1.000000	21:0.000000	
1 1:-0.551250	2:4.162971	3:0.020860	4:0.000000	5:0.000000	6:0.000000	7:0.000000	8:0.000000	9:0.000000	10:0.000000	11:1.000000	12:0.000000	13:0.000000	14:0.000000	15:0.000000	16:0.000000	17:0.000000	18:0.000000	19:0.000000	20:1.000000	21:0.000000	
-1 1:4.111941	2:-0.276897	3:-0.107468	4:1.000000	5:0.000000	6:0.000000	7:0.000000	8:0.000000	9:0.000000	10:0.000000	11:0.000000	12:0.000000	13:0.000000	14:0.000000	15:0.000000	16:0.000000	17:0.000000	18:0.000000	19:0.000000	20:1.000000	21:0.000000	
1 1:-0.887581	2:-0.478709	3:-0.194648	4:1.000000	5:0.000000	6:0.000000	7:0.000000	8:0.000000	9:0.000000	10:0.000000	11:0.000000	12:0.000000	13:1.000000	14:0.000000	15:0.000000	16:0.000000	17:0.000000	18:1.000000	19:0.000000	20:0.000000	21:1.000000	
1 1:-0.323999	2:0.126728	3:-0.194648	4:1.000000	5:0.000000	6:0.000000	7:0.000000	8:0.000000	9:0.000000	10:0.000000	11:0.000000	12:0.000000	13:1.000000	14:0.000000	15:0.000000	16:0.000000	17:0.000000	18:0.000000	19:0.000000	20:1.000000	21:0.000000	
-1 1:-0.963332	2:-0.478709	3:-0.194648	4:0.000000	5:0.000000	6:0.000000	7:0.000000	8:0.000000	9:0.000000	10:0.000000	11:0.000000	12:0.000000	13:0.000000	14:1.000000	15:0.000000	16:0.000000	17:1.000000	18:1.000000	19:1.000000	20:1.000000	21:0.000000	
-1 1:-0.054328	2:-0.478709	3:0.016326	4:1.000000	5:0.000000	6:0.000000	7:0.000000	8:0.000000	9:0.000000	10:0.000000	11:0.000000	12:0.000000	13:0.000000	14:0.000000	15:0.000000	16:1.000000	17:1.000000	18:1.000000	19:1.000000	20:1.000000	21:0.000000	
-1 1:-0.710831	2:-0.478709	3:-0.194648	4:0.000000	5:0.000000	6:0.000000	7:0.000000	8:0.000000	9:0.000000	10:0.000000	11:0.000000	12:0.000000	13:0.000000	14:1.000000	15:0.000000	16:0.000000	17:0.000000	18:1.000000	19:1.000000	20:1.000000	21:0.000000	
1 1:-0.921922	2:1.741225	3:0.281701	4:1.000000	5:0.000000	6:0.000000	7:0.000000	8:0.000000	9:0.000000	10:1.000000	11:0.000000	12:0.000000	13:1.000000	14:0.000000	15:0.000000	16:0.000000	17:0.000000	18:0.000000	19:1.000000	20:1.000000	21:0.000000	
-1 1:1.157678	2:-0.478709	3:-0.194648	4:1.000000	5:0.000000	6:0.000000	7:0.000000	8:0.000000	9:0.000000	10:0.000000	11:0.000000	12:0.000000	13:1.000000	14:0.000000	15:0.000000	16:0.000000	17:0.000000	18:1.000000	19:1.000000	20:1.000000	21:0.000000	
1 1:0.963757	2:-0.478709	3:-0.194648	4:0.000000	5:0.000000	6:1.000000	7:0.000000	8:0.000000	9:0.000000	10:0.000000	11:0.000000	12:0.000000	13:1.000000	14:0.000000	15:0.000000	16:0.000000	17:0.000000	18:1.000000	19:1.000000	20:1.000000	21:0.000000	
-1 1:-0.955252	2:-0.276897	3:-0.194648	4:1.000000	5:0.000000	6:0.000000	7:0.000000	8:1.000000	9:0.000000	10:0.000000	11:0.000000	12:0.000000	13:1.000000	14:0.000000	15:0.000000	16:0.000000	17:1.000000	18:0.000000	19:1.000000	20:0.000000	21:1.000000	
